{
"type": "FeatureCollection",
"name": "lago-sec1sec2-map-vitto-20250623-RevA_non_hatch",
"crs": { "type": "name", "properties": { "name": "urn:ogc:def:crs:EPSG::3857" } },
"features": [
{ "type": "Feature", "properties": { "Layer": "PLAT-BORDER-S2", "PaperSpace": null, "SubClasses": "AcDbEntity:AcDbLine", "Linetype": null, "EntityHandle": "164", "Text": null }, "geometry": { "type": "MultiLineString", "coordinates": [ [ [ -10859542.312042873352766, 3005750.967747490853071, 0.0 ], [ -10859549.894461845979095, 3005693.519837246276438, 0.0 ] ] ] } },
{ "type": "Feature", "properties": { "Layer": "PLAT-EASEMENT-S2", "PaperSpace": null, "SubClasses": "AcDbEntity:AcDbLine", "Linetype": "HIDDEN2", "EntityHandle": "166", "Text": null }, "geometry": { "type": "MultiLineString", "coordinates": [ [ [ -10859542.856088846921921, 3005733.889321458525956, 0.0 ], [ -10859548.21396174095571, 3005693.295612677931786, 0.0 ] ] ] } },
{ "type": "Feature", "properties": { "Layer": "PLAT-BORDER-S2", "PaperSpace": null, "SubClasses": "AcDbEntity:AcDbLine", "Linetype": null, "EntityHandle": "168", "Text": null }, "geometry": { "type": "MultiLineString", "coordinates": [ [ [ -10859549.894461845979095, 3005693.519837246276438, 0.0 ], [ -10859550.117730038240552, 3005691.828250595834106, 0.0 ] ] ] } },
{ "type": "Feature", "properties": { "Layer": "PLAT-BORDER-S2", "PaperSpace": null, "SubClasses": "AcDbEntity:AcDbCircle:AcDbArc", "Linetype": null, "EntityHandle": "16A", "Text": null }, "geometry": { "type": "MultiLineString", "coordinates": [ [ [ -10859554.706731595098972, 3005573.124767163302749, 0.0 ], [ -10859555.621736703440547, 3005612.76256707450375, 0.0 ], [ -10859554.090110970661044, 3005652.381234508007765, 0.0 ], [ -10859550.117730101570487, 3005691.828250120393932, 0.0 ] ] ] } },
{ "type": "Feature", "properties": { "Layer": "PLAT-EASEMENT-S2", "PaperSpace": null, "SubClasses": "AcDbEntity:AcDbCircle:AcDbArc", "Linetype": "HIDDEN2", "EntityHandle": "16B", "Text": null }, "geometry": { "type": "MultiLineString", "coordinates": [ [ [ -10859553.014005489647388, 3005573.217159055639058, 0.0 ], [ -10859553.926565300673246, 3005612.749234701506793, 0.0 ], [ -10859552.399020088836551, 3005652.262228321284056, 0.0 ], [ -10859548.437229961156845, 3005691.60402737185359, 0.0 ] ] ] } },
{ "type": "Feature", "properties": { "Layer": "PLAT-LOTLINE-S2", "PaperSpace": null, "SubClasses": "AcDbEntity:AcDbLine", "Linetype": null, "EntityHandle": "16C", "Text": null }, "geometry": { "type": "MultiLineString", "coordinates": [ [ [ -10859450.184550080448389, 3005523.865786937065423, 0.0 ], [ -10859453.143131891265512, 3005578.668025108519942, 0.0 ] ] ] } },
{ "type": "Feature", "properties": { "Layer": "PLAT-BORDER-S2", "PaperSpace": null, "SubClasses": "AcDbEntity:AcDbLine", "Linetype": null, "EntityHandle": "16D", "Text": null }, "geometry": { "type": "MultiLineString", "coordinates": [ [ [ -10859551.747758941724896, 3005518.32260965462774, 0.0 ], [ -10859554.70673156902194, 3005573.124766691122204, 0.0 ] ] ] } },
{ "type": "Feature", "properties": { "Layer": "PLAT-EASEMENT-S2", "PaperSpace": null, "SubClasses": "AcDbEntity:AcDbLine", "Linetype": "HIDDEN2", "EntityHandle": "16E", "Text": null }, "geometry": { "type": "MultiLineString", "coordinates": [ [ [ -10859550.055039482191205, 3005518.415002617053688, 0.0 ], [ -10859553.014005560427904, 3005573.217160360421985, 0.0 ] ] ] } },
{ "type": "Feature", "properties": { "Layer": "PLAT-BORDER-S2", "PaperSpace": null, "SubClasses": "AcDbEntity:AcDbCircle:AcDbArc", "Linetype": null, "EntityHandle": "16F", "Text": null }, "geometry": { "type": "MultiLineString", "coordinates": [ [ [ -10859551.747758937999606, 3005518.32260956754908, 0.0 ], [ -10859551.279164649546146, 3005500.397537337616086, 0.0 ], [ -10859551.807576574385166, 3005482.474169405642897, 0.0 ] ] ] } },
{ "type": "Feature", "properties": { "Layer": "PLAT-EASEMENT-S2", "PaperSpace": null, "SubClasses": "AcDbEntity:AcDbCircle:AcDbArc", "Linetype": "HIDDEN2", "EntityHandle": "170", "Text": null }, "geometry": { "type": "MultiLineString", "coordinates": [ [ [ -10859550.055039441213012, 3005518.415001885499805, 0.0 ], [ -10859549.583957184106112, 3005500.394719753414392, 0.0 ], [ -10859550.115174442529678, 3005482.376151079777628, 0.0 ] ] ] } },
{ "type": "Feature", "properties": { "Layer": "PLAT-BORDER-S2", "PaperSpace": null, "SubClasses": "AcDbEntity:AcDbLine", "Linetype": null, "EntityHandle": "171", "Text": null }, "geometry": { "type": "MultiLineString", "coordinates": [ [ [ -10859517.960420751944184, 3005480.513815125450492, 0.0 ], [ -10859500.837192628532648, 3005483.380173711106181, 0.0 ] ] ] } },
{ "type": "Feature", "properties": { "Layer": "PLAT-BORDER-S2", "PaperSpace": null, "SubClasses": "AcDbEntity:AcDbLine", "Linetype": null, "EntityHandle": "172", "Text": null }, "geometry": { "type": "MultiLineString", "coordinates": [ [ [ -10859551.808458892628551, 3005482.474220513366163, 0.0 ], [ -10859517.960420751944184, 3005480.513815125450492, 0.0 ] ] ] } },
{ "type": "Feature", "properties": { "Layer": "PLAT-EASEMENT-S2", "PaperSpace": null, "SubClasses": "AcDbEntity:AcDbLine", "Linetype": "HIDDEN2", "EntityHandle": "173", "Text": null }, "geometry": { "type": "MultiLineString", "coordinates": [ [ [ -10859551.613482980057597, 3005485.877437111921608, 0.0 ], [ -10859517.765436712652445, 3005483.917030783370137, 0.0 ] ] ] } },
{ "type": "Feature", "properties": { "Layer": "PLAT-BORDER-S2", "PaperSpace": null, "SubClasses": "AcDbEntity:AcDbLine", "Linetype": null, "EntityHandle": "174", "Text": null }, "geometry": { "type": "MultiLineString", "coordinates": [ [ [ -10859500.837192628532648, 3005483.380173711106181, 0.0 ], [ -10859450.571507235988975, 3005476.673090143594891, 0.0 ] ] ] } },
{ "type": "Feature", "properties": { "Layer": "PLAT-EASEMENT-S2", "PaperSpace": null, "SubClasses": "AcDbEntity:AcDbLine", "Linetype": "HIDDEN2", "EntityHandle": "175", "Text": null }, "geometry": { "type": "MultiLineString", "coordinates": [ [ [ -10859500.547197308391333, 3005487.639910938218236, 0.0 ], [ -10859450.536368370056152, 3005480.966832974459976, 0.0 ] ] ] } },
{ "type": "Feature", "properties": { "Layer": "PLAT-EASEMENT-S2", "PaperSpace": null, "SubClasses": "AcDbEntity:AcDbLine", "Linetype": "HIDDEN2", "EntityHandle": "176", "Text": null }, "geometry": { "type": "MultiLineString", "coordinates": [ [ [ -10859500.619229232892394, 3005486.789835806936026, 0.0 ], [ -10859450.543411020189524, 3005480.108086290769279, 0.0 ] ] ] } },
{ "type": "Feature", "properties": { "Layer": "PLAT-BORDER-S2", "PaperSpace": null, "SubClasses": "AcDbEntity:AcDbLine", "Linetype": null, "EntityHandle": "177", "Text": null }, "geometry": { "type": "MultiLineString", "coordinates": [ [ [ -10859502.183165745809674, 3005754.951617002487183, 0.0 ], [ -10859320.942430200055242, 3005795.690086814574897, 0.0 ] ] ] } },
{ "type": "Feature", "properties": { "Layer": "PLAT-LOTLINE-S2", "PaperSpace": null, "SubClasses": "AcDbEntity:AcDbLine", "Linetype": null, "EntityHandle": "179", "Text": null }, "geometry": { "type": "MultiLineString", "coordinates": [ [ [ -10859455.401476683095098, 3005732.053131355904043, 0.0 ], [ -10859453.143131891265512, 3005578.668025108519942, 0.0 ] ] ] } },
{ "type": "Feature", "properties": { "Layer": "PLAT-LOTLINE-S2", "PaperSpace": null, "SubClasses": "AcDbEntity:AcDbLine", "Linetype": null, "EntityHandle": "17A", "Text": null }, "geometry": { "type": "MultiLineString", "coordinates": [ [ [ -10859455.401476683095098, 3005732.053131355904043, 0.0 ], [ -10859462.477553613483906, 3005763.876675515435636, 0.0 ] ] ] } },
{ "type": "Feature", "properties": { "Layer": "PLAT-BORDER-S2", "PaperSpace": null, "SubClasses": "AcDbEntity:AcDbCircle:AcDbArc", "Linetype": null, "EntityHandle": "17B", "Text": null }, "geometry": { "type": "MultiLineString", "coordinates": [ [ [ -10859536.383186032995582, 3005751.230255480855703, 0.0 ], [ -10859537.359258344396949, 3005751.040877307765186, 0.0 ], [ -10859538.344692690297961, 3005750.909347609151155, 0.0 ], [ -10859539.336100580170751, 3005750.836118661798537, 0.0 ], [ -10859540.330072984099388, 3005750.821442268323153, 0.0 ], [ -10859541.323192056268454, 3005750.86536889243871, 0.0 ], [ -10859542.312042877078056, 3005750.967747490853071, 0.0 ] ] ] } },
{ "type": "Feature", "properties": { "Layer": "PLAT-BORDER-S2", "PaperSpace": null, "SubClasses": "AcDbEntity:AcDbLine", "Linetype": null, "EntityHandle": "17C", "Text": null }, "geometry": { "type": "MultiLineString", "coordinates": [ [ [ -10859536.383186029270291, 3005751.230255480855703, 0.0 ], [ -10859524.530295580625534, 3005753.894600338768214, 0.0 ] ] ] } },
{ "type": "Feature", "properties": { "Layer": "PLAT-BORDER-S2", "PaperSpace": null, "SubClasses": "AcDbEntity:AcDbLine", "Linetype": null, "EntityHandle": "17D", "Text": null }, "geometry": { "type": "MultiLineString", "coordinates": [ [ [ -10859524.530295580625534, 3005753.894600338768214, 0.0 ], [ -10859520.6767089497298, 3005760.000440919306129, 0.0 ] ] ] } },
{ "type": "Feature", "properties": { "Layer": "PLAT-BORDER-S2", "PaperSpace": null, "SubClasses": "AcDbEntity:AcDbLine", "Linetype": null, "EntityHandle": "17E", "Text": null }, "geometry": { "type": "MultiLineString", "coordinates": [ [ [ -10859520.6767089497298, 3005760.000440919306129, 0.0 ], [ -10859504.132708948105574, 3005763.719251545611769, 0.0 ] ] ] } },
{ "type": "Feature", "properties": { "Layer": "PLAT-BORDER-S2", "PaperSpace": null, "SubClasses": "AcDbEntity:AcDbLine", "Linetype": null, "EntityHandle": "17F", "Text": null }, "geometry": { "type": "MultiLineString", "coordinates": [ [ [ -10859504.132708948105574, 3005763.719251545611769, 0.0 ], [ -10859502.183165745809674, 3005754.951617002487183, 0.0 ] ] ] } },
{ "type": "Feature", "properties": { "Layer": "PLAT-LOTLINE-S2", "PaperSpace": null, "SubClasses": "AcDbEntity:AcDbLine", "Linetype": null, "EntityHandle": "180", "Text": null }, "geometry": { "type": "MultiLineString", "coordinates": [ [ [ -10859515.020687654614449, 3005671.098383649252355, 0.0 ], [ -10859552.108452815562487, 3005675.046574580483139, 0.0 ] ] ] } },
{ "type": "Feature", "properties": { "Layer": "PLAT-LOTLINE-S2", "PaperSpace": null, "SubClasses": "AcDbEntity:AcDbLine", "Linetype": null, "EntityHandle": "181", "Text": null }, "geometry": { "type": "MultiLineString", "coordinates": [ [ [ -10859517.050990188494325, 3005647.323560155462474, 0.0 ], [ -10859554.265253962948918, 3005649.789669962599874, 0.0 ] ] ] } },
{ "type": "Feature", "properties": { "Layer": "PLAT-LOTLINE-S2", "PaperSpace": null, "SubClasses": "AcDbEntity:AcDbLine", "Linetype": null, "EntityHandle": "182", "Text": null }, "geometry": { "type": "MultiLineString", "coordinates": [ [ [ -10859518.141842382028699, 3005623.486519898753613, 0.0 ], [ -10859555.424040822312236, 3005624.466675385367125, 0.0 ] ] ] } },
{ "type": "Feature", "properties": { "Layer": "PLAT-LOTLINE-S2", "PaperSpace": null, "SubClasses": "AcDbEntity:AcDbLine", "Linetype": null, "EntityHandle": "183", "Text": null }, "geometry": { "type": "MultiLineString", "coordinates": [ [ [ -10859514.92725071683526, 3005528.121781257446855, 0.0 ], [ -10859552.167104367166758, 3005526.089181168470532, 0.0 ] ] ] } },
{ "type": "Feature", "properties": { "Layer": "PLAT-LOTLINE-S2", "PaperSpace": null, "SubClasses": "AcDbEntity:AcDbCircle:AcDbArc", "Linetype": null, "EntityHandle": "184", "Text": null }, "geometry": { "type": "MultiLineString", "coordinates": [ [ [ -10859514.78153907880187, 3005733.388533869758248, 0.0 ], [ -10859513.216550836339593, 3005724.1585174635984, 0.0 ], [ -10859512.26884575933218, 3005714.843956195283681, 0.0 ], [ -10859511.942663872614503, 3005705.486535398755223, 0.0 ], [ -10859512.239463685080409, 3005696.128132050391287, 0.0 ], [ -10859513.157915709540248, 3005686.81062736408785, 0.0 ] ] ] } },
{ "type": "Feature", "properties": { "Layer": "PLAT-EASEMENT-S2", "PaperSpace": null, "SubClasses": "AcDbEntity:AcDbCircle:AcDbArc", "Linetype": "HIDDEN2", "EntityHandle": "185", "Text": null }, "geometry": { "type": "MultiLineString", "coordinates": [ [ [ -10859519.349182263016701, 3005730.244123600888997, 0.0 ], [ -10859518.034872438758612, 3005721.756563398055732, 0.0 ], [ -10859517.260682336986065, 3005713.2020946694538, 0.0 ], [ -10859517.029752315953374, 3005704.615427988581359, 0.0 ], [ -10859517.343018401414156, 3005696.031404444947839, 0.0 ], [ -10859518.199208505451679, 3005687.484854274895042, 0.0 ] ] ] } },
{ "type": "Feature", "properties": { "Layer": "PLAT-EASEMENT-S2", "PaperSpace": null, "SubClasses": "AcDbEntity:AcDbCircle:AcDbArc", "Linetype": "HIDDEN2", "EntityHandle": "186", "Text": null }, "geometry": { "type": "MultiLineString", "coordinates": [ [ [ -10859522.422391103580594, 3005728.190406273119152, 0.0 ], [ -10859521.264235083013773, 3005720.191075110808015, 0.0 ], [ -10859520.59733753092587, 3005712.135295897722244, 0.0 ], [ -10859520.424219997599721, 3005704.05353790614754, 0.0 ], [ -10859520.745536416769028, 3005695.976368580944836, 0.0 ], [ -10859521.56007063575089, 3005687.93433788837865, 0.0 ] ] ] } },
{ "type": "Feature", "properties": { "Layer": "PLAT-LOTLINE-S2", "PaperSpace": null, "SubClasses": "AcDbEntity:AcDbCircle:AcDbArc", "Linetype": null, "EntityHandle": "18B", "Text": null }, "geometry": { "type": "MultiLineString", "coordinates": [ [ [ -10859514.64571394585073, 3005522.907262225169688, 0.0 ], [ -10859514.496301651000977, 3005517.021136313211173, 0.0 ], [ -10859514.684061910957098, 3005511.136123246978968, 0.0 ], [ -10859515.208371885120869, 3005505.271731642540544, 0.0 ], [ -10859516.06749309040606, 3005499.447401684708893, 0.0 ] ] ] } },
{ "type": "Feature", "properties": { "Layer": "PLAT-DIM-EASEMENT-S2", "PaperSpace": null, "SubClasses": "AcDbEntity:AcDbCircle:AcDbArc", "Linetype": "HIDDEN2", "EntityHandle": "18C", "Text": null }, "geometry": { "type": "MultiLineString", "coordinates": [ [ [ -10859520.923527173697948, 3005501.219725110568106, 0.0 ], [ -10859521.07453565299511, 3005500.342835084535182, 0.0 ] ] ] } },
{ "type": "Feature", "properties": { "Layer": "PLAT-DIM-EASEMENT-S2", "PaperSpace": null, "SubClasses": "AcDbEntity:AcDbCircle:AcDbArc", "Linetype": "HIDDEN2", "EntityHandle": "18D", "Text": null }, "geometry": { "type": "MultiLineString", "coordinates": [ [ [ -10859520.376573791727424, 3005504.917848778422922, 0.0 ], [ -10859520.57660517282784, 3005503.448306508362293, 0.0 ] ] ] } },
{ "type": "Feature", "properties": { "Layer": "PLAT-DIM-EASEMENT-S2", "PaperSpace": null, "SubClasses": "AcDbEntity:AcDbCircle:AcDbArc", "Linetype": "HIDDEN2", "EntityHandle": "18E", "Text": null }, "geometry": { "type": "MultiLineString", "coordinates": [ [ [ -10859524.20792718231678, 3005502.141855289693922, 0.0 ], [ -10859524.412564380094409, 3005500.939789718948305, 0.0 ] ] ] } },
{ "type": "Feature", "properties": { "Layer": "PLAT-DIM-EASEMENT-S2", "PaperSpace": null, "SubClasses": "AcDbEntity:AcDbCircle:AcDbArc", "Linetype": "HIDDEN2", "EntityHandle": "18F", "Text": null }, "geometry": { "type": "MultiLineString", "coordinates": [ [ [ -10859523.73909343034029, 3005505.354276936501265, 0.0 ], [ -10859523.870509799569845, 3005504.37166706752032, 0.0 ] ] ] } },
{ "type": "Feature", "properties": { "Layer": "PLAT-EASEMENT-S2", "PaperSpace": null, "SubClasses": "AcDbEntity:AcDbCircle:AcDbArc", "Linetype": "HIDDEN2", "EntityHandle": "191", "Text": null }, "geometry": { "type": "MultiLineString", "coordinates": [ [ [ -10859519.723451027646661, 3005522.62225649645552, 0.0 ], [ -10859519.58352081105113, 3005516.711100263055414, 0.0 ], [ -10859519.801497684791684, 3005510.80233550677076, 0.0 ], [ -10859520.376573791727424, 3005504.917848778422922, 0.0 ] ] ] } },
{ "type": "Feature", "properties": { "Layer": "PLAT-EASEMENT-S2", "PaperSpace": null, "SubClasses": "AcDbEntity:AcDbCircle:AcDbArc", "Linetype": "HIDDEN2", "EntityHandle": "192", "Text": null }, "geometry": { "type": "MultiLineString", "coordinates": [ [ [ -10859523.108891332522035, 3005522.437477669678628, 0.0 ], [ -10859522.973869578912854, 3005516.733730492647737, 0.0 ], [ -10859523.184196775779128, 3005511.032290715258569, 0.0 ], [ -10859523.73909343034029, 3005505.354276936501265, 0.0 ] ] ] } },
{ "type": "Feature", "properties": { "Layer": "PLAT-LOTLINE-S2", "PaperSpace": null, "SubClasses": "AcDbEntity:AcDbCircle:AcDbArc", "Linetype": null, "EntityHandle": "193", "Text": null }, "geometry": { "type": "MultiLineString", "coordinates": [ [ [ -10859517.768951453268528, 3005484.18483221065253, 0.0 ], [ -10859517.162731090560555, 3005491.843669698573649, 0.0 ], [ -10859516.067493146285415, 3005499.447401366662234, 0.0 ] ] ] } },
{ "type": "Feature", "properties": { "Layer": "PLAT-EASEMENT-S2", "PaperSpace": null, "SubClasses": "AcDbEntity:AcDbCircle:AcDbArc", "Linetype": "HIDDEN2", "EntityHandle": "194", "Text": null }, "geometry": { "type": "MultiLineString", "coordinates": [ [ [ -10859522.848908046260476, 3005484.426154231186956, 0.0 ], [ -10859522.216709656640887, 3005492.413228068966419, 0.0 ], [ -10859521.074535708874464, 3005500.3428347655572, 0.0 ] ] ] } },
{ "type": "Feature", "properties": { "Layer": "PLAT-EASEMENT-S2", "PaperSpace": null, "SubClasses": "AcDbEntity:AcDbCircle:AcDbArc", "Linetype": "HIDDEN2", "EntityHandle": "195", "Text": null }, "geometry": { "type": "MultiLineString", "coordinates": [ [ [ -10859526.195314148440957, 3005485.38965465221554, 0.0 ], [ -10859525.540889214724302, 3005493.192181407939643, 0.0 ], [ -10859524.412564437836409, 3005500.939789402298629, 0.0 ] ] ] } },
{ "type": "Feature", "properties": { "Layer": "PLAT-LOTLINE-S2", "PaperSpace": null, "SubClasses": "AcDbEntity:AcDbCircle:AcDbArc", "Linetype": null, "EntityHandle": "196", "Text": null }, "geometry": { "type": "MultiLineString", "coordinates": [ [ [ -10859517.477406125515699, 3005575.355275209993124, 0.0 ], [ -10859518.32701600342989, 3005612.589803865645081, 0.0 ], [ -10859516.883132085204124, 3005649.805923048406839, 0.0 ], [ -10859513.151271671056747, 3005686.860957589931786, 0.0 ] ] ] } },
{ "type": "Feature", "properties": { "Layer": "PLAT-EASEMENT-S2", "PaperSpace": null, "SubClasses": "AcDbEntity:AcDbCircle:AcDbArc", "Linetype": "HIDDEN2", "EntityHandle": "197", "Text": null }, "geometry": { "type": "MultiLineString", "coordinates": [ [ [ -10859522.555676404386759, 3005575.079794350080192, 0.0 ], [ -10859523.412521982565522, 3005612.630838458891958, 0.0 ], [ -10859521.95637765340507, 3005650.16331827128306, 0.0 ], [ -10859518.192807402461767, 3005687.53334578499198, 0.0 ] ] ] } },
{ "type": "Feature", "properties": { "Layer": "PLAT-EASEMENT-S2", "PaperSpace": null, "SubClasses": "AcDbEntity:AcDbCircle:AcDbArc", "Linetype": "HIDDEN2", "EntityHandle": "198", "Text": null }, "geometry": { "type": "MultiLineString", "coordinates": [ [ [ -10859525.941189810633659, 3005574.896139420103282, 0.0 ], [ -10859526.802859319373965, 3005612.658193822018802, 0.0 ], [ -10859525.338541507720947, 3005650.40158073650673, 0.0 ], [ -10859521.553831491619349, 3005687.981603590771556, 0.0 ] ] ] } },
{ "type": "Feature", "properties": { "Layer": "PLAT-LOTLINE-S2", "PaperSpace": null, "SubClasses": "AcDbEntity:AcDbLine", "Linetype": null, "EntityHandle": "1A5", "Text": null }, "geometry": { "type": "MultiLineString", "coordinates": [ [ [ -10859551.324131410568953, 3005506.347749681212008, 0.0 ], [ -10859515.332794716581702, 3005504.263205079827458, 0.0 ] ] ] } },
{ "type": "Feature", "properties": { "Layer": "PLAT-EASEMENT-S2", "PaperSpace": null, "SubClasses": "AcDbEntity:AcDbCircle:AcDbArc", "Linetype": "HIDDEN2", "EntityHandle": "1A7", "Text": null }, "geometry": { "type": "MultiLineString", "coordinates": [ [ [ -10859522.84890803694725, 3005484.426154412329197, 0.0 ], [ -10859523.037616960704327, 3005480.808036447502673, 0.0 ] ] ] } },
{ "type": "Feature", "properties": { "Layer": "PLAT-EASEMENT-S2", "PaperSpace": null, "SubClasses": "AcDbEntity:AcDbCircle:AcDbArc", "Linetype": "HIDDEN2", "EntityHandle": "1A8", "Text": null }, "geometry": { "type": "MultiLineString", "coordinates": [ [ [ -10859526.274388452991843, 3005483.78040197910741, 0.0 ], [ -10859526.422414535656571, 3005481.004183399025351, 0.0 ] ] ] } },
{ "type": "Feature", "properties": { "Layer": "PLAT-TEXT-S2", "PaperSpace": null, "SubClasses": "AcDbEntity:AcDbText:AcDbText", "Linetype": null, "EntityHandle": "1A9", "Text": "11" }, "geometry": { "type": "MultiPoint", "coordinates": [ [ -10859539.430651184171438, 3005609.311683818232268, 0.0 ] ] } },
{ "type": "Feature", "properties": { "Layer": "PLAT-TEXT-S2", "PaperSpace": null, "SubClasses": "AcDbEntity:AcDbText:AcDbText", "Linetype": null, "EntityHandle": "1AB", "Text": "13" }, "geometry": { "type": "MultiPoint", "coordinates": [ [ -10859536.915181782096624, 3005658.816894381307065, 0.0 ] ] } },
{ "type": "Feature", "properties": { "Layer": "PLAT-TEXT-S2", "PaperSpace": null, "SubClasses": "AcDbEntity:AcDbText:AcDbText", "Linetype": null, "EntityHandle": "1AC", "Text": "14" }, "geometry": { "type": "MultiPoint", "coordinates": [ [ -10859533.84569201245904, 3005681.397190779913217, 0.0 ] ] } },
{ "type": "Feature", "properties": { "Layer": "PLAT-LOTLINE-S2", "PaperSpace": null, "SubClasses": "AcDbEntity:AcDbLine", "Linetype": null, "EntityHandle": "1AD", "Text": null }, "geometry": { "type": "MultiLineString", "coordinates": [ [ [ -10859512.331671047955751, 3005694.807064201217145, 0.0 ], [ -10859549.077437713742256, 3005699.710001213010401, 0.0 ] ] ] } },
{ "type": "Feature", "properties": { "Layer": "PLAT-TEXT-S2", "PaperSpace": null, "SubClasses": "AcDbEntity:AcDbText:AcDbText", "Linetype": null, "EntityHandle": "1AE", "Text": "7" }, "geometry": { "type": "MultiPoint", "coordinates": [ [ -10859535.047033928334713, 3005514.912849745247513, 0.0 ] ] } },
{ "type": "Feature", "properties": { "Layer": "PLAT-TEXT-S2", "PaperSpace": null, "SubClasses": "AcDbEntity:AcDbText:AcDbText", "Linetype": null, "EntityHandle": "1AF", "Text": "8" }, "geometry": { "type": "MultiPoint", "coordinates": [ [ -10859535.548496294766665, 3005536.772459523752332, 0.0 ] ] } },
{ "type": "Feature", "properties": { "Layer": "PLAT-TEXT-S2", "PaperSpace": null, "SubClasses": "AcDbEntity:AcDbText:AcDbText", "Linetype": null, "EntityHandle": "1B0", "Text": "9" }, "geometry": { "type": "MultiPoint", "coordinates": [ [ -10859536.843074159696698, 3005561.518621982540935, 0.0 ] ] } },
{ "type": "Feature", "properties": { "Layer": "PLAT-TEXT-S2", "PaperSpace": null, "SubClasses": "AcDbEntity:AcDbText:AcDbText", "Linetype": null, "EntityHandle": "1B1", "Text": "10" }, "geometry": { "type": "MultiPoint", "coordinates": [ [ -10859538.085998715832829, 3005584.465792854316533, 0.0 ] ] } },
{ "type": "Feature", "properties": { "Layer": "PLAT-TEXT-S2", "PaperSpace": null, "SubClasses": "AcDbEntity:AcDbText:AcDbText", "Linetype": null, "EntityHandle": "1B2", "Text": "12" }, "geometry": { "type": "MultiPoint", "coordinates": [ [ -10859537.974976271390915, 3005635.236250509973615, 0.0 ] ] } },
{ "type": "Feature", "properties": { "Layer": "PLAT-TEXT-S2", "PaperSpace": null, "SubClasses": "AcDbEntity:AcDbText:AcDbText", "Linetype": null, "EntityHandle": "1B3", "Text": "15" }, "geometry": { "type": "MultiPoint", "coordinates": [ [ -10859529.897677702829242, 3005712.325957999099046, 0.0 ] ] } },
{ "type": "Feature", "properties": { "Layer": "PLAT-DIM-S2", "PaperSpace": null, "SubClasses": "AcDbEntity:AcDbText:AcDbText", "Linetype": null, "EntityHandle": "1B4", "Text": "N87°34'43\"W" }, "geometry": { "type": "MultiPoint", "coordinates": [ [ -10859528.213570589199662, 3005503.87970869615674, 0.0 ] ] } },
{ "type": "Feature", "properties": { "Layer": "PLAT-LOTLINE-S2", "PaperSpace": null, "SubClasses": "AcDbEntity:AcDbLine", "Linetype": null, "EntityHandle": "1B6", "Text": null }, "geometry": { "type": "MultiLineString", "coordinates": [ [ [ -10859514.645290412008762, 3005522.899423261173069, 0.0 ], [ -10859517.477406125515699, 3005575.355275212787092, 0.0 ] ] ] } },
{ "type": "Feature", "properties": { "Layer": "PLAT-EASEMENT-S2", "PaperSpace": null, "SubClasses": "AcDbEntity:AcDbLine", "Linetype": "HIDDEN2", "EntityHandle": "1B7", "Text": null }, "geometry": { "type": "MultiLineString", "coordinates": [ [ [ -10859519.723451033234596, 3005522.622256551403552, 0.0 ], [ -10859522.544931521639228, 3005574.880172405857593, 0.0 ] ] ] } },
{ "type": "Feature", "properties": { "Layer": "PLAT-EASEMENT-S2", "PaperSpace": null, "SubClasses": "AcDbEntity:AcDbLine", "Linetype": "HIDDEN2", "EntityHandle": "1B8", "Text": null }, "geometry": { "type": "MultiLineString", "coordinates": [ [ [ -10859523.10889133438468, 3005522.437477726489305, 0.0 ], [ -10859525.930384313687682, 3005574.695392216555774, 0.0 ] ] ] } },
{ "type": "Feature", "properties": { "Layer": "PLAT-LOTLINE-S2", "PaperSpace": null, "SubClasses": "AcDbEntity:AcDbLine", "Linetype": null, "EntityHandle": "1B9", "Text": null }, "geometry": { "type": "MultiLineString", "coordinates": [ [ [ -10859554.706731572747231, 3005573.124766691122204, 0.0 ], [ -10859517.466721760109067, 3005575.1573820207268, 0.0 ] ] ] } },
{ "type": "Feature", "properties": { "Layer": "PLAT-LOTLINE-S2", "PaperSpace": null, "SubClasses": "AcDbEntity:AcDbLine", "Linetype": null, "EntityHandle": "1BA", "Text": null }, "geometry": { "type": "MultiLineString", "coordinates": [ [ [ -10859553.4385976344347, 3005549.638102278113365, 0.0 ], [ -10859516.198682080954313, 3005551.670709108002484, 0.0 ] ] ] } },
{ "type": "Feature", "properties": { "Layer": "PLAT-DIM-S2", "PaperSpace": null, "SubClasses": "AcDbEntity:AcDbText:AcDbText", "Linetype": null, "EntityHandle": "1BB", "Text": "N86°01'02\"E" }, "geometry": { "type": "MultiPoint", "coordinates": [ [ -10859527.190821826457977, 3005526.583770603407174, 0.0 ] ] } },
{ "type": "Feature", "properties": { "Layer": "PLAT-DIM-S2", "PaperSpace": null, "SubClasses": "AcDbEntity:AcDbText:AcDbText", "Linetype": null, "EntityHandle": "1BC", "Text": "N86°01'02\"E" }, "geometry": { "type": "MultiPoint", "coordinates": [ [ -10859529.744391767308116, 3005549.95703390147537, 0.0 ] ] } },
{ "type": "Feature", "properties": { "Layer": "PLAT-DIM-S2", "PaperSpace": null, "SubClasses": "AcDbEntity:AcDbText:AcDbText", "Linetype": null, "EntityHandle": "1BD", "Text": "N86°01'02\"E" }, "geometry": { "type": "MultiPoint", "coordinates": [ [ -10859524.501150632277131, 3005573.606116253416985, 0.0 ] ] } },
{ "type": "Feature", "properties": { "Layer": "PLAT-DIM-S2", "PaperSpace": null, "SubClasses": "AcDbEntity:AcDbText:AcDbText", "Linetype": null, "EntityHandle": "1BE", "Text": "N88°20'58\"E" }, "geometry": { "type": "MultiPoint", "coordinates": [ [ -10859530.433515358716249, 3005598.40345476847142, 0.0 ] ] } },
{ "type": "Feature", "properties": { "Layer": "PLAT-DIM-S2", "PaperSpace": null, "SubClasses": "AcDbEntity:AcDbText:AcDbText", "Linetype": null, "EntityHandle": "1BF", "Text": "N89°22'39\"W" }, "geometry": { "type": "MultiPoint", "coordinates": [ [ -10859531.548254180699587, 3005623.028973822016269, 0.0 ] ] } },
{ "type": "Feature", "properties": { "Layer": "PLAT-DIM-S2", "PaperSpace": null, "SubClasses": "AcDbEntity:AcDbText:AcDbText", "Linetype": null, "EntityHandle": "1C0", "Text": "N87°06'17\"W" }, "geometry": { "type": "MultiPoint", "coordinates": [ [ -10859527.985228478908539, 3005646.880596835166216, 0.0 ] ] } },
{ "type": "Feature", "properties": { "Layer": "PLAT-DIM-S2", "PaperSpace": null, "SubClasses": "AcDbEntity:AcDbText:AcDbText", "Linetype": null, "EntityHandle": "1C1", "Text": "N84°49'54\"W" }, "geometry": { "type": "MultiPoint", "coordinates": [ [ -10859529.453497659415007, 3005670.31814600341022, 0.0 ] ] } },
{ "type": "Feature", "properties": { "Layer": "PLAT-LOTLINE-S2", "PaperSpace": null, "SubClasses": "AcDbEntity:AcDbCircle:AcDbArc", "Linetype": null, "EntityHandle": "1C2", "Text": null }, "geometry": { "type": "MultiLineString", "coordinates": [ [ [ -10859532.684472868219018, 3005734.59629447106272, 0.0 ], [ -10859534.636615267023444, 3005734.217539015691727, 0.0 ], [ -10859536.607481643557549, 3005733.954480248503387, 0.0 ], [ -10859538.590295052155852, 3005733.8080227044411, 0.0 ], [ -10859540.578237464651465, 3005733.77866998501122, 0.0 ], [ -10859542.56447321549058, 3005733.866523020900786, 0.0 ], [ -10859544.542172510176897, 3005734.071279730182141, 0.0 ] ] ] } },
{ "type": "Feature", "properties": { "Layer": "PLAT-EASEMENT-S2", "PaperSpace": null, "SubClasses": "AcDbEntity:AcDbCircle:AcDbArc", "Linetype": "HIDDEN2", "EntityHandle": "1C3", "Text": null }, "geometry": { "type": "MultiLineString", "coordinates": [ [ [ -10859531.574860617518425, 3005729.606109759304672, 0.0 ], [ -10859533.819823607802391, 3005729.170541291125119, 0.0 ], [ -10859536.086319142952561, 3005728.868023922666907, 0.0 ], [ -10859538.366553742438555, 3005728.6995978676714, 0.0 ], [ -10859540.652686689049006, 3005728.665842266287655, 0.0 ], [ -10859542.936856979504228, 3005728.766873186919838, 0.0 ], [ -10859545.211210360750556, 3005729.002343231346458, 0.0 ] ] ] } },
{ "type": "Feature", "properties": { "Layer": "PLAT-EASEMENT-S2", "PaperSpace": null, "SubClasses": "AcDbEntity:AcDbCircle:AcDbArc", "Linetype": "HIDDEN2", "EntityHandle": "1C4", "Text": null }, "geometry": { "type": "MultiLineString", "coordinates": [ [ [ -10859530.835119552910328, 3005726.279320867732167, 0.0 ], [ -10859533.275296159088612, 3005725.805877107195556, 0.0 ], [ -10859535.738877683877945, 3005725.477054033894092, 0.0 ], [ -10859538.217392960563302, 3005725.293982325587422, 0.0 ], [ -10859540.702319476753473, 3005725.257291472982615, 0.0 ], [ -10859543.185112673789263, 3005725.367107638157904, 0.0 ], [ -10859545.657235328108072, 3005725.623053214512765, 0.0 ] ] ] } },
{ "type": "Feature", "properties": { "Layer": "PLAT-LOTLINE-S2", "PaperSpace": null, "SubClasses": "AcDbEntity:AcDbLine", "Linetype": null, "EntityHandle": "1C5", "Text": null }, "geometry": { "type": "MultiLineString", "coordinates": [ [ [ -10859532.684472862631083, 3005734.59629447478801, 0.0 ], [ -10859520.831595674157143, 3005737.260633090045303, 0.0 ] ] ] } },
{ "type": "Feature", "properties": { "Layer": "PLAT-EASEMENT-S2", "PaperSpace": null, "SubClasses": "AcDbEntity:AcDbLine", "Linetype": "HIDDEN2", "EntityHandle": "1C6", "Text": null }, "geometry": { "type": "MultiLineString", "coordinates": [ [ [ -10859531.574860610067844, 3005729.606109761167318, 0.0 ], [ -10859521.784224087372422, 3005731.806889359839261, 0.0 ] ] ] } },
{ "type": "Feature", "properties": { "Layer": "PLAT-EASEMENT-S2", "PaperSpace": null, "SubClasses": "AcDbEntity:AcDbLine", "Linetype": "HIDDEN2", "EntityHandle": "1C7", "Text": null }, "geometry": { "type": "MultiLineString", "coordinates": [ [ [ -10859530.835119543597102, 3005726.279320874251425, 0.0 ], [ -10859522.418996969237924, 3005728.171131538692862, 0.0 ] ] ] } },
{ "type": "Feature", "properties": { "Layer": "PLAT-LOTLINE-S2", "PaperSpace": null, "SubClasses": "AcDbEntity:AcDbLine", "Linetype": null, "EntityHandle": "1C8", "Text": null }, "geometry": { "type": "MultiLineString", "coordinates": [ [ [ -10859514.779947049915791, 3005733.380728848278522, 0.0 ], [ -10859520.831595674157143, 3005737.260633090045303, 0.0 ] ] ] } },
{ "type": "Feature", "properties": { "Layer": "PLAT-EASEMENT-S2", "PaperSpace": null, "SubClasses": "AcDbEntity:AcDbLine", "Linetype": "HIDDEN2", "EntityHandle": "1C9", "Text": null }, "geometry": { "type": "MultiLineString", "coordinates": [ [ [ -10859519.349519751966, 3005730.245923717040569, 0.0 ], [ -10859521.784224085509777, 3005731.806889359839261, 0.0 ] ] ] } },
{ "type": "Feature", "properties": { "Layer": "PLAT-DIM-S2", "PaperSpace": null, "SubClasses": "AcDbEntity:AcDbMText", "Linetype": null, "EntityHandle": "1CA", "Text": "109.33'" }, "geometry": { "type": "MultiPoint", "coordinates": [ [ -10859537.94632476195693, 3005696.867321934551001, 0.0 ] ] } },
{ "type": "Feature", "properties": { "Layer": "PLAT-DIM-S2", "PaperSpace": null, "SubClasses": "AcDbEntity:AcDbText:AcDbText", "Linetype": null, "EntityHandle": "1CB", "Text": "N83°18'58\"W" }, "geometry": { "type": "MultiPoint", "coordinates": [ [ -10859522.035907793790102, 3005695.361040538642555, 0.0 ] ] } },
{ "type": "Feature", "properties": { "Layer": "PLAT-DIM-S2", "PaperSpace": null, "SubClasses": "AcDbEntity:AcDbMText", "Linetype": null, "EntityHandle": "1CC", "Text": "L=113.75'" }, "geometry": { "type": "MultiPoint", "coordinates": [ [ -10859513.853574339300394, 3005714.968160906806588, 0.0 ] ] } },
{ "type": "Feature", "properties": { "Layer": "PLAT-DIM-S2", "PaperSpace": null, "SubClasses": "AcDbEntity:AcDbMText", "Linetype": null, "EntityHandle": "1CD", "Text": "L=76.30'" }, "geometry": { "type": "MultiPoint", "coordinates": [ [ -10859552.327798318117857, 3005586.558807043358684, 0.0 ] ] } },
{ "type": "Feature", "properties": { "Layer": "PLAT-DIM-S2", "PaperSpace": null, "SubClasses": "AcDbEntity:AcDbMText", "Linetype": null, "EntityHandle": "1CE", "Text": "L=74.37'" }, "geometry": { "type": "MultiPoint", "coordinates": [ [ -10859552.219354035332799, 3005637.733215493150055, 0.0 ] ] } },
{ "type": "Feature", "properties": { "Layer": "PLAT-DIM-S2", "PaperSpace": null, "SubClasses": "AcDbEntity:AcDbMText", "Linetype": null, "EntityHandle": "1CF", "Text": "L=74.37'" }, "geometry": { "type": "MultiPoint", "coordinates": [ [ -10859550.609737070277333, 3005662.962724075186998, 0.0 ] ] } },
{ "type": "Feature", "properties": { "Layer": "PLAT-DIM-S2", "PaperSpace": null, "SubClasses": "AcDbEntity:AcDbMText", "Linetype": null, "EntityHandle": "1D0", "Text": "L=49.57'" }, "geometry": { "type": "MultiPoint", "coordinates": [ [ -10859548.297648655250669, 3005685.516034691594541, 0.0 ] ] } },
{ "type": "Feature", "properties": { "Layer": "PLAT-DIM-S2", "PaperSpace": null, "SubClasses": "AcDbEntity:AcDbMText", "Linetype": null, "EntityHandle": "1D1", "Text": "L=54.78'" }, "geometry": { "type": "MultiPoint", "coordinates": [ [ -10859516.183583362028003, 3005513.459142789244652, 0.0 ] ] } },
{ "type": "Feature", "properties": { "Layer": "PLAT-CL-S2", "PaperSpace": null, "SubClasses": "AcDbEntity:AcDbCircle:AcDbArc", "Linetype": "CENTER2", "EntityHandle": "1D2", "Text": null }, "geometry": { "type": "MultiLineString", "coordinates": [ [ [ -10859507.024210499599576, 3005737.662308079190552, 0.0 ], [ -10859505.382167529314756, 3005729.105483463965356, 0.0 ], [ -10859504.242223273962736, 3005720.466546878684312, 0.0 ], [ -10859503.608303397893906, 3005711.775255651213229, 0.0 ], [ -10859503.482590528205037, 3005703.061547345481813, 0.0 ], [ -10859503.865516746416688, 3005694.355436622165143, 0.0 ], [ -10859504.755762115120888, 3005685.686911873519421, 0.0 ] ] ] } },
{ "type": "Feature", "properties": { "Layer": "PLAT-CL-S2", "PaperSpace": null, "SubClasses": "AcDbEntity:AcDbCircle:AcDbArc", "Linetype": "CENTER2", "EntityHandle": "1D4", "Text": null }, "geometry": { "type": "MultiLineString", "coordinates": [ [ [ -10859506.181688928976655, 3005523.361363619565964, 0.0 ], [ -10859506.020309222862124, 3005516.986840736120939, 0.0 ], [ -10859506.223956344649196, 3005510.613544208463281, 0.0 ], [ -10859506.791955167427659, 3005504.262587199453264, 0.0 ], [ -10859507.722423560917377, 3005497.955008821561933, 0.0 ] ] ] } },
{ "type": "Feature", "properties": { "Layer": "PLAT-CL-S2", "PaperSpace": null, "SubClasses": "AcDbEntity:AcDbLine", "Linetype": "CENTER2", "EntityHandle": "1D5", "Text": null }, "geometry": { "type": "MultiLineString", "coordinates": [ [ [ -10859507.024210512638092, 3005737.662308139260858, 0.0 ], [ -10859512.404710037633777, 3005761.859848559368402, 0.0 ] ] ] } },
{ "type": "Feature", "properties": { "Layer": "PLAT-TEXT-S2", "PaperSpace": null, "SubClasses": "AcDbEntity:AcDbText:AcDbText", "Linetype": null, "EntityHandle": "1D6", "Text": "L GIUSEPPE VERDI" }, "geometry": { "type": "MultiPoint", "coordinates": [ [ -10859513.449391841888428, 3005593.210603781975806, 0.0 ] ] } },
{ "type": "Feature", "properties": { "Layer": "PLAT-CL-S2", "PaperSpace": null, "SubClasses": "AcDbEntity:AcDbLine", "Linetype": "CENTER2", "EntityHandle": "1DA", "Text": null }, "geometry": { "type": "MultiLineString", "coordinates": [ [ [ -10859506.1816889308393, 3005523.361363685224205, 0.0 ], [ -10859509.003118988126516, 3005575.619276084005833, 0.0 ] ] ] } },
{ "type": "Feature", "properties": { "Layer": "PLAT-CL-S2", "PaperSpace": null, "SubClasses": "AcDbEntity:AcDbCircle:AcDbArc", "Linetype": "CENTER2", "EntityHandle": "1DB", "Text": null }, "geometry": { "type": "MultiLineString", "coordinates": [ [ [ -10859509.003119010478258, 3005575.619276489596814, 0.0 ], [ -10859509.852109951898456, 3005612.40252091595903, 0.0 ], [ -10859508.430667169392109, 3005649.167995932511985, 0.0 ], [ -10859504.744245052337646, 3005685.774166185874492, 0.0 ] ] ] } },
{ "type": "Feature", "properties": { "Layer": "PLAT-DIM-S2", "PaperSpace": null, "SubClasses": "AcDbEntity:AcDbMText", "Linetype": null, "EntityHandle": "1DC", "Text": "R=325.00'" }, "geometry": { "type": "MultiPoint", "coordinates": [ [ -10859507.780652308836579, 3005511.740690962877125, 0.0 ] ] } },
{ "type": "Feature", "properties": { "Layer": "PLAT-DIM-S2", "PaperSpace": null, "SubClasses": "AcDbEntity:AcDbMText", "Linetype": null, "EntityHandle": "1DD", "Text": "L=74.83'" }, "geometry": { "type": "MultiPoint", "coordinates": [ [ -10859504.7604521792382, 3005511.69527932535857, 0.0 ] ] } },
{ "type": "Feature", "properties": { "Layer": "PLAT-DIM-S2", "PaperSpace": null, "SubClasses": "AcDbEntity:AcDbMText", "Linetype": null, "EntityHandle": "1DE", "Text": "N03Â°58'58\"W" }, "geometry": { "type": "MultiPoint", "coordinates": [ [ -10859509.039806572720408, 3005542.74468239210546, 0.0 ] ] } },
{ "type": "Feature", "properties": { "Layer": "PLAT-CL-S2", "PaperSpace": null, "SubClasses": "AcDbEntity:AcDbCircle:AcDbArc", "Linetype": "CENTER2", "EntityHandle": "1DF", "Text": null }, "geometry": { "type": "MultiLineString", "coordinates": [ [ [ -10859534.533828359097242, 3005742.913272679783404, 0.0 ], [ -10859535.997935993596911, 3005742.629205749370158, 0.0 ], [ -10859537.476086644455791, 3005742.431911437772214, 0.0 ], [ -10859538.963197588920593, 3005742.322068150155246, 0.0 ], [ -10859540.45415529794991, 3005742.300053584389389, 0.0 ], [ -10859541.943833006545901, 3005742.36594343977049, 0.0 ], [ -10859543.427108358591795, 3005742.519511154852808, 0.0 ] ] ] } },
{ "type": "Feature", "properties": { "Layer": "PLAT-CL-S2", "PaperSpace": null, "SubClasses": "AcDbEntity:AcDbLine", "Linetype": "CENTER2", "EntityHandle": "1E0", "Text": null }, "geometry": { "type": "MultiLineString", "coordinates": [ [ [ -10859534.533828355371952, 3005742.913272679783404, 0.0 ], [ -10859509.445759167894721, 3005748.552663296461105, 0.0 ] ] ] } },
{ "type": "Feature", "properties": { "Layer": "PLAT-DIM-S2", "PaperSpace": null, "SubClasses": "AcDbEntity:AcDbMText", "Linetype": null, "EntityHandle": "1E1", "Text": "R=1,739.58'" }, "geometry": { "type": "MultiPoint", "coordinates": [ [ -10859508.10928232036531, 3005618.67413321044296, 0.0 ] ] } },
{ "type": "Feature", "properties": { "Layer": "PLAT-DIM-S2", "PaperSpace": null, "SubClasses": "AcDbEntity:AcDbMText", "Linetype": null, "EntityHandle": "1E2", "Text": "L=323.85'" }, "geometry": { "type": "MultiPoint", "coordinates": [ [ -10859507.702398059889674, 3005638.357295475900173, 0.0 ] ] } },
{ "type": "Feature", "properties": { "Layer": "PLAT-DIM-S2", "PaperSpace": null, "SubClasses": "AcDbEntity:AcDbMText", "Linetype": null, "EntityHandle": "1E3", "Text": "L=153.41'" }, "geometry": { "type": "MultiPoint", "coordinates": [ [ -10859502.162194827571511, 3005712.303981917910278, 0.0 ] ] } },
{ "type": "Feature", "properties": { "Layer": "PLAT-DIM-S2", "PaperSpace": null, "SubClasses": "AcDbEntity:AcDbMText", "Linetype": null, "EntityHandle": "1E4", "Text": "R=435.58'" }, "geometry": { "type": "MultiPoint", "coordinates": [ [ -10859505.648096380755305, 3005712.611070431768894, 0.0 ] ] } },
{ "type": "Feature", "properties": { "Layer": "PLAT-DIM-S2", "PaperSpace": null, "SubClasses": "AcDbEntity:AcDbMText", "Linetype": null, "EntityHandle": "1E5", "Text": "32.74'" }, "geometry": { "type": "MultiPoint", "coordinates": [ [ -10859509.952956857159734, 3005743.388050698675215, 0.0 ] ] } },
{ "type": "Feature", "properties": { "Layer": "PLAT-DIM-S2", "PaperSpace": null, "SubClasses": "AcDbEntity:AcDbMText", "Linetype": null, "EntityHandle": "1E6", "Text": "S76Â°31'20\"W\n75.82'" }, "geometry": { "type": "MultiPoint", "coordinates": [ [ -10859522.958571717143059, 3005742.235293058678508, 0.0 ] ] } },
{ "type": "Feature", "properties": { "Layer": "PLAT-TEXT-S2", "PaperSpace": null, "SubClasses": "AcDbEntity:AcDbText:AcDbText", "Linetype": null, "EntityHandle": "1E7", "Text": "L GIACOMO PUCCINI" }, "geometry": { "type": "MultiPoint", "coordinates": [ [ -10859539.146516043692827, 3005746.797298057936132, 0.0 ] ] } },
{ "type": "Feature", "properties": { "Layer": "PLAT-DIM-S2", "PaperSpace": null, "SubClasses": "AcDbEntity:AcDbMText", "Linetype": null, "EntityHandle": "1E8", "Text": "40.00'" }, "geometry": { "type": "MultiPoint", "coordinates": [ [ -10859513.115909762680531, 3005758.428887743968517, 0.0 ] ] } },
{ "type": "Feature", "properties": { "Layer": "PLAT-DIM-S2", "PaperSpace": null, "SubClasses": "AcDbEntity:AcDbMText", "Linetype": null, "EntityHandle": "1E9", "Text": "N13Â°28'40\"W" }, "geometry": { "type": "MultiPoint", "coordinates": [ [ -10859506.486310509964824, 3005744.159968788269907, 0.0 ] ] } },
{ "type": "Feature", "properties": { "Layer": "PLAT-LOTLINE-S2", "PaperSpace": null, "SubClasses": "AcDbEntity:AcDbCircle:AcDbArc", "Linetype": null, "EntityHandle": "1ED", "Text": null }, "geometry": { "type": "MultiLineString", "coordinates": [ [ [ -10859498.764429841190577, 3005739.576556811109185, 0.0 ], [ -10859497.023426912724972, 3005730.519992901477963, 0.0 ], [ -10859495.81439446657896, 3005721.376268723513931, 0.0 ], [ -10859495.141504507511854, 3005712.176944429054856, 0.0 ], [ -10859495.007078491151333, 3005702.953771972097456, 0.0 ], [ -10859495.41157934255898, 3005693.738585485611111, 0.0 ], [ -10859496.353609861806035, 3005684.563191422726959, 0.0 ] ] ] } },
{ "type": "Feature", "properties": { "Layer": "PLAT-DIM-EASEMENT-S2", "PaperSpace": null, "SubClasses": "AcDbEntity:AcDbCircle:AcDbArc", "Linetype": "HIDDEN2", "EntityHandle": "1EE", "Text": null }, "geometry": { "type": "MultiLineString", "coordinates": [ [ [ -10859489.257832294330001, 3005686.709483584389091, 0.0 ], [ -10859489.631889022886753, 3005683.664211486000568, 0.0 ] ] ] } },
{ "type": "Feature", "properties": { "Layer": "PLAT-DIM-EASEMENT-S2", "PaperSpace": null, "SubClasses": "AcDbEntity:AcDbCircle:AcDbArc", "Linetype": "HIDDEN2", "EntityHandle": "1EF", "Text": null }, "geometry": { "type": "MultiLineString", "coordinates": [ [ [ -10859485.889188021421432, 3005686.323358842171729, 0.0 ], [ -10859486.2710289247334, 3005683.214720327872783, 0.0 ] ] ] } },
{ "type": "Feature", "properties": { "Layer": "PLAT-EASEMENT-S2", "PaperSpace": null, "SubClasses": "AcDbEntity:AcDbCircle:AcDbArc", "Linetype": "HIDDEN2", "EntityHandle": "1F1", "Text": null }, "geometry": { "type": "MultiLineString", "coordinates": [ [ [ -10859492.147368215024471, 3005741.066452656872571, 0.0 ], [ -10859490.126111140474677, 3005730.321336281485856, 0.0 ], [ -10859488.822333896532655, 3005719.464586602058262, 0.0 ], [ -10859488.241844160482287, 3005708.544579068664461, 0.0 ], [ -10859488.387226784601808, 3005697.609970759600401, 0.0 ], [ -10859489.257832294330001, 3005686.709483584389091, 0.0 ] ] ] } },
{ "type": "Feature", "properties": { "Layer": "PLAT-EASEMENT-S2", "PaperSpace": null, "SubClasses": "AcDbEntity:AcDbCircle:AcDbArc", "Linetype": "HIDDEN2", "EntityHandle": "1F2", "Text": null }, "geometry": { "type": "MultiLineString", "coordinates": [ [ [ -10859488.838836878538132, 3005741.811399464961141, 0.0 ], [ -10859486.775523595511913, 3005730.842695682775229, 0.0 ], [ -10859485.44461970590055, 3005719.760036059655249, 0.0 ], [ -10859484.852053694427013, 3005708.612802646122873, 0.0 ], [ -10859485.000464143231511, 3005697.450664997566491, 0.0 ], [ -10859485.889188021421432, 3005686.323358842171729, 0.0 ] ] ] } },
{ "type": "Feature", "properties": { "Layer": "PLAT-LOTLINE-S2", "PaperSpace": null, "SubClasses": "AcDbEntity:AcDbCircle:AcDbArc", "Linetype": null, "EntityHandle": "1F3", "Text": null }, "geometry": { "type": "MultiLineString", "coordinates": [ [ [ -10859497.718581013381481, 3005523.832444454543293, 0.0 ], [ -10859497.544274898245931, 3005516.965297137387097, 0.0 ], [ -10859497.763336759060621, 3005510.099449094384909, 0.0 ], [ -10859498.375039840117097, 3005503.257660354487598, 0.0 ], [ -10859499.377355797216296, 3005496.462611127644777, 0.0 ] ] ] } },
{ "type": "Feature", "properties": { "Layer": "PLAT-EASEMENT-S2", "PaperSpace": null, "SubClasses": "AcDbEntity:AcDbCircle:AcDbArc", "Linetype": "HIDDEN2", "EntityHandle": "1F4", "Text": null }, "geometry": { "type": "MultiLineString", "coordinates": [ [ [ -10859490.947727220132947, 3005524.202511623501778, 0.0 ], [ -10859490.763464236631989, 3005516.942955711856484, 0.0 ], [ -10859490.995047396048903, 3005509.68477371474728, 0.0 ], [ -10859491.641708366572857, 3005502.45202624052763, 0.0 ], [ -10859492.701302858069539, 3005495.268689500167966, 0.0 ] ] ] } },
{ "type": "Feature", "properties": { "Layer": "PLAT-EASEMENT-S2", "PaperSpace": null, "SubClasses": "AcDbEntity:AcDbCircle:AcDbArc", "Linetype": "HIDDEN2", "EntityHandle": "1F5", "Text": null }, "geometry": { "type": "MultiLineString", "coordinates": [ [ [ -10859487.562300190329552, 3005524.387543980032206, 0.0 ], [ -10859487.373058913275599, 3005516.931783761829138, 0.0 ], [ -10859487.610902862623334, 3005509.477434800472111, 0.0 ], [ -10859488.275042917579412, 3005502.049207985401154, 0.0 ], [ -10859489.363276809453964, 3005494.671727529261261, 0.0 ] ] ] } },
{ "type": "Feature", "properties": { "Layer": "PLAT-LOTLINE-S2", "PaperSpace": null, "SubClasses": "AcDbEntity:AcDbCircle:AcDbArc", "Linetype": null, "EntityHandle": "1F9", "Text": null }, "geometry": { "type": "MultiLineString", "coordinates": [ [ [ -10859500.837192628532648, 3005483.380173707846552, 0.0 ], [ -10859500.31615830771625, 3005489.944953864905983, 0.0 ], [ -10859499.377355854958296, 3005496.462610809132457, 0.0 ] ] ] } },
{ "type": "Feature", "properties": { "Layer": "PLAT-EASEMENT-S2", "PaperSpace": null, "SubClasses": "AcDbEntity:AcDbCircle:AcDbArc", "Linetype": "HIDDEN2", "EntityHandle": "1FA", "Text": null }, "geometry": { "type": "MultiLineString", "coordinates": [ [ [ -10859494.089562207460403, 3005482.479830255266279, 0.0 ], [ -10859493.609163716435432, 3005488.898083146195859, 0.0 ], [ -10859492.701174551621079, 3005495.269414998590946, 0.0 ] ] ] } },
{ "type": "Feature", "properties": { "Layer": "PLAT-EASEMENT-S2", "PaperSpace": null, "SubClasses": "AcDbEntity:AcDbCircle:AcDbArc", "Linetype": "HIDDEN2", "EntityHandle": "1FB", "Text": null }, "geometry": { "type": "MultiLineString", "coordinates": [ [ [ -10859490.714314030483365, 3005482.02946534845978, 0.0 ], [ -10859490.255315994843841, 3005488.374542203266174, 0.0 ], [ -10859489.363084321841598, 3005494.672815933823586, 0.0 ] ] ] } },
{ "type": "Feature", "properties": { "Layer": "PLAT-CL-S2", "PaperSpace": null, "SubClasses": "AcDbEntity:AcDbCircle:AcDbArc", "Linetype": "CENTER2", "EntityHandle": "1FC", "Text": null }, "geometry": { "type": "MultiLineString", "coordinates": [ [ [ -10859509.373324207961559, 3005481.951262776739895, 0.0 ], [ -10859509.0804145000875, 3005487.310573020018637, 0.0 ], [ -10859508.529683513566852, 3005492.649331923574209, 0.0 ], [ -10859507.722423618659377, 3005497.955008503515273, 0.0 ] ] ] } },
{ "type": "Feature", "properties": { "Layer": "PLAT-LOTLINE-S2", "PaperSpace": null, "SubClasses": "AcDbEntity:AcDbCircle:AcDbArc", "Linetype": null, "EntityHandle": "1FD", "Text": null }, "geometry": { "type": "MultiLineString", "coordinates": [ [ [ -10859500.549837099388242, 3005576.273531457409263, 0.0 ], [ -10859501.375239923596382, 3005612.464229915291071, 0.0 ], [ -10859499.970754725858569, 3005648.636981030460447, 0.0 ], [ -10859496.341752089560032, 3005684.653023643884808, 0.0 ] ] ] } },
{ "type": "Feature", "properties": { "Layer": "PLAT-EASEMENT-S2", "PaperSpace": null, "SubClasses": "AcDbEntity:AcDbCircle:AcDbArc", "Linetype": "HIDDEN2", "EntityHandle": "1FE", "Text": null }, "geometry": { "type": "MultiLineString", "coordinates": [ [ [ -10859493.778808875009418, 3005576.640828228089958, 0.0 ], [ -10859494.594566503539681, 3005612.409375130198896, 0.0 ], [ -10859493.206447036936879, 3005648.160181909333915, 0.0 ], [ -10859489.619758678600192, 3005683.756106034852564, 0.0 ] ] ] } },
{ "type": "Feature", "properties": { "Layer": "PLAT-EASEMENT-S2", "PaperSpace": null, "SubClasses": "AcDbEntity:AcDbCircle:AcDbArc", "Linetype": "HIDDEN2", "EntityHandle": "1FF", "Text": null }, "geometry": { "type": "MultiLineString", "coordinates": [ [ [ -10859490.3932946305722, 3005576.824475390836596, 0.0 ], [ -10859491.204229813069105, 3005612.381946502719074, 0.0 ], [ -10859489.824293363839388, 3005647.921781124547124, 0.0 ], [ -10859486.258762296289206, 3005683.3076460394077, 0.0 ] ] ] } },
{ "type": "Feature", "properties": { "Layer": "PLAT-TEXT-S2", "PaperSpace": null, "SubClasses": "AcDbEntity:AcDbText:AcDbText", "Linetype": null, "EntityHandle": "209", "Text": "8" }, "geometry": { "type": "MultiPoint", "coordinates": [ [ -10859471.94645631313324, 3005499.373966690618545, 0.0 ] ] } },
{ "type": "Feature", "properties": { "Layer": "PLAT-TEXT-S2", "PaperSpace": null, "SubClasses": "AcDbEntity:AcDbText:AcDbText", "Linetype": null, "EntityHandle": "20A", "Text": "9" }, "geometry": { "type": "MultiPoint", "coordinates": [ [ -10859473.219051184132695, 3005532.177393925376236, 0.0 ] ] } },
{ "type": "Feature", "properties": { "Layer": "PLAT-TEXT-S2", "PaperSpace": null, "SubClasses": "AcDbEntity:AcDbText:AcDbText", "Linetype": null, "EntityHandle": "20B", "Text": "11" }, "geometry": { "type": "MultiPoint", "coordinates": [ [ -10859475.099147491157055, 3005599.234982343856245, 0.0 ] ] } },
{ "type": "Feature", "properties": { "Layer": "PLAT-TEXT-S2", "PaperSpace": null, "SubClasses": "AcDbEntity:AcDbText:AcDbText", "Linetype": null, "EntityHandle": "20C", "Text": "12" }, "geometry": { "type": "MultiPoint", "coordinates": [ [ -10859475.726467277854681, 3005633.136745443567634, 0.0 ] ] } },
{ "type": "Feature", "properties": { "Layer": "PLAT-TEXT-S2", "PaperSpace": null, "SubClasses": "AcDbEntity:AcDbText:AcDbText", "Linetype": null, "EntityHandle": "20D", "Text": "14" }, "geometry": { "type": "MultiPoint", "coordinates": [ [ -10859474.810170527547598, 3005703.367420898284763, 0.0 ] ] } },
{ "type": "Feature", "properties": { "Layer": "PLAT-TEXT-S2", "PaperSpace": null, "SubClasses": "AcDbEntity:AcDbText:AcDbText", "Linetype": null, "EntityHandle": "20E", "Text": "13" }, "geometry": { "type": "MultiPoint", "coordinates": [ [ -10859475.085690312087536, 3005668.259639981668442, 0.0 ] ] } },
{ "type": "Feature", "properties": { "Layer": "PLAT-LOTLINE-S2", "PaperSpace": null, "SubClasses": "AcDbEntity:AcDbLine", "Linetype": null, "EntityHandle": "20F", "Text": null }, "geometry": { "type": "MultiLineString", "coordinates": [ [ [ -10859497.543653709813952, 3005517.294562930706888, 0.0 ], [ -10859450.221411094069481, 3005519.371146395336837, 0.0 ] ] ] } },
{ "type": "Feature", "properties": { "Layer": "PLAT-LOTLINE-S2", "PaperSpace": null, "SubClasses": "AcDbEntity:AcDbLine", "Linetype": null, "EntityHandle": "210", "Text": null }, "geometry": { "type": "MultiLineString", "coordinates": [ [ [ -10859499.203820465132594, 3005551.342372015118599, 0.0 ], [ -10859451.807563437148929, 3005553.929124416317791, 0.0 ] ] ] } },
{ "type": "Feature", "properties": { "Layer": "PLAT-LOTLINE-S2", "PaperSpace": null, "SubClasses": "AcDbEntity:AcDbLine", "Linetype": null, "EntityHandle": "211", "Text": null }, "geometry": { "type": "MultiLineString", "coordinates": [ [ [ -10859500.967871567234397, 3005585.38498112000525, 0.0 ], [ -10859453.26907922513783, 3005587.222319082356989, 0.0 ] ] ] } },
{ "type": "Feature", "properties": { "Layer": "PLAT-LOTLINE-S2", "PaperSpace": null, "SubClasses": "AcDbEntity:AcDbLine", "Linetype": null, "EntityHandle": "212", "Text": null }, "geometry": { "type": "MultiLineString", "coordinates": [ [ [ -10859495.995121404528618, 3005687.481730543542653, 0.0 ], [ -10859454.754271704703569, 3005688.09562055580318, 0.0 ] ] ] } },
{ "type": "Feature", "properties": { "Layer": "PLAT-LOTLINE-S2", "PaperSpace": null, "SubClasses": "AcDbEntity:AcDbLine", "Linetype": null, "EntityHandle": "213", "Text": null }, "geometry": { "type": "MultiLineString", "coordinates": [ [ [ -10859499.609820129349828, 3005653.520113283302635, 0.0 ], [ -10859454.255143558606505, 3005654.195244675967842, 0.0 ] ] ] } },
{ "type": "Feature", "properties": { "Layer": "PLAT-LOTLINE-S2", "PaperSpace": null, "SubClasses": "AcDbEntity:AcDbLine", "Linetype": null, "EntityHandle": "214", "Text": null }, "geometry": { "type": "MultiLineString", "coordinates": [ [ [ -10859501.277359988540411, 3005619.472424228675663, 0.0 ], [ -10859453.75432294420898, 3005620.179834963753819, 0.0 ] ] ] } },
{ "type": "Feature", "properties": { "Layer": "PLAT-LOTLINE-S2", "PaperSpace": null, "SubClasses": "AcDbEntity:AcDbLine", "Linetype": null, "EntityHandle": "215", "Text": null }, "geometry": { "type": "MultiLineString", "coordinates": [ [ [ -10859455.30851711705327, 3005725.739419766236097, 0.0 ], [ -10859495.827500278130174, 3005721.503502927254885, 0.0 ] ] ] } },
{ "type": "Feature", "properties": { "Layer": "PLAT-LOTLINE-S2", "PaperSpace": null, "SubClasses": "AcDbEntity:AcDbLine", "Linetype": null, "EntityHandle": "216", "Text": null }, "geometry": { "type": "MultiLineString", "coordinates": [ [ [ -10859498.752275573089719, 3005739.521941733546555, 0.0 ], [ -10859502.183165745809674, 3005754.951617002487183, 0.0 ] ] ] } },
{ "type": "Feature", "properties": { "Layer": "PLAT-EASEMENT-S2", "PaperSpace": null, "SubClasses": "AcDbEntity:AcDbLine", "Linetype": "HIDDEN2", "EntityHandle": "217", "Text": null }, "geometry": { "type": "MultiLineString", "coordinates": [ [ [ -10859492.134683901444077, 3005741.009455700404942, 0.0 ], [ -10859495.565567208454013, 3005756.439134204760194, 0.0 ] ] ] } },
{ "type": "Feature", "properties": { "Layer": "PLAT-EASEMENT-S2", "PaperSpace": null, "SubClasses": "AcDbEntity:AcDbLine", "Linetype": "HIDDEN2", "EntityHandle": "218", "Text": null }, "geometry": { "type": "MultiLineString", "coordinates": [ [ [ -10859488.825887544080615, 3005741.753211565781385, 0.0 ], [ -10859492.256767416372895, 3005757.182891686446965, 0.0 ] ] ] } },
{ "type": "Feature", "properties": { "Layer": "PLAT-DIM-S2", "PaperSpace": null, "SubClasses": "AcDbEntity:AcDbMText", "Linetype": "Continuous", "EntityHandle": "219", "Text": "46.38'" }, "geometry": { "type": "MultiPoint", "coordinates": [ [ -10859498.600509164854884, 3005748.013046636246145, 0.0 ] ] } },
{ "type": "Feature", "properties": { "Layer": "PLAT-DIM-S2", "PaperSpace": null, "SubClasses": "AcDbEntity:AcDbText:AcDbText", "Linetype": null, "EntityHandle": "21A", "Text": "S86°37'31\"W" }, "geometry": { "type": "MultiPoint", "coordinates": [ [ -10859459.333857154473662, 3005517.843365234788507, 0.0 ] ] } },
{ "type": "Feature", "properties": { "Layer": "PLAT-LOTLINE-S2", "PaperSpace": null, "SubClasses": "AcDbEntity:AcDbLine", "Linetype": null, "EntityHandle": "21B", "Text": null }, "geometry": { "type": "MultiLineString", "coordinates": [ [ [ -10859497.718086902052164, 3005523.823298996780068, 0.0 ], [ -10859500.549837099388242, 3005576.273531458806247, 0.0 ] ] ] } },
{ "type": "Feature", "properties": { "Layer": "PLAT-EASEMENT-S2", "PaperSpace": null, "SubClasses": "AcDbEntity:AcDbLine", "Linetype": "HIDDEN2", "EntityHandle": "21C", "Text": null }, "geometry": { "type": "MultiLineString", "coordinates": [ [ [ -10859490.947204878553748, 3005524.19284356944263, 0.0 ], [ -10859493.768578737974167, 3005576.450762087944895, 0.0 ] ] ] } },
{ "type": "Feature", "properties": { "Layer": "PLAT-EASEMENT-S2", "PaperSpace": null, "SubClasses": "AcDbEntity:AcDbLine", "Linetype": "HIDDEN2", "EntityHandle": "21D", "Text": null }, "geometry": { "type": "MultiLineString", "coordinates": [ [ [ -10859487.561763733625412, 3005524.377614628057927, 0.0 ], [ -10859490.383125104010105, 3005576.635534503497183, 0.0 ] ] ] } },
{ "type": "Feature", "properties": { "Layer": "PLAT-DIM-S2", "PaperSpace": null, "SubClasses": "AcDbEntity:AcDbText:AcDbText", "Linetype": null, "EntityHandle": "21E", "Text": "S86°01'02\"W" }, "geometry": { "type": "MultiPoint", "coordinates": [ [ -10859462.112498588860035, 3005552.03592431684956, 0.0 ] ] } },
{ "type": "Feature", "properties": { "Layer": "PLAT-DIM-S2", "PaperSpace": null, "SubClasses": "AcDbEntity:AcDbText:AcDbText", "Linetype": null, "EntityHandle": "21F", "Text": "S86°55'49\"W" }, "geometry": { "type": "MultiPoint", "coordinates": [ [ -10859462.686887059360743, 3005585.84223067946732, 0.0 ] ] } },
{ "type": "Feature", "properties": { "Layer": "PLAT-DIM-S2", "PaperSpace": null, "SubClasses": "AcDbEntity:AcDbText:AcDbText", "Linetype": null, "EntityHandle": "220", "Text": "S88°16'34\"W" }, "geometry": { "type": "MultiPoint", "coordinates": [ [ -10859467.036357447504997, 3005619.039025932084769, 0.0 ] ] } },
{ "type": "Feature", "properties": { "Layer": "PLAT-DIM-S2", "PaperSpace": null, "SubClasses": "AcDbEntity:AcDbText:AcDbText", "Linetype": null, "EntityHandle": "221", "Text": "S88°16'34\"W" }, "geometry": { "type": "MultiPoint", "coordinates": [ [ -10859465.228855513036251, 3005653.301750150509179, 0.0 ] ] } },
{ "type": "Feature", "properties": { "Layer": "PLAT-DIM-S2", "PaperSpace": null, "SubClasses": "AcDbEntity:AcDbText:AcDbText", "Linetype": null, "EntityHandle": "222", "Text": "S88°16'34\"W" }, "geometry": { "type": "MultiPoint", "coordinates": [ [ -10859463.601515620946884, 3005687.023871921468526, 0.0 ] ] } },
{ "type": "Feature", "properties": { "Layer": "PLAT-DIM-S2", "PaperSpace": null, "SubClasses": "AcDbEntity:AcDbText:AcDbText", "Linetype": null, "EntityHandle": "223", "Text": "S83°11'18\"W" }, "geometry": { "type": "MultiPoint", "coordinates": [ [ -10859464.457077214494348, 3005723.765311680268496, 0.0 ] ] } },
{ "type": "Feature", "properties": { "Layer": "PLAT-EASEMENT-S2", "PaperSpace": null, "SubClasses": "AcDbEntity:AcDbLine", "Linetype": "HIDDEN2", "EntityHandle": "224", "Text": null }, "geometry": { "type": "MultiLineString", "coordinates": [ [ [ -10859499.260919976979494, 3005657.786898313555866, 0.0 ], [ -10859454.31787477247417, 3005658.455901865381747, 0.0 ] ] ] } },
{ "type": "Feature", "properties": { "Layer": "PLAT-EASEMENT-S2", "PaperSpace": null, "SubClasses": "AcDbEntity:AcDbLine", "Linetype": "HIDDEN2", "EntityHandle": "225", "Text": null }, "geometry": { "type": "MultiLineString", "coordinates": [ [ [ -10859499.804132120683789, 3005650.960266594775021, 0.0 ], [ -10859454.217504849657416, 3005651.638850972056389, 0.0 ] ] ] } },
{ "type": "Feature", "properties": { "Layer": "PLAT-EASEMENT-S2", "PaperSpace": null, "SubClasses": "AcDbEntity:AcDbLine", "Linetype": "HIDDEN2", "EntityHandle": "226", "Text": null }, "geometry": { "type": "MultiLineString", "coordinates": [ [ [ -10859501.62836411036551, 3005752.456519671250135, 0.0 ], [ -10859461.922758638858795, 3005761.38157504517585, 0.0 ] ] ] } },
{ "type": "Feature", "properties": { "Layer": "PLAT-DIM-EASEMENT-S2", "PaperSpace": null, "SubClasses": "AcDbEntity:AcDbMText", "Linetype": null, "EntityHandle": "227", "Text": "7.5 FT. DRAINAGE \nEASEMENT" }, "geometry": { "type": "MultiPoint", "coordinates": [ [ -10859466.237340716645122, 3005646.078807117417455, 0.0 ] ] } },
{ "type": "Feature", "properties": { "Layer": "PLAT-DIM-S2", "PaperSpace": null, "SubClasses": "AcDbEntity:AcDbMText", "Linetype": null, "EntityHandle": "228", "Text": "N03Â°58'58\"W  161.00'" }, "geometry": { "type": "MultiPoint", "coordinates": [ [ -10859558.1378681845963, 3005523.576917362399399, 0.0 ] ] } },
{ "type": "Feature", "properties": { "Layer": "PLAT-DIM-S2", "PaperSpace": null, "SubClasses": "AcDbEntity:AcDbMText", "Linetype": null, "EntityHandle": "229", "Text": "R=940.93'\nL=105.22'\n(CH:N00°46'45\"W\n105.16')" }, "geometry": { "type": "MultiPoint", "coordinates": [ [ -10859572.523507965728641, 3005484.156436369754374, 0.0 ] ] } },
{ "type": "Feature", "properties": { "Layer": "PLAT-DIM-S2", "PaperSpace": null, "SubClasses": "AcDbEntity:AcDbMText", "Linetype": null, "EntityHandle": "22A", "Text": "R=1,874.58'\nL=348.98'\n(CH:N01°21'02\"E 348.48')" }, "geometry": { "type": "MultiPoint", "coordinates": [ [ -10859571.471960745751858, 3005609.207502988632768, 0.0 ] ] } },
{ "type": "Feature", "properties": { "Layer": "PLAT-DIM-S2", "PaperSpace": null, "SubClasses": "AcDbEntity:AcDbMText", "Linetype": "Continuous", "EntityHandle": "22B", "Text": "N87Â°34'43\"W   100.00'" }, "geometry": { "type": "MultiPoint", "coordinates": [ [ -10859536.168296011164784, 3005470.879578290507197, 0.0 ] ] } },
{ "type": "Feature", "properties": { "Layer": "PLAT-DIM-S2", "PaperSpace": null, "SubClasses": "AcDbEntity:AcDbMText", "Linetype": "Continuous", "EntityHandle": "22C", "Text": "N83Â°18'58\"W   405.44'" }, "geometry": { "type": "MultiPoint", "coordinates": [ [ -10859449.282127119600773, 3005466.287719506770372, 30.085 ] ] } },
{ "type": "Feature", "properties": { "Layer": "PLAT-DIM-S2", "PaperSpace": null, "SubClasses": "AcDbEntity:AcDbMText", "Linetype": null, "EntityHandle": "22D", "Text": "N03Â°58'58\"W     161.00'" }, "geometry": { "type": "MultiPoint", "coordinates": [ [ -10859448.996744811534882, 3005554.319941962137818, 0.0 ] ] } },
{ "type": "Feature", "properties": { "Layer": "PLAT-DIM-S2", "PaperSpace": null, "SubClasses": "AcDbEntity:AcDbMText", "Linetype": null, "EntityHandle": "22E", "Text": "N01Â°43'26\"W     450.00'" }, "geometry": { "type": "MultiPoint", "coordinates": [ [ -10859451.910869060084224, 3005652.222810426261276, 0.0 ] ] } },
{ "type": "Feature", "properties": { "Layer": "PLAT-EASEMENT-S2", "PaperSpace": null, "SubClasses": "AcDbEntity:AcDbLine", "Linetype": "HIDDEN2", "EntityHandle": "22F", "Text": null }, "geometry": { "type": "MultiLineString", "coordinates": [ [ [ -10859503.477703660726547, 3005760.773512392304838, 0.0 ], [ -10859463.772075979039073, 3005769.698578221723437, 0.0 ] ] ] } },
{ "type": "Feature", "properties": { "Layer": "PLAT-EASEMENT-S2", "PaperSpace": null, "SubClasses": "AcDbEntity:AcDbLine", "Linetype": "HIDDEN2", "EntityHandle": "231", "Text": null }, "geometry": { "type": "MultiLineString", "coordinates": [ [ [ -10859541.419989531859756, 3005757.726340099237859, 0.0 ], [ -10859542.312042878940701, 3005750.967747490853071, 0.0 ] ] ] } },
{ "type": "Feature", "properties": { "Layer": "PLAT-DIM-S2", "PaperSpace": null, "SubClasses": "AcDbEntity:AcDbMText", "Linetype": null, "EntityHandle": "234", "Text": "S00°24'12\"E 138.45'" }, "geometry": { "type": "MultiPoint", "coordinates": [ [ -10859449.567504404112697, 3005492.120520659256727, 0.0 ] ] } },
{ "type": "Feature", "properties": { "Layer": "PLAT-DIM-EASEMENT-S2", "PaperSpace": null, "SubClasses": "AcDbEntity:AcDbMText", "Linetype": null, "EntityHandle": "235", "Text": "12.5 FT. DRAINAGE \nEASEMENT" }, "geometry": { "type": "MultiPoint", "coordinates": [ [ -10859485.996184855699539, 3005769.917044754140079, 0.0 ] ] } },
{ "type": "Feature", "properties": { "Layer": "PLAT-EASEMENT-S2", "PaperSpace": null, "SubClasses": "AcDbEntity:AcDbLine", "Linetype": "HIDDEN2", "EntityHandle": "236", "Text": null }, "geometry": { "type": "MultiLineString", "coordinates": [ [ [ -10859537.862673738971353, 3005757.883845040109009, 0.0 ], [ -10859521.04657912813127, 3005761.663839471992105, 0.0 ] ] ] } },
{ "type": "Feature", "properties": { "Layer": "PLAT-EASEMENT-S2", "PaperSpace": null, "SubClasses": "AcDbEntity:AcDbCircle:AcDbArc", "Linetype": "HIDDEN2", "EntityHandle": "237", "Text": null }, "geometry": { "type": "MultiLineString", "coordinates": [ [ [ -10859537.862673740833998, 3005757.883845040109009, 0.0 ], [ -10859538.44831739552319, 3005757.770218031480908, 0.0 ], [ -10859539.039578281342983, 3005757.691300138831139, 0.0 ], [ -10859539.634423298761249, 3005757.647362728137523, 0.0 ], [ -10859540.230807028710842, 3005757.638556882273406, 0.0 ], [ -10859540.826678758487105, 3005757.664912880863994, 0.0 ], [ -10859541.419989533722401, 3005757.726340099237859, 0.0 ] ] ] } },
{ "type": "Feature", "properties": { "Layer": "PLAT-EASEMENT-S2", "PaperSpace": null, "SubClasses": "AcDbEntity:AcDbLine", "Linetype": "HIDDEN2", "EntityHandle": "238", "Text": null }, "geometry": { "type": "MultiLineString", "coordinates": [ [ [ -10859520.676708951592445, 3005760.000440921168774, 0.0 ], [ -10859521.04657912813127, 3005761.663839471992105, 0.0 ] ] ] } },
{ "type": "Feature", "properties": { "Layer": "PLAT-DIM-EASEMENT-S2", "PaperSpace": null, "SubClasses": "AcDbEntity:AcDbMText", "Linetype": null, "EntityHandle": "239", "Text": "20 FT. ERHWSC \nNONFENCE\nEASEMENT" }, "geometry": { "type": "MultiPoint", "coordinates": [ [ -10859527.214820088818669, 3005771.851111732888967, 0.0 ] ] } },
{ "type": "Feature", "properties": { "Layer": "PLAT-DIM-S2", "PaperSpace": null, "SubClasses": "AcDbEntity:AcDbMText", "Linetype": null, "EntityHandle": "23A", "Text": "R=75.00'\nL=26.39'" }, "geometry": { "type": "MultiPoint", "coordinates": [ [ -10859538.48360669054091, 3005741.092360014095902, 0.0 ] ] } },
{ "type": "Feature", "properties": { "Layer": "PLAT-DIM-S2", "PaperSpace": null, "SubClasses": "AcDbEntity:AcDbMText", "Linetype": null, "EntityHandle": "23B", "Text": "35.82'" }, "geometry": { "type": "MultiPoint", "coordinates": [ [ -10859527.622126944363117, 3005733.723925006110221, 0.0 ] ] } },
{ "type": "Feature", "properties": { "Layer": "PLAT-DIM-S2", "PaperSpace": null, "SubClasses": "AcDbEntity:AcDbMText", "Linetype": null, "EntityHandle": "23C", "Text": "R=100.00'\nL=35.19'" }, "geometry": { "type": "MultiPoint", "coordinates": [ [ -10859538.500106232240796, 3005733.259759984910488, 0.0 ] ] } },
{ "type": "Feature", "properties": { "Layer": "PLAT-DIM-S2", "PaperSpace": null, "SubClasses": "AcDbEntity:AcDbMText", "Linetype": null, "EntityHandle": "23D", "Text": "L=23.59'" }, "geometry": { "type": "MultiPoint", "coordinates": [ [ -10859514.77372482791543, 3005690.764101271051913, 0.0 ] ] } },
{ "type": "Feature", "properties": { "Layer": "PLAT-DIM-S2", "PaperSpace": null, "SubClasses": "AcDbEntity:AcDbMText", "Linetype": null, "EntityHandle": "23E", "Text": "L=70.00'" }, "geometry": { "type": "MultiPoint", "coordinates": [ [ -10859519.002687534317374, 3005659.446800731122494, 0.0 ] ] } },
{ "type": "Feature", "properties": { "Layer": "PLAT-LOTLINE-S2", "PaperSpace": null, "SubClasses": "AcDbEntity:AcDbLine", "Linetype": null, "EntityHandle": "23F", "Text": null }, "geometry": { "type": "MultiLineString", "coordinates": [ [ [ -10859518.291532339528203, 3005599.624774918425828, 0.0 ], [ -10859555.58299520611763, 3005599.117441348265857, 0.0 ] ] ] } },
{ "type": "Feature", "properties": { "Layer": "PLAT-DIM-S2", "PaperSpace": null, "SubClasses": "AcDbEntity:AcDbMText", "Linetype": null, "EntityHandle": "240", "Text": "L=70.00'" }, "geometry": { "type": "MultiPoint", "coordinates": [ [ -10859519.190265884622931, 3005636.979886021930724, 0.0 ] ] } },
{ "type": "Feature", "properties": { "Layer": "PLAT-DIM-S2", "PaperSpace": null, "SubClasses": "AcDbEntity:AcDbMText", "Linetype": null, "EntityHandle": "241", "Text": "L=70.00'" }, "geometry": { "type": "MultiPoint", "coordinates": [ [ -10859520.250554881989956, 3005612.34159746998921, 0.0 ] ] } },
{ "type": "Feature", "properties": { "Layer": "PLAT-DIM-S2", "PaperSpace": null, "SubClasses": "AcDbEntity:AcDbMText", "Linetype": null, "EntityHandle": "242", "Text": "L=74.37'" }, "geometry": { "type": "MultiPoint", "coordinates": [ [ -10859552.876121489331126, 3005612.496611786074936, 0.0 ] ] } },
{ "type": "Feature", "properties": { "Layer": "PLAT-DIM-S2", "PaperSpace": null, "SubClasses": "AcDbEntity:AcDbMText", "Linetype": null, "EntityHandle": "243", "Text": "L=71.82'" }, "geometry": { "type": "MultiPoint", "coordinates": [ [ -10859519.407648310065269, 3005585.810767570976168, 0.0 ] ] } },
{ "type": "Feature", "properties": { "Layer": "PLAT-DIM-S2", "PaperSpace": null, "SubClasses": "AcDbEntity:AcDbMText", "Linetype": null, "EntityHandle": "244", "Text": "69.18'" }, "geometry": { "type": "MultiPoint", "coordinates": [ [ -10859517.305190959945321, 3005540.640809592790902, 0.0 ] ] } },
{ "type": "Feature", "properties": { "Layer": "PLAT-DIM-S2", "PaperSpace": null, "SubClasses": "AcDbEntity:AcDbMText", "Linetype": null, "EntityHandle": "245", "Text": "15.34'" }, "geometry": { "type": "MultiPoint", "coordinates": [ [ -10859516.599644940346479, 3005525.224428037647158, 0.0 ] ] } },
{ "type": "Feature", "properties": { "Layer": "PLAT-DIM-S2", "PaperSpace": null, "SubClasses": "AcDbEntity:AcDbMText", "Linetype": null, "EntityHandle": "246", "Text": "69.18'" }, "geometry": { "type": "MultiPoint", "coordinates": [ [ -10859550.248199839144945, 3005538.249884600751102, 0.0 ] ] } },
{ "type": "Feature", "properties": { "Layer": "PLAT-DIM-S2", "PaperSpace": null, "SubClasses": "AcDbEntity:AcDbMText", "Linetype": null, "EntityHandle": "247", "Text": "69.00'" }, "geometry": { "type": "MultiPoint", "coordinates": [ [ -10859551.438992198556662, 3005561.56103777140379, 0.0 ] ] } },
{ "type": "Feature", "properties": { "Layer": "PLAT-DIM-S2", "PaperSpace": null, "SubClasses": "AcDbEntity:AcDbMText", "Linetype": null, "EntityHandle": "248", "Text": "69.00'" }, "geometry": { "type": "MultiPoint", "coordinates": [ [ -10859518.391908613964915, 3005564.307033285498619, 0.0 ] ] } },
{ "type": "Feature", "properties": { "Layer": "PLAT-DIM-S2", "PaperSpace": null, "SubClasses": "AcDbEntity:AcDbMText", "Linetype": null, "EntityHandle": "249", "Text": "22.82'" }, "geometry": { "type": "MultiPoint", "coordinates": [ [ -10859549.222660783678293, 3005522.657720841001719, 0.0 ] ] } },
{ "type": "Feature", "properties": { "Layer": "PLAT-DIM-S2", "PaperSpace": null, "SubClasses": "AcDbEntity:AcDbMText", "Linetype": null, "EntityHandle": "24A", "Text": "L=35.15'" }, "geometry": { "type": "MultiPoint", "coordinates": [ [ -10859548.950181234627962, 3005512.530523789580911, 0.0 ] ] } },
{ "type": "Feature", "properties": { "Layer": "PLAT-DIM-S2", "PaperSpace": null, "SubClasses": "AcDbEntity:AcDbMText", "Linetype": null, "EntityHandle": "24B", "Text": "110.00'" }, "geometry": { "type": "MultiPoint", "coordinates": [ [ -10859542.618962442502379, 3005524.774412422906607, 0.0 ] ] } },
{ "type": "Feature", "properties": { "Layer": "PLAT-DIM-S2", "PaperSpace": null, "SubClasses": "AcDbEntity:AcDbMText", "Linetype": null, "EntityHandle": "24C", "Text": "106.33'" }, "geometry": { "type": "MultiPoint", "coordinates": [ [ -10859544.251770352944732, 3005503.930007023271173, 0.0 ] ] } },
{ "type": "Feature", "properties": { "Layer": "PLAT-DIM-S2", "PaperSpace": null, "SubClasses": "AcDbEntity:AcDbMText", "Linetype": null, "EntityHandle": "24D", "Text": "110.00'" }, "geometry": { "type": "MultiPoint", "coordinates": [ [ -10859544.956324778497219, 3005548.241408792790025, 0.0 ] ] } },
{ "type": "Feature", "properties": { "Layer": "PLAT-DIM-S2", "PaperSpace": null, "SubClasses": "AcDbEntity:AcDbMText", "Linetype": null, "EntityHandle": "24E", "Text": "110.00'" }, "geometry": { "type": "MultiPoint", "coordinates": [ [ -10859540.468466052785516, 3005571.888128084130585, 0.0 ] ] } },
{ "type": "Feature", "properties": { "Layer": "PLAT-DIM-S2", "PaperSpace": null, "SubClasses": "AcDbEntity:AcDbMText", "Linetype": null, "EntityHandle": "24F", "Text": "110.00'" }, "geometry": { "type": "MultiPoint", "coordinates": [ [ -10859546.163707956671715, 3005597.234783539082855, 0.0 ] ] } },
{ "type": "Feature", "properties": { "Layer": "PLAT-DIM-S2", "PaperSpace": null, "SubClasses": "AcDbEntity:AcDbMText", "Linetype": null, "EntityHandle": "250", "Text": "110.00'" }, "geometry": { "type": "MultiPoint", "coordinates": [ [ -10859547.422141008079052, 3005622.658591577317566, 0.0 ] ] } },
{ "type": "Feature", "properties": { "Layer": "PLAT-DIM-S2", "PaperSpace": null, "SubClasses": "AcDbEntity:AcDbMText", "Linetype": null, "EntityHandle": "251", "Text": "110.00'" }, "geometry": { "type": "MultiPoint", "coordinates": [ [ -10859543.209783125668764, 3005647.119803610723466, 0.0 ] ] } },
{ "type": "Feature", "properties": { "Layer": "PLAT-DIM-S2", "PaperSpace": null, "SubClasses": "AcDbEntity:AcDbMText", "Linetype": null, "EntityHandle": "252", "Text": "110.00'" }, "geometry": { "type": "MultiPoint", "coordinates": [ [ -10859534.972101848572493, 3005672.010956938378513, 0.0 ] ] } },
{ "type": "Feature", "properties": { "Layer": "PLAT-DIM-S2", "PaperSpace": null, "SubClasses": "AcDbEntity:AcDbMText", "Linetype": null, "EntityHandle": "253", "Text": "L=70.06'" }, "geometry": { "type": "MultiPoint", "coordinates": [ [ -10859548.791802054271102, 3005493.715066246688366, 0.0 ] ] } },
{ "type": "Feature", "properties": { "Layer": "PLAT-DIM-S2", "PaperSpace": null, "SubClasses": "AcDbEntity:AcDbMText", "Linetype": null, "EntityHandle": "254", "Text": "L=45.09'" }, "geometry": { "type": "MultiPoint", "coordinates": [ [ -10859519.069614926353097, 3005491.452545458916575, 0.0 ] ] } },
{ "type": "Feature", "properties": { "Layer": "PLAT-DIM-S2", "PaperSpace": null, "SubClasses": "AcDbEntity:AcDbMText", "Linetype": null, "EntityHandle": "255", "Text": "L=14.29'" }, "geometry": { "type": "MultiPoint", "coordinates": [ [ -10859520.213899193331599, 3005502.392476975917816, 0.0 ] ] } },
{ "type": "Feature", "properties": { "Layer": "PLAT-DIM-S2", "PaperSpace": null, "SubClasses": "AcDbEntity:AcDbMText", "Linetype": null, "EntityHandle": "256", "Text": "L=10.78'" }, "geometry": { "type": "MultiPoint", "coordinates": [ [ -10859522.836101964116096, 3005483.219000379089266, 0.0 ] ] } },
{ "type": "Feature", "properties": { "Layer": "PLAT-DIM-S2", "PaperSpace": null, "SubClasses": "AcDbEntity:AcDbMText", "Linetype": null, "EntityHandle": "257", "Text": "R=325.00'" }, "geometry": { "type": "MultiPoint", "coordinates": [ [ -10859509.99602628685534, 3005495.311206290964037, 0.0 ] ] } },
{ "type": "Feature", "properties": { "Layer": "PLAT-DIM-S2", "PaperSpace": null, "SubClasses": "AcDbEntity:AcDbMText", "Linetype": null, "EntityHandle": "258", "Text": "L=47.24'" }, "geometry": { "type": "MultiPoint", "coordinates": [ [ -10859506.608166882768273, 3005494.564294459298253, 0.0 ] ] } },
{ "type": "Feature", "properties": { "Layer": "PLAT-DIM-S2", "PaperSpace": null, "SubClasses": "AcDbEntity:AcDbMText", "Linetype": null, "EntityHandle": "259", "Text": "23.32'" }, "geometry": { "type": "MultiPoint", "coordinates": [ [ -10859546.939692057669163, 3005696.123930586501956, 0.0 ] ] } },
{ "type": "Feature", "properties": { "Layer": "PLAT-DIM-S2", "PaperSpace": null, "SubClasses": "AcDbEntity:AcDbMText", "Linetype": null, "EntityHandle": "25A", "Text": "101.68'" }, "geometry": { "type": "MultiPoint", "coordinates": [ [ -10859543.990551749244332, 3005716.468550752382725, 0.0 ] ] } },
{ "type": "Feature", "properties": { "Layer": "PLAT-DIM-S2", "PaperSpace": null, "SubClasses": "AcDbEntity:AcDbMText", "Linetype": "Continuous", "EntityHandle": "25B", "Text": "L=53.62'" }, "geometry": { "type": "MultiPoint", "coordinates": [ [ -10859494.729776607826352, 3005731.696212992072105, 0.0 ] ] } },
{ "type": "Feature", "properties": { "Layer": "PLAT-DIM-S2", "PaperSpace": null, "SubClasses": "AcDbEntity:AcDbMText", "Linetype": null, "EntityHandle": "25C", "Text": "120.00'" }, "geometry": { "type": "MultiPoint", "coordinates": [ [ -10859481.50425330735743, 3005755.756458780728281, 0.0 ] ] } },
{ "type": "Feature", "properties": { "Layer": "PLAT-DIM-S2", "PaperSpace": null, "SubClasses": "AcDbEntity:AcDbText:AcDbText", "Linetype": null, "EntityHandle": "25D", "Text": "120.15'" }, "geometry": { "type": "MultiPoint", "coordinates": [ [ -10859476.961218344047666, 3005722.156523132231086, 0.0 ] ] } },
{ "type": "Feature", "properties": { "Layer": "PLAT-DIM-S2", "PaperSpace": null, "SubClasses": "AcDbEntity:AcDbMText", "Linetype": "Continuous", "EntityHandle": "25E", "Text": "L=100.00'" }, "geometry": { "type": "MultiPoint", "coordinates": [ [ -10859492.745743969455361, 3005705.752533328719437, 0.0 ] ] } },
{ "type": "Feature", "properties": { "Layer": "PLAT-DIM-S2", "PaperSpace": null, "SubClasses": "AcDbEntity:AcDbMText", "Linetype": "Continuous", "EntityHandle": "25F", "Text": "110.44'" }, "geometry": { "type": "MultiPoint", "coordinates": [ [ -10859457.206445630639791, 3005707.72043584799394, 0.0 ] ] } },
{ "type": "Feature", "properties": { "Layer": "PLAT-DIM-S2", "PaperSpace": null, "SubClasses": "AcDbEntity:AcDbText:AcDbText", "Linetype": null, "EntityHandle": "260", "Text": "121.65'" }, "geometry": { "type": "MultiPoint", "coordinates": [ [ -10859476.248715633526444, 3005686.781023961957544, 0.0 ] ] } },
{ "type": "Feature", "properties": { "Layer": "PLAT-DIM-S2", "PaperSpace": null, "SubClasses": "AcDbEntity:AcDbMText", "Linetype": "Continuous", "EntityHandle": "261", "Text": "L=8.63'" }, "geometry": { "type": "MultiPoint", "coordinates": [ [ -10859492.347914285957813, 3005684.502187074627727, 0.0 ] ] } },
{ "type": "Feature", "properties": { "Layer": "PLAT-DIM-S2", "PaperSpace": null, "SubClasses": "AcDbEntity:AcDbMText", "Linetype": "Continuous", "EntityHandle": "262", "Text": "L=91.85'" }, "geometry": { "type": "MultiPoint", "coordinates": [ [ -10859495.471934659406543, 3005668.281945549882948, 0.0 ] ] } },
{ "type": "Feature", "properties": { "Layer": "PLAT-DIM-S2", "PaperSpace": null, "SubClasses": "AcDbEntity:AcDbMText", "Linetype": "Continuous", "EntityHandle": "263", "Text": "L=100.01'" }, "geometry": { "type": "MultiPoint", "coordinates": [ [ -10859498.085353376343846, 3005636.99152357224375, 0.0 ] ] } },
{ "type": "Feature", "properties": { "Layer": "PLAT-DIM-S2", "PaperSpace": null, "SubClasses": "AcDbEntity:AcDbMText", "Linetype": "Continuous", "EntityHandle": "264", "Text": "L=100.01'" }, "geometry": { "type": "MultiPoint", "coordinates": [ [ -10859498.675111511722207, 3005603.22465377766639, 0.0 ] ] } },
{ "type": "Feature", "properties": { "Layer": "PLAT-DIM-S2", "PaperSpace": null, "SubClasses": "AcDbEntity:AcDbMText", "Linetype": "Continuous", "EntityHandle": "265", "Text": "72.68'" }, "geometry": { "type": "MultiPoint", "coordinates": [ [ -10859497.405569361522794, 3005562.845809404738247, 0.0 ] ] } },
{ "type": "Feature", "properties": { "Layer": "PLAT-DIM-S2", "PaperSpace": null, "SubClasses": "AcDbEntity:AcDbMText", "Linetype": "Continuous", "EntityHandle": "266", "Text": "80.85'" }, "geometry": { "type": "MultiPoint", "coordinates": [ [ -10859496.116069, 3005539.520711057819426, 0.0 ] ] } },
{ "type": "Feature", "properties": { "Layer": "PLAT-DIM-S2", "PaperSpace": null, "SubClasses": "AcDbEntity:AcDbMText", "Linetype": "Continuous", "EntityHandle": "267", "Text": "L=19.16'" }, "geometry": { "type": "MultiPoint", "coordinates": [ [ -10859495.208983927965164, 3005522.762475082185119, 0.0 ] ] } },
{ "type": "Feature", "properties": { "Layer": "PLAT-DIM-S2", "PaperSpace": null, "SubClasses": "AcDbEntity:AcDbMText", "Linetype": "Continuous", "EntityHandle": "268", "Text": "L=61.43'" }, "geometry": { "type": "MultiPoint", "coordinates": [ [ -10859495.80003266222775, 3005507.230940400622785, 0.0 ] ] } },
{ "type": "Feature", "properties": { "Layer": "PLAT-DIM-S2", "PaperSpace": null, "SubClasses": "AcDbEntity:AcDbMText", "Linetype": "Continuous", "EntityHandle": "269", "Text": "L=38.65'" }, "geometry": { "type": "MultiPoint", "coordinates": [ [ -10859497.712093798443675, 3005491.777985502034426, 0.0 ] ] } },
{ "type": "Feature", "properties": { "Layer": "PLAT-DIM-S2", "PaperSpace": null, "SubClasses": "AcDbEntity:AcDbText:AcDbText", "Linetype": null, "EntityHandle": "26A", "Text": "133.79'" }, "geometry": { "type": "MultiPoint", "coordinates": [ [ -10859477.767346244305372, 3005653.109995351638645, 0.0 ] ] } },
{ "type": "Feature", "properties": { "Layer": "PLAT-DIM-S2", "PaperSpace": null, "SubClasses": "AcDbEntity:AcDbText:AcDbText", "Linetype": null, "EntityHandle": "26B", "Text": "140.18'" }, "geometry": { "type": "MultiPoint", "coordinates": [ [ -10859479.634924288839102, 3005618.817560039460659, 0.0 ] ] } },
{ "type": "Feature", "properties": { "Layer": "PLAT-DIM-S2", "PaperSpace": null, "SubClasses": "AcDbEntity:AcDbText:AcDbText", "Linetype": null, "EntityHandle": "26C", "Text": "140.79'" }, "geometry": { "type": "MultiPoint", "coordinates": [ [ -10859475.634450191631913, 3005585.117586112115532, 0.0 ] ] } },
{ "type": "Feature", "properties": { "Layer": "PLAT-DIM-S2", "PaperSpace": null, "SubClasses": "AcDbEntity:AcDbText:AcDbText", "Linetype": null, "EntityHandle": "26D", "Text": "140.00'" }, "geometry": { "type": "MultiPoint", "coordinates": [ [ -10859475.136846605688334, 3005551.231564833782613, 0.0 ] ] } },
{ "type": "Feature", "properties": { "Layer": "PLAT-DIM-S2", "PaperSpace": null, "SubClasses": "AcDbEntity:AcDbMText", "Linetype": "Continuous", "EntityHandle": "26E", "Text": "18.52'" }, "geometry": { "type": "MultiPoint", "coordinates": [ [ -10859457.654004594311118, 3005729.021622964646667, 0.0 ] ] } },
{ "type": "Feature", "properties": { "Layer": "PLAT-DIM-S2", "PaperSpace": null, "SubClasses": "AcDbEntity:AcDbMText", "Linetype": "Continuous", "EntityHandle": "26F", "Text": "95.66'" }, "geometry": { "type": "MultiPoint", "coordinates": [ [ -10859460.762163972482085, 3005746.313118077814579, 0.0 ] ] } },
{ "type": "Feature", "properties": { "Layer": "PLAT-DIM-S2", "PaperSpace": null, "SubClasses": "AcDbEntity:AcDbMText", "Linetype": "Continuous", "EntityHandle": "270", "Text": "99.46'" }, "geometry": { "type": "MultiPoint", "coordinates": [ [ -10859456.868554687127471, 3005671.661259583663195, 0.0 ] ] } },
{ "type": "Feature", "properties": { "Layer": "PLAT-DIM-S2", "PaperSpace": null, "SubClasses": "AcDbEntity:AcDbMText", "Linetype": "Continuous", "EntityHandle": "271", "Text": "99.80'" }, "geometry": { "type": "MultiPoint", "coordinates": [ [ -10859456.246344180777669, 3005637.098560386803001, 0.0 ] ] } },
{ "type": "Feature", "properties": { "Layer": "PLAT-TEXT-S2", "PaperSpace": null, "SubClasses": "AcDbEntity:AcDbMText", "Linetype": null, "EntityHandle": "272", "Text": "B   L   O   C   K       1" }, "geometry": { "type": "MultiPoint", "coordinates": [ [ -10859468.199040584266186, 3005570.827973771840334, 0.0 ] ] } },
{ "type": "Feature", "properties": { "Layer": "PLAT-DIM-S2", "PaperSpace": null, "SubClasses": "AcDbEntity:AcDbMText", "Linetype": "Continuous", "EntityHandle": "273", "Text": "96.69'" }, "geometry": { "type": "MultiPoint", "coordinates": [ [ -10859455.741253571584821, 3005603.412854345981032, 0.0 ] ] } },
{ "type": "Feature", "properties": { "Layer": "PLAT-TEXT-S2", "PaperSpace": null, "SubClasses": "AcDbEntity:AcDbText:AcDbText", "Linetype": null, "EntityHandle": "274", "Text": "10" }, "geometry": { "type": "MultiPoint", "coordinates": [ [ -10859476.124839199706912, 3005567.46423241822049, 0.0 ] ] } },
{ "type": "Feature", "properties": { "Layer": "PLAT-DIM-S2", "PaperSpace": null, "SubClasses": "AcDbEntity:AcDbMText", "Linetype": "Continuous", "EntityHandle": "275", "Text": "153.53'" }, "geometry": { "type": "MultiPoint", "coordinates": [ [ -10859508.951160352677107, 3005554.617347234394401, 0.0 ] ] } },
{ "type": "Feature", "properties": { "Layer": "PLAT-DIM-S2", "PaperSpace": null, "SubClasses": "AcDbEntity:AcDbMText", "Linetype": "Continuous", "EntityHandle": "276", "Text": "L=27.32'" }, "geometry": { "type": "MultiPoint", "coordinates": [ [ -10859498.351291297003627, 3005580.618472397327423, 0.0 ] ] } },
{ "type": "Feature", "properties": { "Layer": "PLAT-DIM-S2", "PaperSpace": null, "SubClasses": "AcDbEntity:AcDbMText", "Linetype": "Continuous", "EntityHandle": "277", "Text": "25.10'" }, "geometry": { "type": "MultiPoint", "coordinates": [ [ -10859455.734686493873596, 3005583.39364260667935, 0.0 ] ] } },
{ "type": "Feature", "properties": { "Layer": "PLAT-DIM-S2", "PaperSpace": null, "SubClasses": "AcDbEntity:AcDbMText", "Linetype": "Continuous", "EntityHandle": "278", "Text": "72.68'" }, "geometry": { "type": "MultiPoint", "coordinates": [ [ -10859454.606374863535166, 3005565.726891805883497, 0.0 ] ] } },
{ "type": "Feature", "properties": { "Layer": "PLAT-DIM-S2", "PaperSpace": null, "SubClasses": "AcDbEntity:AcDbMText", "Linetype": "Continuous", "EntityHandle": "279", "Text": "88.32'" }, "geometry": { "type": "MultiPoint", "coordinates": [ [ -10859453.347407221794128, 3005538.7404267010279, 0.0 ] ] } },
{ "type": "Feature", "properties": { "Layer": "PLAT-DIM-S2", "PaperSpace": null, "SubClasses": "AcDbEntity:AcDbText:AcDbText", "Linetype": null, "EntityHandle": "27A", "Text": "139.71'" }, "geometry": { "type": "MultiPoint", "coordinates": [ [ -10859472.480070361867547, 3005517.159272765740752, 0.0 ] ] } },
{ "type": "Feature", "properties": { "Layer": "PLAT-TEXT-S2", "PaperSpace": null, "SubClasses": "AcDbEntity:AcDbMText", "Linetype": null, "EntityHandle": "27C", "Text": "B   L   O   C   K       2" }, "geometry": { "type": "MultiPoint", "coordinates": [ [ -10859546.350798968225718, 3005540.24587630154565, 0.0 ] ] } },
{ "type": "Feature", "properties": { "Layer": "PLAT-TEXT-S1", "PaperSpace": null, "SubClasses": "AcDbEntity:AcDbText:AcDbText", "Linetype": null, "EntityHandle": "27D", "Text": "5" }, "geometry": { "type": "MultiPoint", "coordinates": [ [ -10859534.147396292537451, 3005464.469130707439035, 0.0 ] ] } },
{ "type": "Feature", "properties": { "Layer": "PLAT-EASEMENT-S1", "PaperSpace": null, "SubClasses": "AcDbEntity:AcDbLine", "Linetype": "HIDDEN2", "EntityHandle": "27E", "Text": null }, "geometry": { "type": "MultiLineString", "coordinates": [ [ [ -10859500.966321425512433, 3005480.818345163017511, 0.0 ], [ -10859456.571590218693018, 3005474.894648462533951, 0.0 ] ] ] } },
{ "type": "Feature", "properties": { "Layer": "PLAT-DIM-EASEMENT-S1", "PaperSpace": null, "SubClasses": "AcDbEntity:AcDbMText", "Linetype": null, "EntityHandle": "27F", "Text": "7.5 FT. DRAINAGE EASEMENT" }, "geometry": { "type": "MultiPoint", "coordinates": [ [ -10859436.43578602001071, 3005469.316769753117114, 0.0 ] ] } },
{ "type": "Feature", "properties": { "Layer": "PLAT-TITLE-S2", "PaperSpace": null, "SubClasses": "AcDbEntity:AcDbMText", "Linetype": null, "EntityHandle": "2B2", "Text": "FINAL PLAT OF " }, "geometry": { "type": "MultiPoint", "coordinates": [ [ -10859309.383092205971479, 3005536.867088102735579, 0.0 ] ] } },
{ "type": "Feature", "properties": { "Layer": "PLAT-TITLE-S2", "PaperSpace": null, "SubClasses": "AcDbEntity:AcDbMText", "Linetype": null, "EntityHandle": "2B3", "Text": "SCALE:1\"=60'\nSURVEYED FOR:" }, "geometry": { "type": "MultiPoint", "coordinates": [ [ -10859278.798410093411803, 3005521.219810177572072, 0.0 ] ] } },
{ "type": "Feature", "properties": { "Layer": "PLAT-TITLE-S2", "PaperSpace": null, "SubClasses": "AcDbEntity:AcDbMText", "Linetype": null, "EntityHandle": "2B4", "Text": "BEING A 12.188 ACRE TRACT OUT OF A 41.237 ACRE TRACT OUT OF A 213.374 ACRE TRACT, IN SHARE 1 OF THE ESPIRITU SANTO GRANT, CAMERON COUNTY, TEXAS, AND SAID 41.237 ACRE TRACT RECORDED IN VOLUME 12669, PAGE 129, OFFICIAL RECORDS OF CAMERON COUNTY, TEXAS." }, "geometry": { "type": "MultiPoint", "coordinates": [ [ -10859293.865403156727552, 3005489.119572110939771, 0.0 ] ] } },
{ "type": "Feature", "properties": { "Layer": "PLAT-TITLE-S2", "PaperSpace": null, "SubClasses": "AcDbEntity:AcDbMText", "Linetype": null, "EntityHandle": "2B5", "Text": "HACIENDA LAKEVIEW, INC" }, "geometry": { "type": "MultiPoint", "coordinates": [ [ -10859266.938726719468832, 3005527.806563613470644, 0.0 ] ] } },
{ "type": "Feature", "properties": { "Layer": "PLAT-BORDER-S2", "PaperSpace": null, "SubClasses": "AcDbEntity:AcDbLine", "Linetype": null, "EntityHandle": "2B6", "Text": null }, "geometry": { "type": "MultiLineString", "coordinates": [ [ [ -10859450.571507235988975, 3005476.673090143594891, 0.0 ], [ -10859364.570578129962087, 3005465.197331054136157, 0.0 ] ] ] } },
{ "type": "Feature", "properties": { "Layer": "PLAT-TEXT-S1", "PaperSpace": null, "SubClasses": "AcDbEntity:AcDbMText", "Linetype": null, "EntityHandle": "2B7", "Text": "COMMON AREA \n& LAKE" }, "geometry": { "type": "MultiPoint", "coordinates": [ [ -10859422.054613288491964, 3005373.85376306809485, 0.0 ] ] } },
{ "type": "Feature", "properties": { "Layer": "PLAT-DIM-EASEMENT-S1", "PaperSpace": null, "SubClasses": "AcDbEntity:AcDbMText", "Linetype": null, "EntityHandle": "2B8", "Text": "5 FT. ERHWSC EASEMENT\n(VOL. 21882, PG. 28, C.C.O.R.)" }, "geometry": { "type": "MultiPoint", "coordinates": [ [ -10859542.089864352717996, 3005410.118406567722559, 0.0 ] ] } },
{ "type": "Feature", "properties": { "Layer": "PLAT-DIM-S2", "PaperSpace": null, "SubClasses": "AcDbEntity:AcDbMText", "Linetype": null, "EntityHandle": "2B9", "Text": "L=46.42'" }, "geometry": { "type": "MultiPoint", "coordinates": [ [ -10859515.950619872659445, 3005679.130682457238436, 0.0 ] ] } },
{ "type": "Feature", "properties": { "Layer": "PLAT-TITLE-S2", "PaperSpace": null, "SubClasses": "AcDbEntity:AcDbMText", "Linetype": null, "EntityHandle": "2BA", "Text": "\"LAGO BELLO SUBDIVISION, SECTION 2\"" }, "geometry": { "type": "MultiPoint", "coordinates": [ [ -10859304.506005438044667, 3005513.211720550898463, 0.0 ] ] } },
{ "type": "Feature", "properties": { "Layer": "PLAT-TEXT-S1", "PaperSpace": null, "SubClasses": "AcDbEntity:AcDbMText", "Linetype": null, "EntityHandle": "2F4", "Text": "B L O C K   1" }, "geometry": { "type": "MultiPoint", "coordinates": [ [ -10859481.928346375003457, 3005392.688919472042471, 0.0 ] ] } },
{ "type": "Feature", "properties": { "Layer": "PLAT-TEXT-S2", "PaperSpace": null, "SubClasses": "AcDbEntity:AcDbMText", "Linetype": null, "EntityHandle": "2F5", "Text": "6" }, "geometry": { "type": "MultiPoint", "coordinates": [ [ -10859539.106347933411598, 3005485.811573150102049, 0.0 ] ] } },
{ "type": "Feature", "properties": { "Layer": "PLAT-BORDER-S1", "PaperSpace": null, "SubClasses": "AcDbEntity:AcDbLine", "Linetype": null, "EntityHandle": "2F9", "Text": null }, "geometry": { "type": "MultiLineString", "coordinates": [ [ [ -10859364.57075010612607, 3005465.19602828565985, 0.0 ], [ -10859400.597572483122349, 3005192.279016932472587, 0.0 ] ] ] } },
{ "type": "Feature", "properties": { "Layer": "PLAT-BORDER-ACCESS", "PaperSpace": null, "SubClasses": "AcDbEntity:AcDbLine", "Linetype": "PHANTOM2", "EntityHandle": "2FB", "Text": null }, "geometry": { "type": "MultiLineString", "coordinates": [ [ [ -10859571.246790092438459, 3005111.904729633592069, 0.0 ], [ -10859585.205500740557909, 3005125.783805801067501, 0.0 ] ] ] } },
{ "type": "Feature", "properties": { "Layer": "PLAT-BORDER-ACCESS", "PaperSpace": null, "SubClasses": "AcDbEntity:AcDbLine", "Linetype": "PHANTOM2", "EntityHandle": "2FD", "Text": null }, "geometry": { "type": "MultiLineString", "coordinates": [ [ [ -10859585.205500740557909, 3005125.783805801067501, 0.0 ], [ -10859597.258758561685681, 3005137.768277455121279, 0.0 ] ] ] } },
{ "type": "Feature", "properties": { "Layer": "PLAT-BORDER-ACCESS", "PaperSpace": null, "SubClasses": "AcDbEntity:AcDbLine", "Linetype": "PHANTOM2", "EntityHandle": "2FE", "Text": null }, "geometry": { "type": "MultiLineString", "coordinates": [ [ [ -10859597.258758561685681, 3005137.768277455121279, 0.0 ], [ -10859614.642009327188134, 3005155.052288154140115, 0.0 ] ] ] } },
{ "type": "Feature", "properties": { "Layer": "PLAT-BORDER-S1", "PaperSpace": null, "SubClasses": "AcDbEntity:AcDbCircle:AcDbArc", "Linetype": null, "EntityHandle": "2FF", "Text": null }, "geometry": { "type": "MultiLineString", "coordinates": [ [ [ -10859572.254250075668097, 3005386.551243242807686, 0.0 ], [ -10859579.147386062890291, 3005369.814971415791661, 0.0 ] ] ] } },
{ "type": "Feature", "properties": { "Layer": "PLAT-BORDER-S1", "PaperSpace": null, "SubClasses": "AcDbEntity:AcDbCircle:AcDbArc", "Linetype": null, "EntityHandle": "300", "Text": null }, "geometry": { "type": "MultiLineString", "coordinates": [ [ [ -10859551.80771716684103, 3005482.474177425261587, 0.0 ], [ -10859553.53511461801827, 3005462.856431541964412, 0.0 ], [ -10859556.456724818795919, 3005443.38228399772197, 0.0 ], [ -10859560.561528101563454, 3005424.125153515953571, 0.0 ], [ -10859565.834044218063354, 3005405.15764004830271, 0.0 ], [ -10859572.254390761256218, 3005386.551251116674393, 0.0 ] ] ] } },
{ "type": "Feature", "properties": { "Layer": "PLAT-BORDER-ACCESS", "PaperSpace": null, "SubClasses": "AcDbEntity:AcDbLine", "Linetype": null, "EntityHandle": "301", "Text": null }, "geometry": { "type": "MultiLineString", "coordinates": [ [ [ -10859597.258758561685681, 3005137.768277455121279, 0.0 ], [ -10859472.91682687215507, 3005264.187132243998349, 0.0 ] ] ] } },
{ "type": "Feature", "properties": { "Layer": "PLAT-EASEMENT-ACCESS", "PaperSpace": null, "SubClasses": "AcDbEntity:AcDbLine", "Linetype": "HIDDEN2", "EntityHandle": "302", "Text": null }, "geometry": { "type": "MultiLineString", "coordinates": [ [ [ -10859600.874739898368716, 3005141.363618883769959, 0.0 ], [ -10859476.532808922231197, 3005267.782537689898163, 0.0 ] ] ] } },
{ "type": "Feature", "properties": { "Layer": "PLAT-CL-ACCESS", "PaperSpace": null, "SubClasses": "AcDbEntity:AcDbLine", "Linetype": "CENTER2", "EntityHandle": "303", "Text": null }, "geometry": { "type": "MultiLineString", "coordinates": [ [ [ -10859592.437452979385853, 3005132.974488834384829, 0.0 ], [ -10859468.096069373190403, 3005259.392700069118291, 0.0 ] ] ] } },
{ "type": "Feature", "properties": { "Layer": "PLAT-BORDER-S1", "PaperSpace": null, "SubClasses": "AcDbEntity:AcDbLine", "Linetype": null, "EntityHandle": "304", "Text": null }, "geometry": { "type": "MultiLineString", "coordinates": [ [ [ -10859472.91682687215507, 3005264.187132243998349, 0.0 ], [ -10859536.814059557393193, 3005327.720486243255436, 0.0 ] ] ] } },
{ "type": "Feature", "properties": { "Layer": "PLAT-EASEMENT-S1", "PaperSpace": null, "SubClasses": "AcDbEntity:AcDbLine", "Linetype": "HIDDEN2", "EntityHandle": "305", "Text": null }, "geometry": { "type": "MultiLineString", "coordinates": [ [ [ -10859399.478716572746634, 3005200.754861595109105, 0.0 ], [ -10859523.544786993414164, 3005324.115171428769827, 0.0 ] ] ] } },
{ "type": "Feature", "properties": { "Layer": "PLAT-EASEMENT-S1", "PaperSpace": null, "SubClasses": "AcDbEntity:AcDbLine", "Linetype": "HIDDEN2", "EntityHandle": "306", "Text": null }, "geometry": { "type": "MultiLineString", "coordinates": [ [ [ -10859525.15649420209229, 3005325.717695885337889, 0.0 ], [ -10859532.628954064100981, 3005333.147576365619898, 0.0 ] ] ] } },
{ "type": "Feature", "properties": { "Layer": "PLAT-EASEMENT-S1", "PaperSpace": null, "SubClasses": "AcDbEntity:AcDbLine", "Linetype": "HIDDEN2", "EntityHandle": "307", "Text": null }, "geometry": { "type": "MultiLineString", "coordinates": [ [ [ -10859537.714686715975404, 3005338.204325081780553, 0.0 ], [ -10859546.510190272703767, 3005346.949693774804473, 0.0 ] ] ] } },
{ "type": "Feature", "properties": { "Layer": "PLAT-CL-S1", "PaperSpace": null, "SubClasses": "AcDbEntity:AcDbLine", "Linetype": "CENTER2", "EntityHandle": "308", "Text": null }, "geometry": { "type": "MultiLineString", "coordinates": [ [ [ -10859499.577761959284544, 3005307.475918518844992, 0.0 ], [ -10859529.465261874720454, 3005337.193175191059709, 0.0 ] ] ] } },
{ "type": "Feature", "properties": { "Layer": "PLAT-EASEMENT-S1", "PaperSpace": null, "SubClasses": "AcDbEntity:AcDbLine", "Linetype": "HIDDEN2", "EntityHandle": "30A", "Text": null }, "geometry": { "type": "MultiLineString", "coordinates": [ [ [ -10859493.615939958021045, 3005313.533486979547888, 0.0 ], [ -10859526.503145929425955, 3005346.233383569866419, 0.0 ] ] ] } },
{ "type": "Feature", "properties": { "Layer": "PLAT-BORDER-S1", "PaperSpace": null, "SubClasses": "AcDbEntity:AcDbLine", "Linetype": null, "EntityHandle": "30B", "Text": null }, "geometry": { "type": "MultiLineString", "coordinates": [ [ [ -10859536.814059557393193, 3005327.720486243255436, 0.0 ], [ -10859579.14791483618319, 3005369.812940889503807, 0.0 ] ] ] } },
{ "type": "Feature", "properties": { "Layer": "PLAT-CL-S1", "PaperSpace": null, "SubClasses": "AcDbEntity:AcDbLine", "Linetype": "CENTER2", "EntityHandle": "30D", "Text": null }, "geometry": { "type": "MultiLineString", "coordinates": [ [ [ -10859440.466430807486176, 3005248.700919195543975, 0.0 ], [ -10859445.955473722890019, 3005254.158751477487385, 0.0 ] ] ] } },
{ "type": "Feature", "properties": { "Layer": "PLAT-LOTLINE-S1", "PaperSpace": null, "SubClasses": "AcDbEntity:AcDbLine", "Linetype": null, "EntityHandle": "30E", "Text": null }, "geometry": { "type": "MultiLineString", "coordinates": [ [ [ -10859397.520715499296784, 3005215.587601639796048, 0.0 ], [ -10859447.751725660637021, 3005265.533145601395518, 0.0 ] ] ] } },
{ "type": "Feature", "properties": { "Layer": "PLAT-EASEMENT-S1", "PaperSpace": null, "SubClasses": "AcDbEntity:AcDbLine", "Linetype": "HIDDEN2", "EntityHandle": "30F", "Text": null }, "geometry": { "type": "MultiLineString", "coordinates": [ [ [ -10859397.241000723093748, 3005217.706565735861659, 0.0 ], [ -10859446.095742184668779, 3005266.283669063355774, 0.0 ] ] ] } },
{ "type": "Feature", "properties": { "Layer": "PLAT-EASEMENT-S1", "PaperSpace": null, "SubClasses": "AcDbEntity:AcDbLine", "Linetype": "HIDDEN2", "EntityHandle": "310", "Text": null }, "geometry": { "type": "MultiLineString", "coordinates": [ [ [ -10859396.961285864934325, 3005219.8255301467143, 0.0 ], [ -10859447.778402373194695, 3005270.353851318359375, 0.0 ] ] ] } },
{ "type": "Feature", "properties": { "Layer": "PLAT-BORDER-ACCESS", "PaperSpace": null, "SubClasses": "AcDbEntity:AcDbLine", "Linetype": null, "EntityHandle": "311", "Text": null }, "geometry": { "type": "MultiLineString", "coordinates": [ [ [ -10859460.863566674292088, 3005252.20244719972834, 0.0 ], [ -10859585.205500740557909, 3005125.783805801067501, 0.0 ] ] ] } },
{ "type": "Feature", "properties": { "Layer": "PLAT-EASEMENT-ACCESS", "PaperSpace": null, "SubClasses": "AcDbEntity:AcDbLine", "Linetype": "HIDDEN2", "EntityHandle": "312", "Text": null }, "geometry": { "type": "MultiLineString", "coordinates": [ [ [ -10859456.042268322780728, 3005247.408573085442185, 0.0 ], [ -10859580.384203337132931, 3005120.99001704948023, 0.0 ] ] ] } },
{ "type": "Feature", "properties": { "Layer": "PLAT-EASEMENT-ACCESS", "PaperSpace": null, "SubClasses": "AcDbEntity:AcDbLine", "Linetype": "HIDDEN2", "EntityHandle": "313", "Text": null }, "geometry": { "type": "MultiLineString", "coordinates": [ [ [ -10859447.778402373194695, 3005270.353851318359375, 0.0 ], [ -10859562.924381425604224, 3005153.285048676189035, 0.0 ] ] ] } },
{ "type": "Feature", "properties": { "Layer": "PLAT-EASEMENT-ACCESS", "PaperSpace": null, "SubClasses": "AcDbEntity:AcDbLine", "Linetype": "HIDDEN2", "EntityHandle": "314", "Text": null }, "geometry": { "type": "MultiLineString", "coordinates": [ [ [ -10859564.518211828544736, 3005151.664589348249137, 0.0 ], [ -10859587.616150667890906, 3005128.180700158234686, 0.0 ] ] ] } },
{ "type": "Feature", "properties": { "Layer": "PLAT-TEXT-ACCESS", "PaperSpace": null, "SubClasses": "AcDbEntity:AcDbMText", "Linetype": "Continuous", "EntityHandle": "316", "Text": "N43°48'18\"E" }, "geometry": { "type": "MultiPoint", "coordinates": [ [ -10859556.169097637757659, 3005184.193313520401716, 0.0 ] ] } },
{ "type": "Feature", "properties": { "Layer": "PLAT-TEXT-ACCESS", "PaperSpace": null, "SubClasses": "AcDbEntity:AcDbMText", "Linetype": "Continuous", "EntityHandle": "317", "Text": "521.58'" }, "geometry": { "type": "MultiPoint", "coordinates": [ [ -10859519.528051480650902, 3005221.646823178045452, 0.0 ] ] } },
{ "type": "Feature", "properties": { "Layer": "PLAT-TEXT-ACCESS", "PaperSpace": null, "SubClasses": "AcDbEntity:AcDbMText", "Linetype": "Continuous", "EntityHandle": "318", "Text": "521.58'" }, "geometry": { "type": "MultiPoint", "coordinates": [ [ -10859517.657233770936728, 3005191.707723966334015, 0.0 ] ] } },
{ "type": "Feature", "properties": { "Layer": "PLAT-DIM-S1", "PaperSpace": null, "SubClasses": "AcDbEntity:AcDbMText", "Linetype": "Continuous", "EntityHandle": "319", "Text": "N46Â°11'42\"W     440.67'" }, "geometry": { "type": "MultiPoint", "coordinates": [ [ -10859521.768207252025604, 3005306.61691261921078, 0.0 ] ] } },
{ "type": "Feature", "properties": { "Layer": "PLAT-DIM-S1", "PaperSpace": null, "SubClasses": "AcDbEntity:AcDbMText", "Linetype": "Continuous", "EntityHandle": "31A", "Text": "N46°11'42\"W" }, "geometry": { "type": "MultiPoint", "coordinates": [ [ -10859427.00716413743794, 3005212.741344645153731, 0.0 ] ] } },
{ "type": "Feature", "properties": { "Layer": "PLAT-DIM-S1", "PaperSpace": null, "SubClasses": "AcDbEntity:AcDbMText", "Linetype": "Continuous", "EntityHandle": "31B", "Text": "250.00'" }, "geometry": { "type": "MultiPoint", "coordinates": [ [ -10859445.218325426802039, 3005230.703218391630799, 0.0 ] ] } },
{ "type": "Feature", "properties": { "Layer": "PLAT-DIM-S1", "PaperSpace": null, "SubClasses": "AcDbEntity:AcDbMText", "Linetype": "Continuous", "EntityHandle": "31C", "Text": "S06°41'02\"W" }, "geometry": { "type": "MultiPoint", "coordinates": [ [ -10859379.551536604762077, 3005306.003328368533403, 0.0 ] ] } },
{ "type": "Feature", "properties": { "Layer": "PLAT-LOTLINE-S1", "PaperSpace": null, "SubClasses": "AcDbEntity:AcDbCircle:AcDbArc", "Linetype": null, "EntityHandle": "31D", "Text": null }, "geometry": { "type": "MultiLineString", "coordinates": [ [ [ -10859517.960420731455088, 3005480.513815131038427, 0.0 ], [ -10859520.115124991163611, 3005456.806724224705249, 0.0 ], [ -10859523.845969161018729, 3005433.298286548815668, 0.0 ], [ -10859529.136153127998114, 3005410.09431090252474, 0.0 ], [ -10859535.961858600378036, 3005387.299234702251852, 0.0 ], [ -10859544.292356446385384, 3005365.015653979964554, 0.0 ] ] ] } },
{ "type": "Feature", "properties": { "Layer": "PLAT-LOTLINE-S1", "PaperSpace": null, "SubClasses": "AcDbEntity:AcDbCircle:AcDbArc", "Linetype": null, "EntityHandle": "31E", "Text": null }, "geometry": { "type": "MultiLineString", "coordinates": [ [ [ -10859536.814059529453516, 3005327.720486216247082, 0.0 ], [ -10859538.433944914489985, 3005329.447378938551992, 0.0 ], [ -10859539.930371854454279, 3005331.283432321622968, 0.0 ], [ -10859541.296083841472864, 3005333.219743036665022, 0.0 ], [ -10859542.524458223953843, 3005335.246921580284834, 0.0 ], [ -10859543.609538316726685, 3005337.355137812439352, 0.0 ], [ -10859544.546062290668488, 3005339.534168615937233, 0.0 ], [ -10859545.329488683491945, 3005341.773447466548532, 0.0 ], [ -10859545.956018432974815, 3005344.06211568089202, 0.0 ], [ -10859546.42261329293251, 3005346.389075066894293, 0.0 ], [ -10859546.727010570466518, 3005348.743041739333421, 0.0 ], [ -10859546.867734098806977, 3005351.112600833643228, 0.0 ], [ -10859546.844101397320628, 3005353.486261874902993, 0.0 ], [ -10859546.656226981431246, 3005355.852514469064772, 0.0 ], [ -10859546.30502181686461, 3005358.199884151574224, 0.0 ], [ -10859545.792188886553049, 3005360.516988004557788, 0.0 ], [ -10859545.120214955881238, 3005362.792589864693582, 0.0 ], [ -10859544.292358497157693, 3005365.015654818154871, 0.0 ] ] ] } },
{ "type": "Feature", "properties": { "Layer": "PLAT-EASEMENT-S1", "PaperSpace": null, "SubClasses": "AcDbEntity:AcDbCircle:AcDbArc", "Linetype": "HIDDEN2", "EntityHandle": "31F", "Text": null }, "geometry": { "type": "MultiLineString", "coordinates": [ [ [ -10859544.533841164782643, 3005335.397989633027464, 0.0 ], [ -10859545.5691650621593, 3005337.567354493308812, 0.0 ], [ -10859546.457183623686433, 3005339.801757102366537, 0.0 ], [ -10859547.193883569911122, 3005342.091099578887224, 0.0 ], [ -10859547.775935461744666, 3005344.425035752356052, 0.0 ], [ -10859548.200708765536547, 3005346.793017899151891, 0.0 ], [ -10859548.466283725574613, 3005349.184344436973333, 0.0 ], [ -10859548.571460049599409, 3005351.588208263739944, 0.0 ], [ -10859548.515762329101562, 3005353.993745605461299, 0.0 ], [ -10859548.299442201852798, 3005356.390085115097463, 0.0 ], [ -10859547.92347720079124, 3005358.766397005412728, 0.0 ], [ -10859547.389566343277693, 3005361.111941989511251, 0.0 ], [ -10859546.700122460722923, 3005363.416119805537164, 0.0 ], [ -10859545.858261287212372, 3005365.668517150450498, 0.0 ] ] ] } },
{ "type": "Feature", "properties": { "Layer": "PLAT-CL-S1", "PaperSpace": null, "SubClasses": "AcDbEntity:AcDbCircle:AcDbArc", "Linetype": "CENTER2", "EntityHandle": "320", "Text": null }, "geometry": { "type": "MultiLineString", "coordinates": [ [ [ -10859521.013158550485969, 3005407.64520810265094, 0.0 ], [ -10859527.430876962840557, 3005386.072134925518185, 0.0 ], [ -10859535.165268417447805, 3005364.940192440524697, 0.0 ] ] ] } },
{ "type": "Feature", "properties": { "Layer": "PLAT-CL-S1", "PaperSpace": null, "SubClasses": "AcDbEntity:AcDbCircle:AcDbArc", "Linetype": "CENTER2", "EntityHandle": "321", "Text": null }, "geometry": { "type": "MultiLineString", "coordinates": [ [ [ -10859509.399323178455234, 3005481.830376673024148, 0.0 ], [ -10859511.477886099368334, 3005457.606934061739594, 0.0 ], [ -10859515.162970684468746, 3005433.577520004007965, 0.0 ], [ -10859520.438069684430957, 3005409.849719336256385, 0.0 ] ] ] } },
{ "type": "Feature", "properties": { "Layer": "PLAT-CL-S1", "PaperSpace": null, "SubClasses": "AcDbEntity:AcDbCircle:AcDbArc", "Linetype": "CENTER2", "EntityHandle": "322", "Text": null }, "geometry": { "type": "MultiLineString", "coordinates": [ [ [ -10859529.465261854231358, 3005337.193175172433257, 0.0 ], [ -10859530.670806903392076, 3005338.477640338242054, 0.0 ], [ -10859531.785279152914882, 3005339.842721572611481, 0.0 ], [ -10859532.80336045846343, 3005341.281904912088066, 0.0 ], [ -10859533.720192633569241, 3005342.788322779349983, 0.0 ], [ -10859534.531400645151734, 3005344.354786756448448, 0.0 ], [ -10859535.233113469555974, 3005345.973821898922324, 0.0 ], [ -10859535.821982586756349, 3005347.637702385429293, 0.0 ], [ -10859536.295197943225503, 3005349.338488398585469, 0.0 ], [ -10859536.650501372292638, 3005351.068064009770751, 0.0 ], [ -10859536.886197362095118, 3005352.818175891879946, 0.0 ], [ -10859537.001161156222224, 3005354.580472727306187, 0.0 ], [ -10859536.994844114407897, 3005356.346545041538775, 0.0 ], [ -10859536.867276338860393, 3005358.10796533850953, 0.0 ], [ -10859536.619066517800093, 3005359.856328319292516, 0.0 ], [ -10859536.251399042084813, 3005361.583290976006538, 0.0 ], [ -10859535.766028335317969, 3005363.280612427741289, 0.0 ], [ -10859535.165270490571856, 3005364.940193218644708, 0.0 ] ] ] } },
{ "type": "Feature", "properties": { "Layer": "PLAT-EASEMENT-S1", "PaperSpace": null, "SubClasses": "AcDbEntity:AcDbCircle:AcDbArc", "Linetype": "HIDDEN2", "EntityHandle": "323", "Text": null }, "geometry": { "type": "MultiLineString", "coordinates": [ [ [ -10859527.55848403647542, 3005361.121655947994441, 0.0 ], [ -10859537.714686384424567, 3005338.204325767699629, 0.0 ] ] ] } },
{ "type": "Feature", "properties": { "Layer": "PLAT-EASEMENT-S1", "PaperSpace": null, "SubClasses": "AcDbEntity:AcDbCircle:AcDbArc", "Linetype": "HIDDEN2", "EntityHandle": "324", "Text": null }, "geometry": { "type": "MultiLineString", "coordinates": [ [ [ -10859494.226608771830797, 3005479.854216674342752, 0.0 ], [ -10859496.484181465581059, 3005454.504378196783364, 0.0 ], [ -10859500.430154144763947, 3005429.364296770188957, 0.0 ], [ -10859506.04669501632452, 3005404.547521623317152, 0.0 ], [ -10859513.308427162468433, 3005380.166140536777675, 0.0 ], [ -10859522.182543316856027, 3005356.330273637548089, 0.0 ], [ -10859532.628954187035561, 3005333.147576116025448, 0.0 ] ] ] } },
{ "type": "Feature", "properties": { "Layer": "PLAT-LOTLINE-S1", "PaperSpace": null, "SubClasses": "AcDbEntity:AcDbCircle:AcDbArc", "Linetype": null, "EntityHandle": "325", "Text": null }, "geometry": { "type": "MultiLineString", "coordinates": [ [ [ -10859500.837192628532648, 3005483.38017370691523, 0.0 ], [ -10859502.861502595245838, 3005458.311802718322724, 0.0 ], [ -10859506.566668210551143, 3005433.438412657938898, 0.0 ], [ -10859511.935728853568435, 3005408.873802461195737, 0.0 ], [ -10859518.944111628457904, 3005384.730357185006142, 0.0 ], [ -10859527.559743938967586, 3005361.118533876724541, 0.0 ] ] ] } },
{ "type": "Feature", "properties": { "Layer": "PLAT-LOTLINE-S1", "PaperSpace": null, "SubClasses": "AcDbEntity:AcDbCircle:AcDbArc", "Linetype": null, "EntityHandle": "327", "Text": null }, "geometry": { "type": "MultiLineString", "coordinates": [ [ [ -10859523.391251081600785, 3005340.742129122838378, 0.0 ], [ -10859524.276785900816321, 3005341.685748322401196, 0.0 ], [ -10859525.095296332612634, 3005342.688681997358799, 0.0 ], [ -10859525.84286305308342, 3005343.746127762366086, 0.0 ], [ -10859526.515906434506178, 3005344.85302221076563, 0.0 ], [ -10859527.111203694716096, 3005346.004065162967891, 0.0 ], [ -10859527.625904321670532, 3005347.193745027761906, 0.0 ], [ -10859528.057543728500605, 3005348.416365210432559, 0.0 ], [ -10859528.404055051505566, 3005349.666071387473494, 0.0 ], [ -10859528.663779048249125, 3005350.936879522167146, 0.0 ], [ -10859528.835472045466304, 3005352.222704546991736, 0.0 ], [ -10859528.918311892077327, 3005353.51738947071135, 0.0 ], [ -10859528.911901896819472, 3005354.814734886866063, 0.0 ], [ -10859528.816272730007768, 3005356.108528638724238, 0.0 ], [ -10859528.631882270798087, 3005357.3925755713135, 0.0 ], [ -10859528.359613424167037, 3005358.660727207548916, 0.0 ], [ -10859528.000769890844822, 3005359.9069111677818, 0.0 ], [ -10859527.557069920003414, 3005361.125160264316946, 0.0 ] ] ] } },
{ "type": "Feature", "properties": { "Layer": "PLAT-LOTLINE-S1", "PaperSpace": null, "SubClasses": "AcDbEntity:AcDbLine", "Linetype": null, "EntityHandle": "328", "Text": null }, "geometry": { "type": "MultiLineString", "coordinates": [ [ [ -10859406.613720634952188, 3005307.357646694872528, 0.0 ], [ -10859447.751725660637021, 3005265.533145601395518, 0.0 ] ] ] } },
{ "type": "Feature", "properties": { "Layer": "PLAT-CL-S1", "PaperSpace": null, "SubClasses": "AcDbEntity:AcDbCircle:AcDbArc", "Linetype": "CENTER2", "EntityHandle": "32A", "Text": null }, "geometry": { "type": "MultiLineString", "coordinates": [ [ [ -10859453.414999069646001, 3005259.301243361085653, 0.0 ], [ -10859452.051924386993051, 3005258.635780083946884, 0.0 ], [ -10859450.730693735182285, 3005257.889865457545966, 0.0 ], [ -10859449.45599896274507, 3005257.066148336976767, 0.0 ], [ -10859448.232366658747196, 3005256.167553847655654, 0.0 ], [ -10859447.064142087474465, 3005255.197273034602404, 0.0 ], [ -10859445.955473743379116, 3005254.158751495648175, 0.0 ] ] ] } },
{ "type": "Feature", "properties": { "Layer": "PLAT-CL-S1", "PaperSpace": null, "SubClasses": "AcDbEntity:AcDbLine", "Linetype": "CENTER2", "EntityHandle": "32B", "Text": null }, "geometry": { "type": "MultiLineString", "coordinates": [ [ [ -10859453.414999101310968, 3005259.30124337784946, 0.0 ], [ -10859464.686409581452608, 3005264.392517171800137, 0.0 ] ] ] } },
{ "type": "Feature", "properties": { "Layer": "PLAT-LOTLINE-S1", "PaperSpace": null, "SubClasses": "AcDbEntity:AcDbLine", "Linetype": null, "EntityHandle": "32C", "Text": null }, "geometry": { "type": "MultiLineString", "coordinates": [ [ [ -10859540.585468012839556, 3005374.377180707175285, 0.0 ], [ -10859572.254618313163519, 3005386.548404693137854, 0.0 ] ] ] } },
{ "type": "Feature", "properties": { "Layer": "PLAT-LOTLINE-S1", "PaperSpace": null, "SubClasses": "AcDbEntity:AcDbLine", "Linetype": null, "EntityHandle": "32D", "Text": null }, "geometry": { "type": "MultiLineString", "coordinates": [ [ [ -10859531.890647241845727, 3005400.215960036963224, 0.0 ], [ -10859564.397278400138021, 3005409.901533399242908, 0.0 ] ] ] } },
{ "type": "Feature", "properties": { "Layer": "PLAT-LOTLINE-S1", "PaperSpace": null, "SubClasses": "AcDbEntity:AcDbLine", "Linetype": null, "EntityHandle": "32E", "Text": null }, "geometry": { "type": "MultiLineString", "coordinates": [ [ [ -10859525.20128994807601, 3005426.623313187155873, 0.0 ], [ -10859558.351357329636812, 3005433.772279171738774, 0.0 ] ] ] } },
{ "type": "Feature", "properties": { "Layer": "PLAT-LOTLINE-S1", "PaperSpace": null, "SubClasses": "AcDbEntity:AcDbLine", "Linetype": null, "EntityHandle": "32F", "Text": null }, "geometry": { "type": "MultiLineString", "coordinates": [ [ [ -10859520.543559335172176, 3005453.496003962587565, 0.0 ], [ -10859554.141919767484069, 3005458.063568329904228, 0.0 ] ] ] } },
{ "type": "Feature", "properties": { "Layer": "PLAT-LOTLINE-S1", "PaperSpace": null, "SubClasses": "AcDbEntity:AcDbLine", "Linetype": null, "EntityHandle": "330", "Text": null }, "geometry": { "type": "MultiLineString", "coordinates": [ [ [ -10859456.237043924629688, 3005477.429066912736744, 0.0 ], [ -10859460.406932916492224, 3005445.839254217687994, 0.0 ] ] ] } },
{ "type": "Feature", "properties": { "Layer": "PLAT-LOTLINE-S1", "PaperSpace": null, "SubClasses": "AcDbEntity:AcDbLine", "Linetype": null, "EntityHandle": "331", "Text": null }, "geometry": { "type": "MultiLineString", "coordinates": [ [ [ -10859460.406932916492224, 3005445.839254217687994, 0.0 ], [ -10859474.817743578925729, 3005383.457937319297343, 0.0 ] ] ] } },
{ "type": "Feature", "properties": { "Layer": "PLAT-LOTLINE-S1", "PaperSpace": null, "SubClasses": "AcDbEntity:AcDbLine", "Linetype": null, "EntityHandle": "332", "Text": null }, "geometry": { "type": "MultiLineString", "coordinates": [ [ [ -10859474.817743578925729, 3005383.457937319297343, 0.0 ], [ -10859476.124044578522444, 3005356.706976432353258, 0.0 ] ] ] } },
{ "type": "Feature", "properties": { "Layer": "PLAT-LOTLINE-S1", "PaperSpace": null, "SubClasses": "AcDbEntity:AcDbLine", "Linetype": null, "EntityHandle": "333", "Text": null }, "geometry": { "type": "MultiLineString", "coordinates": [ [ [ -10859476.124044578522444, 3005356.706976432353258, 0.0 ], [ -10859467.028398435562849, 3005332.103691837284714, 0.0 ] ] ] } },
{ "type": "Feature", "properties": { "Layer": "PLAT-LOTLINE-S1", "PaperSpace": null, "SubClasses": "AcDbEntity:AcDbLine", "Linetype": null, "EntityHandle": "334", "Text": null }, "geometry": { "type": "MultiLineString", "coordinates": [ [ [ -10859467.028398435562849, 3005332.103691837284714, 0.0 ], [ -10859452.785680759698153, 3005308.891604597680271, 0.0 ] ] ] } },
{ "type": "Feature", "properties": { "Layer": "PLAT-LOTLINE-S1", "PaperSpace": null, "SubClasses": "AcDbEntity:AcDbLine", "Linetype": null, "EntityHandle": "335", "Text": null }, "geometry": { "type": "MultiLineString", "coordinates": [ [ [ -10859452.785680759698153, 3005308.891604597680271, 0.0 ], [ -10859428.680091051384807, 3005284.923071332275867, 0.0 ] ] ] } },
{ "type": "Feature", "properties": { "Layer": "PLAT-LOTLINE-S1", "PaperSpace": null, "SubClasses": "AcDbEntity:AcDbLine", "Linetype": null, "EntityHandle": "336", "Text": null }, "geometry": { "type": "MultiLineString", "coordinates": [ [ [ -10859445.553709546104074, 3005301.700760672334582, 0.0 ], [ -10859460.978651547804475, 3005288.174084146972746, 0.0 ] ] ] } },
{ "type": "Feature", "properties": { "Layer": "PLAT-EASEMENT-S1", "PaperSpace": null, "SubClasses": "AcDbEntity:AcDbLine", "Linetype": "HIDDEN2", "EntityHandle": "338", "Text": null }, "geometry": { "type": "MultiLineString", "coordinates": [ [ [ -10859459.79743991792202, 3005289.396588537842035, 0.0 ], [ -10859454.255414113402367, 3005283.983338119462132, 0.0 ] ] ] } },
{ "type": "Feature", "properties": { "Layer": "PLAT-CL-S1", "PaperSpace": null, "SubClasses": "AcDbEntity:AcDbCircle:AcDbArc", "Linetype": "CENTER2", "EntityHandle": "339", "Text": null }, "geometry": { "type": "MultiLineString", "coordinates": [ [ [ -10859471.712624318897724, 3005286.160645333584398, 0.0 ], [ -10859479.179388644173741, 3005290.797549005132169, 0.0 ], [ -10859486.332229761406779, 3005295.910320164635777, 0.0 ], [ -10859493.14119254052639, 3005301.477547976188362, 0.0 ], [ -10859499.57776185311377, 3005307.475918411742896, 0.0 ] ] ] } },
{ "type": "Feature", "properties": { "Layer": "PLAT-CL-S1", "PaperSpace": null, "SubClasses": "AcDbEntity:AcDbCircle:AcDbArc", "Linetype": null, "EntityHandle": "33A", "Text": null }, "geometry": { "type": "MultiLineString", "coordinates": [ [ [ -10859464.686409575864673, 3005264.392517182510346, 0.0 ], [ -10859465.127644250169396, 3005263.478905899450183, 0.0 ], [ -10859465.622217573225498, 3005262.593340433668345, 0.0 ], [ -10859466.168373415246606, 3005261.738965224009007, 0.0 ], [ -10859466.764172494411469, 3005260.918813960626721, 0.0 ], [ -10859467.407499255612493, 3005260.135798804461956, 0.0 ], [ -10859468.096069384366274, 3005259.392700056545436, 0.0 ] ] ] } },
{ "type": "Feature", "properties": { "Layer": "PLAT-CL-S1", "PaperSpace": null, "SubClasses": "AcDbEntity:AcDbCircle:AcDbArc", "Linetype": "CENTER2", "EntityHandle": "33B", "Text": null }, "geometry": { "type": "MultiLineString", "coordinates": [ [ [ -10859471.712624058127403, 3005286.160645181313157, 0.0 ], [ -10859470.748379088938236, 3005285.560376262292266, 0.0 ], [ -10859469.826211566105485, 3005284.896626317407936, 0.0 ], [ -10859468.95024898275733, 3005284.172366210259497, 0.0 ], [ -10859468.124412016943097, 3005283.390837639570236, 0.0 ], [ -10859467.352396998554468, 3005282.555538629647344, 0.0 ], [ -10859466.637659350410104, 3005281.670207877177745, 0.0 ], [ -10859465.98339812643826, 3005280.73880800884217, 0.0 ], [ -10859465.392541699111462, 3005279.765507845208049, 0.0 ], [ -10859464.867734646424651, 3005278.754663754720241, 0.0 ], [ -10859464.411325914785266, 3005277.710800138302147, 0.0 ], [ -10859464.025358311831951, 3005276.638589192647487, 0.0 ], [ -10859463.711559357121587, 3005275.542829985264689, 0.0 ], [ -10859463.471333550289273, 3005274.428426981903613, 0.0 ], [ -10859463.305756092071533, 3005273.300368091091514, 0.0 ], [ -10859463.215568065643311, 3005272.163702346384525, 0.0 ], [ -10859463.201173121109605, 3005271.023517297580838, 0.0 ], [ -10859463.262635666877031, 3005269.884916245937347, 0.0 ], [ -10859463.399680592119694, 3005268.752995396032929, 0.0 ], [ -10859463.611694483086467, 3005267.632821056526154, 0.0 ], [ -10859463.897728379815817, 3005266.52940695732832, 0.0 ], [ -10859464.256502021104097, 3005265.447691801935434, 0.0 ], [ -10859464.686409575864673, 3005264.392517182510346, 0.0 ] ] ] } },
{ "type": "Feature", "properties": { "Layer": "PLAT-LOTLINE-S1", "PaperSpace": null, "SubClasses": "AcDbEntity:AcDbLine", "Linetype": null, "EntityHandle": "33C", "Text": null }, "geometry": { "type": "MultiLineString", "coordinates": [ [ [ -10859467.028398435562849, 3005332.103691837284714, 0.0 ], [ -10859502.107540434226394, 3005319.579648154322058, 0.0 ] ] ] } },
{ "type": "Feature", "properties": { "Layer": "PLAT-LOTLINE-S1", "PaperSpace": null, "SubClasses": "AcDbEntity:AcDbLine", "Linetype": null, "EntityHandle": "33D", "Text": null }, "geometry": { "type": "MultiLineString", "coordinates": [ [ [ -10859503.690560674294829, 3005451.614991695154458, 0.0 ], [ -10859460.406932916492224, 3005445.839254217687994, 0.0 ] ] ] } },
{ "type": "Feature", "properties": { "Layer": "PLAT-LOTLINE-S1", "PaperSpace": null, "SubClasses": "AcDbEntity:AcDbLine", "Linetype": null, "EntityHandle": "33E", "Text": null }, "geometry": { "type": "MultiLineString", "coordinates": [ [ [ -10859509.244287109002471, 3005420.202169394120574, 0.0 ], [ -10859467.612737689167261, 3005414.646903329063207, 0.0 ] ] ] } },
{ "type": "Feature", "properties": { "Layer": "PLAT-EASEMENT-S1", "PaperSpace": null, "SubClasses": "AcDbEntity:AcDbCircle:AcDbArc", "Linetype": "HIDDEN2", "EntityHandle": "341", "Text": null }, "geometry": { "type": "MultiLineString", "coordinates": [ [ [ -10859519.655096957460046, 3005480.572202244773507, 0.0 ], [ -10859521.801106348633766, 3005456.987119292840362, 0.0 ], [ -10859525.514614902436733, 3005433.599744335282594, 0.0 ], [ -10859530.778911825269461, 3005410.51527067180723, 0.0 ], [ -10859537.570311315357685, 3005387.83752817241475, 0.0 ], [ -10859545.858259234577417, 3005365.668516317848116, 0.0 ] ] ] } },
{ "type": "Feature", "properties": { "Layer": "PLAT-LOTLINE-S1", "PaperSpace": null, "SubClasses": "AcDbEntity:AcDbLine", "Linetype": null, "EntityHandle": "342", "Text": null }, "geometry": { "type": "MultiLineString", "coordinates": [ [ [ -10859527.558484414592385, 3005361.121655957307667, 0.0 ], [ -10859476.124044578522444, 3005356.706976432353258, 0.0 ] ] ] } },
{ "type": "Feature", "properties": { "Layer": "PLAT-LOTLINE-S1", "PaperSpace": null, "SubClasses": "AcDbEntity:AcDbLine", "Linetype": null, "EntityHandle": "343", "Text": null }, "geometry": { "type": "MultiLineString", "coordinates": [ [ [ -10859474.817743578925729, 3005383.457937319297343, 0.0 ], [ -10859517.526516338810325, 3005389.156922871246934, 0.0 ] ] ] } },
{ "type": "Feature", "properties": { "Layer": "PLAT-LOTLINE-S1", "PaperSpace": null, "SubClasses": "AcDbEntity:AcDbCircle:AcDbArc", "Linetype": null, "EntityHandle": "344", "Text": null }, "geometry": { "type": "MultiLineString", "coordinates": [ [ [ -10859455.436625756323338, 3005282.760834645014256, 0.0 ], [ -10859454.225361904129386, 3005281.493374210316688, 0.0 ], [ -10859453.103579441085458, 3005280.14522843901068, 0.0 ], [ -10859452.076580923050642, 3005278.722769931424409, 0.0 ], [ -10859451.149220865219831, 3005277.232722561340779, 0.0 ], [ -10859450.325882794335485, 3005275.682129687163979, 0.0 ], [ -10859449.61045852676034, 3005274.078320854809135, 0.0 ], [ -10859449.006329778581858, 3005272.428877163678408, 0.0 ], [ -10859448.516352178528905, 3005270.741595398169011, 0.0 ], [ -10859448.142841765657067, 3005269.024451218545437, 0.0 ], [ -10859447.887564050033689, 3005267.285561422351748, 0.0 ], [ -10859447.751725660637021, 3005265.53314559860155, 0.0 ] ] ] } },
{ "type": "Feature", "properties": { "Layer": "PLAT-EASEMENT-S1", "PaperSpace": null, "SubClasses": "AcDbEntity:AcDbCircle:AcDbArc", "Linetype": "HIDDEN2", "EntityHandle": "345", "Text": null }, "geometry": { "type": "MultiLineString", "coordinates": [ [ [ -10859454.255365299060941, 3005283.983290436677635, 0.0 ], [ -10859453.004310550168157, 3005282.677148973569274, 0.0 ], [ -10859451.842355759814382, 3005281.290300246328115, 0.0 ], [ -10859450.774638565257192, 3005279.828876334708184, 0.0 ], [ -10859449.805879922583699, 3005278.299339043907821, 0.0 ], [ -10859448.940363233909011, 3005276.708451344631612, 0.0 ], [ -10859448.181915400549769, 3005275.063247474376112, 0.0 ], [ -10859447.533889910206199, 3005273.371001829393208, 0.0 ], [ -10859446.999152010306716, 3005271.639196794945747, 0.0 ], [ -10859446.580066036432981, 3005269.87548966659233, 0.0 ], [ -10859446.278484955430031, 3005268.087678791955113, 0.0 ], [ -10859446.095742184668779, 3005266.283669088035822, 0.0 ] ] ] } },
{ "type": "Feature", "properties": { "Layer": "PLAT-LOTLINE-S1", "PaperSpace": null, "SubClasses": "AcDbEntity:AcDbCircle:AcDbArc", "Linetype": null, "EntityHandle": "346", "Text": null }, "geometry": { "type": "MultiLineString", "coordinates": [ [ [ -10859475.470980709418654, 3005296.504829553887248, 0.0 ], [ -10859482.251099690794945, 3005301.354493632446975, 0.0 ], [ -10859488.705722898244858, 3005306.634090088773519, 0.0 ], [ -10859494.807926643639803, 3005312.321597311645746, 0.0 ] ] ] } },
{ "type": "Feature", "properties": { "Layer": "PLAT-EASEMENT-S1", "PaperSpace": null, "SubClasses": "AcDbEntity:AcDbCircle:AcDbArc", "Linetype": "HIDDEN2", "EntityHandle": "347", "Text": null }, "geometry": { "type": "MultiLineString", "coordinates": [ [ [ -10859474.814569436013699, 3005298.113021905068308, 0.0 ], [ -10859481.403377328068018, 3005302.847968687303364, 0.0 ], [ -10859487.678988959640265, 3005307.995085236616433, 0.0 ], [ -10859493.615939859300852, 3005313.533486880362034, 0.0 ] ] ] } },
{ "type": "Feature", "properties": { "Layer": "PLAT-LOTLINE-S1", "PaperSpace": null, "SubClasses": "AcDbEntity:AcDbCircle:AcDbArc", "Linetype": null, "EntityHandle": "348", "Text": null }, "geometry": { "type": "MultiLineString", "coordinates": [ [ [ -10859475.470980709418654, 3005296.504829554352909, 0.0 ], [ -10859473.810773709788918, 3005296.134430414065719, 0.0 ], [ -10859472.17890390753746, 3005295.65328463492915, 0.0 ], [ -10859470.582670401781797, 3005295.063544321805239, 0.0 ], [ -10859469.029212895780802, 3005294.367847307119519, 0.0 ], [ -10859467.525479758158326, 3005293.56930534588173, 0.0 ], [ -10859466.078196944668889, 3005292.671490218024701, 0.0 ], [ -10859464.693837916478515, 3005291.678417722228914, 0.0 ], [ -10859463.378594676032662, 3005290.594529737718403, 0.0 ], [ -10859462.138350086286664, 3005289.424674346111715, 0.0 ], [ -10859460.978651544079185, 3005288.174084142781794, 0.0 ] ] ] } },
{ "type": "Feature", "properties": { "Layer": "PLAT-EASEMENT-S1", "PaperSpace": null, "SubClasses": "AcDbEntity:AcDbCircle:AcDbArc", "Linetype": "HIDDEN2", "EntityHandle": "349", "Text": null }, "geometry": { "type": "MultiLineString", "coordinates": [ [ [ -10859474.814569478854537, 3005298.113021929282695, 0.0 ], [ -10859473.08281453885138, 3005297.704128050245345, 0.0 ], [ -10859471.381442192941904, 3005297.181979425717145, 0.0 ], [ -10859469.717770794406533, 3005296.548822060693055, 0.0 ], [ -10859468.098956538364291, 3005295.807379457168281, 0.0 ], [ -10859466.531962653622031, 3005294.960840911604464, 0.0 ], [ -10859465.023529471829534, 3005294.012847779784352, 0.0 ], [ -10859463.580145418643951, 3005292.967477820813656, 0.0 ], [ -10859462.208019116893411, 3005291.829227657988667, 0.0 ], [ -10859460.91305266879499, 3005290.602993426378816, 0.0 ], [ -10859459.70081627741456, 3005289.294049724470824, 0.0 ] ] ] } },
{ "type": "Feature", "properties": { "Layer": "PLAT-LOTLINE-S1", "PaperSpace": null, "SubClasses": "AcDbEntity:AcDbLine", "Linetype": null, "EntityHandle": "34A", "Text": null }, "geometry": { "type": "MultiLineString", "coordinates": [ [ [ -10859385.767943810671568, 3005304.619804233312607, 0.0 ], [ -10859406.613720634952188, 3005307.357646694872528, 0.0 ] ] ] } },
{ "type": "Feature", "properties": { "Layer": "PLAT-BORDER-LEGAL", "PaperSpace": null, "SubClasses": "AcDbEntity:AcDbMText", "Linetype": null, "EntityHandle": "34B", "Text": "(VOLUME 18354, PAGE 47 O.R.) " }, "geometry": { "type": "MultiPoint", "coordinates": [ [ -10859559.090050602331758, 3005241.725696571171284, 0.0 ] ] } },
{ "type": "Feature", "properties": { "Layer": "PLAT-TEXT-ACCESS", "PaperSpace": null, "SubClasses": "AcDbEntity:AcDbMText", "Linetype": "Continuous", "EntityHandle": "34D", "Text": "N46°11'42\"W" }, "geometry": { "type": "MultiPoint", "coordinates": [ [ -10859591.269328163936734, 3005127.127440099604428, 0.0 ] ] } },
{ "type": "Feature", "properties": { "Layer": "PLAT-TEXT-ACCESS", "PaperSpace": null, "SubClasses": "AcDbEntity:AcDbMText", "Linetype": "Continuous", "EntityHandle": "34E", "Text": "50.00'" }, "geometry": { "type": "MultiPoint", "coordinates": [ [ -10859600.974752470850945, 3005136.52155968407169, 0.0 ] ] } },
{ "type": "Feature", "properties": { "Layer": "PLAT-DIM-S1", "PaperSpace": null, "SubClasses": "AcDbEntity:AcDbMText", "Linetype": "Continuous", "EntityHandle": "34F", "Text": "(808.00' REC.)" }, "geometry": { "type": "MultiPoint", "coordinates": [ [ -10859374.967885173857212, 3005342.514534581452608, 0.0 ] ] } },
{ "type": "Feature", "properties": { "Layer": "PLAT-TEXT-S1", "PaperSpace": null, "SubClasses": "AcDbEntity:AcDbText:AcDbText", "Linetype": null, "EntityHandle": "350", "Text": "1" }, "geometry": { "type": "MultiPoint", "coordinates": [ [ -10859559.735172295942903, 3005367.423462339676917, 30.596 ] ] } },
{ "type": "Feature", "properties": { "Layer": "PLAT-TEXT-S1", "PaperSpace": null, "SubClasses": "AcDbEntity:AcDbText:AcDbText", "Linetype": null, "EntityHandle": "351", "Text": "2" }, "geometry": { "type": "MultiPoint", "coordinates": [ [ -10859551.519244156777859, 3005390.103633366990834, 30.596 ] ] } },
{ "type": "Feature", "properties": { "Layer": "PLAT-TEXT-S1", "PaperSpace": null, "SubClasses": "AcDbEntity:AcDbText:AcDbText", "Linetype": null, "EntityHandle": "352", "Text": "3" }, "geometry": { "type": "MultiPoint", "coordinates": [ [ -10859544.553027475252748, 3005415.748933783732355, 30.596 ] ] } },
{ "type": "Feature", "properties": { "Layer": "PLAT-TEXT-S1", "PaperSpace": null, "SubClasses": "AcDbEntity:AcDbText:AcDbText", "Linetype": null, "EntityHandle": "353", "Text": "4" }, "geometry": { "type": "MultiPoint", "coordinates": [ [ -10859538.578511031344533, 3005440.302517446223646, 30.596 ] ] } },
{ "type": "Feature", "properties": { "Layer": "PLAT-TEXT-S1", "PaperSpace": null, "SubClasses": "AcDbEntity:AcDbText:AcDbText", "Linetype": null, "EntityHandle": "354", "Text": "1" }, "geometry": { "type": "MultiPoint", "coordinates": [ [ -10859413.379343898966908, 3005267.451848456636071, 30.596 ] ] } },
{ "type": "Feature", "properties": { "Layer": "PLAT-TEXT-S1", "PaperSpace": null, "SubClasses": "AcDbEntity:AcDbText:AcDbText", "Linetype": null, "EntityHandle": "355", "Text": "3" }, "geometry": { "type": "MultiPoint", "coordinates": [ [ -10859497.64899611659348, 3005340.219506620429456, 30.596 ] ] } },
{ "type": "Feature", "properties": { "Layer": "PLAT-TEXT-S1", "PaperSpace": null, "SubClasses": "AcDbEntity:AcDbText:AcDbText", "Linetype": null, "EntityHandle": "356", "Text": "4" }, "geometry": { "type": "MultiPoint", "coordinates": [ [ -10859500.397739827632904, 3005370.945688768755645, 30.596 ] ] } },
{ "type": "Feature", "properties": { "Layer": "PLAT-TEXT-S1", "PaperSpace": null, "SubClasses": "AcDbEntity:AcDbText:AcDbText", "Linetype": null, "EntityHandle": "357", "Text": "5" }, "geometry": { "type": "MultiPoint", "coordinates": [ [ -10859488.857981190085411, 3005400.081807261798531, 30.596 ] ] } },
{ "type": "Feature", "properties": { "Layer": "PLAT-TEXT-S1", "PaperSpace": null, "SubClasses": "AcDbEntity:AcDbText:AcDbText", "Linetype": null, "EntityHandle": "358", "Text": "6" }, "geometry": { "type": "MultiPoint", "coordinates": [ [ -10859479.591181429103017, 3005429.790215179789811, 30.596 ] ] } },
{ "type": "Feature", "properties": { "Layer": "PLAT-TEXT-S1", "PaperSpace": null, "SubClasses": "AcDbEntity:AcDbText:AcDbText", "Linetype": null, "EntityHandle": "359", "Text": "7" }, "geometry": { "type": "MultiPoint", "coordinates": [ [ -10859477.282686775550246, 3005459.186141091864556, 30.596 ] ] } },
{ "type": "Feature", "properties": { "Layer": "PLAT-TEXT-S1", "PaperSpace": null, "SubClasses": "AcDbEntity:AcDbText:AcDbText", "Linetype": null, "EntityHandle": "35A", "Text": "LOT 8" }, "geometry": { "type": "MultiPoint", "coordinates": [ [ -10859423.313266441226006, 3005395.348280671518296, 30.596 ] ] } },
{ "type": "Feature", "properties": { "Layer": "PLAT-BORDER-S1", "PaperSpace": null, "SubClasses": "AcDbEntity:AcDbLine", "Linetype": null, "EntityHandle": "35B", "Text": null }, "geometry": { "type": "MultiLineString", "coordinates": [ [ [ -10859460.863566674292088, 3005252.20244719972834, 0.0 ], [ -10859400.597572483122349, 3005192.279016932472587, 0.0 ] ] ] } },
{ "type": "Feature", "properties": { "Layer": "PLAT-BORDER-S1", "PaperSpace": null, "SubClasses": "AcDbEntity:AcDbCircle:AcDbArc", "Linetype": null, "EntityHandle": "35C", "Text": null }, "geometry": { "type": "MultiLineString", "coordinates": [ [ [ -10859572.254250284284353, 3005386.551242693793029, 0.0 ], [ -10859579.147914817556739, 3005369.812940933741629, 0.0 ] ] ] } },
{ "type": "Feature", "properties": { "Layer": "PLAT-EASEMENT-S1", "PaperSpace": null, "SubClasses": "AcDbEntity:AcDbLine", "Linetype": "HIDDEN2", "EntityHandle": "35D", "Text": null }, "geometry": { "type": "MultiLineString", "coordinates": [ [ [ -10859387.44885309971869, 3005304.840572655200958, 0.0 ], [ -10859399.032346608117223, 3005217.090647286735475, 0.0 ] ] ] } },
{ "type": "Feature", "properties": { "Layer": "PLAT-DIM-EASEMENT-ACCESS", "PaperSpace": null, "SubClasses": "AcDbEntity:AcDbMText", "Linetype": null, "EntityHandle": "361", "Text": "20' ERHWSC EASEMENT" }, "geometry": { "type": "MultiPoint", "coordinates": [ [ -10859565.949246142059565, 3005129.651900214608759, 29.832 ] ] } },
{ "type": "Feature", "properties": { "Layer": "PLAT-DIM-EASEMENT-ACCESS", "PaperSpace": null, "SubClasses": "AcDbEntity:AcDbMText", "Linetype": null, "EntityHandle": "362", "Text": "15' ERHWSC EASEMENT" }, "geometry": { "type": "MultiPoint", "coordinates": [ [ -10859583.805964043363929, 3005168.092097999062389, 29.832 ] ] } },
{ "type": "Feature", "properties": { "Layer": "PLAT-DIM-EASEMENT-ACCESS", "PaperSpace": null, "SubClasses": "AcDbEntity:AcDbLine", "Linetype": null, "EntityHandle": "363", "Text": null }, "geometry": { "type": "MultiLineString", "coordinates": [ [ [ -10859524.022688129916787, 3005174.397633052896708, 0.0 ], [ -10859530.781060539186001, 3005181.11749726627022, 0.0 ] ] ] } },
{ "type": "Feature", "properties": { "Layer": "PLAT-DIM-EASEMENT-ACCESS", "PaperSpace": null, "SubClasses": "AcDbEntity:AcDbLine", "Linetype": null, "EntityHandle": "364", "Text": null }, "geometry": { "type": "MultiLineString", "coordinates": [ [ [ -10859533.1917106769979, 3005183.514410300180316, 0.0 ], [ -10859536.039317360147834, 3005186.345788819249719, 0.0 ] ] ] } },
{ "type": "Feature", "properties": { "Layer": "PLAT-DIM-EASEMENT-ACCESS", "PaperSpace": null, "SubClasses": "AcDbEntity:AcDbPolyline", "Linetype": null, "EntityHandle": "365", "Text": null }, "geometry": { "type": "MultiLineString", "coordinates": [ [ [ -10859533.1917106769979, 3005183.514410300180316 ], [ -10859534.491067457944155, 3005184.811173444613814 ] ] ] } },
{ "type": "Feature", "properties": { "Layer": "PLAT-DIM-EASEMENT-ACCESS", "PaperSpace": null, "SubClasses": "AcDbEntity:AcDbPolyline", "Linetype": null, "EntityHandle": "366", "Text": null }, "geometry": { "type": "MultiLineString", "coordinates": [ [ [ -10859530.781060539186001, 3005181.11749726627022 ], [ -10859529.484199140220881, 3005179.818212031852454 ] ] ] } },
{ "type": "Feature", "properties": { "Layer": "PLAT-DIM-EASEMENT-ACCESS", "PaperSpace": null, "SubClasses": "AcDbEntity:AcDbLine", "Linetype": null, "EntityHandle": "367", "Text": null }, "geometry": { "type": "MultiLineString", "coordinates": [ [ [ -10859522.247017525136471, 3005176.202960215974599, 0.0 ], [ -10859524.022688129916787, 3005174.397633052896708, 0.0 ] ] ] } },
{ "type": "Feature", "properties": { "Layer": "PLAT-DIM-EASEMENT-ACCESS", "PaperSpace": null, "SubClasses": "AcDbEntity:AcDbLine", "Linetype": null, "EntityHandle": "368", "Text": null }, "geometry": { "type": "MultiLineString", "coordinates": [ [ [ -10859583.779230430722237, 3005166.848992369137704, 0.0 ], [ -10859585.836750466376543, 3005164.690925848670304, 0.0 ] ] ] } },
{ "type": "Feature", "properties": { "Layer": "PLAT-DIM-EASEMENT-ACCESS", "PaperSpace": null, "SubClasses": "AcDbEntity:AcDbMText", "Linetype": null, "EntityHandle": "369", "Text": "10' BPUB ELECTRICAL EASEMENT\n         " }, "geometry": { "type": "MultiPoint", "coordinates": [ [ -10859522.259391393512487, 3005177.694462935905904, 29.832 ] ] } },
{ "type": "Feature", "properties": { "Layer": "PLAT-DIM-EASEMENT-ACCESS", "PaperSpace": null, "SubClasses": "AcDbEntity:AcDbLine", "Linetype": null, "EntityHandle": "36A", "Text": null }, "geometry": { "type": "MultiLineString", "coordinates": [ [ [ -10859513.365119569003582, 3005235.200818619690835, 0.0 ], [ -10859507.236752333119512, 3005229.294174876064062, 0.0 ] ] ] } },
{ "type": "Feature", "properties": { "Layer": "PLAT-DIM-EASEMENT-ACCESS", "PaperSpace": null, "SubClasses": "AcDbEntity:AcDbLine", "Linetype": null, "EntityHandle": "36B", "Text": null }, "geometry": { "type": "MultiLineString", "coordinates": [ [ [ -10859494.99796736612916, 3005217.498171966057271, 0.0 ], [ -10859491.74987486563623, 3005214.367587426211685, 0.0 ] ] ] } },
{ "type": "Feature", "properties": { "Layer": "PLAT-DIM-EASEMENT-ACCESS", "PaperSpace": null, "SubClasses": "AcDbEntity:AcDbPolyline", "Linetype": null, "EntityHandle": "36C", "Text": null }, "geometry": { "type": "MultiLineString", "coordinates": [ [ [ -10859494.99796736612916, 3005217.498171966057271 ], [ -10859493.673987710848451, 3005216.22682956373319 ] ] ] } },
{ "type": "Feature", "properties": { "Layer": "PLAT-DIM-EASEMENT-ACCESS", "PaperSpace": null, "SubClasses": "AcDbEntity:AcDbPolyline", "Linetype": null, "EntityHandle": "36D", "Text": null }, "geometry": { "type": "MultiLineString", "coordinates": [ [ [ -10859507.236752333119512, 3005229.294174876064062 ], [ -10859508.563175378367305, 3005230.56294243875891 ] ] ] } },
{ "type": "Feature", "properties": { "Layer": "PLAT-DIM-EASEMENT-ACCESS", "PaperSpace": null, "SubClasses": "AcDbEntity:AcDbLine", "Linetype": null, "EntityHandle": "36E", "Text": null }, "geometry": { "type": "MultiLineString", "coordinates": [ [ [ -10859511.589439960196614, 3005237.00615211436525, 0.0 ], [ -10859513.365119569003582, 3005235.200818619690835, 0.0 ] ] ] } },
{ "type": "Feature", "properties": { "Layer": "PLAT-DIM-EASEMENT-ACCESS", "PaperSpace": null, "SubClasses": "AcDbEntity:AcDbMText", "Linetype": null, "EntityHandle": "36F", "Text": "ACCESS EASEMENT\n(VOL. 18354, PG. 53, C.C.O.R.)" }, "geometry": { "type": "MultiPoint", "coordinates": [ [ -10859512.880558369681239, 3005239.491969168651849, 29.832 ] ] } },
{ "type": "Feature", "properties": { "Layer": "PLAT-TEXT-ACCESS", "PaperSpace": null, "SubClasses": "AcDbEntity:AcDbMText", "Linetype": "Continuous", "EntityHandle": "370", "Text": "C VITTORIO ALFIERI AVENUE" }, "geometry": { "type": "MultiPoint", "coordinates": [ [ -10859505.044668938964605, 3005229.099299733992666, 0.0 ] ] } },
{ "type": "Feature", "properties": { "Layer": "PLAT-TEXT-ACCESS", "PaperSpace": null, "SubClasses": "AcDbEntity:AcDbMText", "Linetype": "Continuous", "EntityHandle": "371", "Text": "L" }, "geometry": { "type": "MultiPoint", "coordinates": [ [ -10859524.147249847650528, 3005207.739962518215179, 0.0 ] ] } },
{ "type": "Feature", "properties": { "Layer": "PLAT-TEXT-ACCESS", "PaperSpace": null, "SubClasses": "AcDbEntity:AcDbMText", "Linetype": null, "EntityHandle": "372", "Text": "(50' PRIVATE ROAD)" }, "geometry": { "type": "MultiPoint", "coordinates": [ [ -10859511.327891582623124, 3005213.718008839059621, 44.748 ] ] } },
{ "type": "Feature", "properties": { "Layer": "PLAT-TEXT-S1", "PaperSpace": null, "SubClasses": "AcDbEntity:AcDbMText", "Linetype": "Continuous", "EntityHandle": "373", "Text": "L GIUSEPPE VERDI" }, "geometry": { "type": "MultiPoint", "coordinates": [ [ -10859510.112460097298026, 3005305.438391657546163, 0.0 ] ] } },
{ "type": "Feature", "properties": { "Layer": "PLAT-TEXT-S1", "PaperSpace": null, "SubClasses": "AcDbEntity:AcDbMText", "Linetype": null, "EntityHandle": "374", "Text": "(PRIVATE ROAD)" }, "geometry": { "type": "MultiPoint", "coordinates": [ [ -10859499.924539215862751, 3005302.299830279313028, 44.748 ] ] } },
{ "type": "Feature", "properties": { "Layer": "PLAT-TEXT-S1", "PaperSpace": null, "SubClasses": "AcDbEntity:AcDbMText", "Linetype": "Continuous", "EntityHandle": "375", "Text": "RESERVE \"A\"" }, "geometry": { "type": "MultiPoint", "coordinates": [ [ -10859420.167608845978975, 3005223.208360444288701, 0.0 ] ] } },
{ "type": "Feature", "properties": { "Layer": "PLAT-DIM-EASEMENT-S1", "PaperSpace": null, "SubClasses": "AcDbEntity:AcDbMText", "Linetype": null, "EntityHandle": "376", "Text": "20' ERHWSC EASEMENT\n(VOL. 21882, PG. 28, C.C.O.R.)" }, "geometry": { "type": "MultiPoint", "coordinates": [ [ -10859424.095376309007406, 3005200.669914054684341, 29.832 ] ] } },
{ "type": "Feature", "properties": { "Layer": "PLAT-DIM-EASEMENT-S1", "PaperSpace": null, "SubClasses": "AcDbEntity:AcDbLine", "Linetype": null, "EntityHandle": "377", "Text": null }, "geometry": { "type": "MultiLineString", "coordinates": [ [ [ -10859420.466530198231339, 3005198.424567033536732, 0.0 ], [ -10859413.698505004867911, 3005205.305525109171867, 0.0 ] ] ] } },
{ "type": "Feature", "properties": { "Layer": "PLAT-DIM-EASEMENT-S1", "PaperSpace": null, "SubClasses": "AcDbEntity:AcDbLine", "Linetype": null, "EntityHandle": "378", "Text": null }, "geometry": { "type": "MultiLineString", "coordinates": [ [ [ -10859408.930565325543284, 3005210.153019760269672, 0.0 ], [ -10859405.596154935657978, 3005213.543064150493592, 0.0 ] ] ] } },
{ "type": "Feature", "properties": { "Layer": "PLAT-DIM-EASEMENT-S1", "PaperSpace": null, "SubClasses": "AcDbEntity:AcDbPolyline", "Linetype": null, "EntityHandle": "379", "Text": null }, "geometry": { "type": "MultiLineString", "coordinates": [ [ [ -10859408.930565325543284, 3005210.153019760269672 ], [ -10859407.640804104506969, 3005211.459435635711998 ] ] ] } },
{ "type": "Feature", "properties": { "Layer": "PLAT-DIM-EASEMENT-S1", "PaperSpace": null, "SubClasses": "AcDbEntity:AcDbPolyline", "Linetype": null, "EntityHandle": "37A", "Text": null }, "geometry": { "type": "MultiLineString", "coordinates": [ [ [ -10859413.698505004867911, 3005205.305525109171867 ], [ -10859414.99077351950109, 3005204.001617532223463 ] ] ] } },
{ "type": "Feature", "properties": { "Layer": "PLAT-DIM-EASEMENT-S1", "PaperSpace": null, "SubClasses": "AcDbEntity:AcDbLine", "Linetype": null, "EntityHandle": "37B", "Text": null }, "geometry": { "type": "MultiLineString", "coordinates": [ [ [ -10859420.466530198231339, 3005198.424567033536732, 0.0 ], [ -10859422.940151985734701, 3005200.884131463244557, 0.0 ] ] ] } },
{ "type": "Feature", "properties": { "Layer": "PLAT-DIM-EASEMENT-S1", "PaperSpace": null, "SubClasses": "AcDbEntity:AcDbLine", "Linetype": null, "EntityHandle": "37C", "Text": null }, "geometry": { "type": "MultiLineString", "coordinates": [ [ [ -10859404.113689918071032, 3005232.700667542405427, 0.0 ], [ -10859406.979601042345166, 3005229.786939990706742, 0.0 ] ] ] } },
{ "type": "Feature", "properties": { "Layer": "PLAT-DIM-EASEMENT-S1", "PaperSpace": null, "SubClasses": "AcDbEntity:AcDbLine", "Linetype": null, "EntityHandle": "37D", "Text": null }, "geometry": { "type": "MultiLineString", "coordinates": [ [ [ -10859408.171588091179729, 3005228.575064826291054, 0.0 ], [ -10859411.192251481115818, 3005225.504001219756901, 0.0 ] ] ] } },
{ "type": "Feature", "properties": { "Layer": "PLAT-DIM-EASEMENT-S1", "PaperSpace": null, "SubClasses": "AcDbEntity:AcDbPolyline", "Linetype": null, "EntityHandle": "37E", "Text": null }, "geometry": { "type": "MultiLineString", "coordinates": [ [ [ -10859408.171588091179729, 3005228.575064826291054 ], [ -10859409.46135082654655, 3005227.268647336401045 ] ] ] } },
{ "type": "Feature", "properties": { "Layer": "PLAT-DIM-EASEMENT-S1", "PaperSpace": null, "SubClasses": "AcDbEntity:AcDbPolyline", "Linetype": null, "EntityHandle": "37F", "Text": null }, "geometry": { "type": "MultiLineString", "coordinates": [ [ [ -10859406.979601042345166, 3005229.786939990706742 ], [ -10859405.687329426407814, 3005231.090849180240184 ] ] ] } },
{ "type": "Feature", "properties": { "Layer": "PLAT-DIM-EASEMENT-S1", "PaperSpace": null, "SubClasses": "AcDbEntity:AcDbLine", "Linetype": null, "EntityHandle": "380", "Text": null }, "geometry": { "type": "MultiLineString", "coordinates": [ [ [ -10859405.662402486428618, 3005234.240582571830601, 0.0 ], [ -10859404.113689918071032, 3005232.700667542405427, 0.0 ] ] ] } },
{ "type": "Feature", "properties": { "Layer": "PLAT-DIM-EASEMENT-S1", "PaperSpace": null, "SubClasses": "AcDbEntity:AcDbMText", "Linetype": null, "EntityHandle": "381", "Text": "5' BPUB ELECTRICAL EASEMENT\n       " }, "geometry": { "type": "MultiPoint", "coordinates": [ [ -10859406.636277867481112, 3005234.122744276653975, 29.832 ] ] } },
{ "type": "Feature", "properties": { "Layer": "PLAT-DIM-EASEMENT-S1", "PaperSpace": null, "SubClasses": "AcDbEntity:AcDbMText", "Linetype": null, "EntityHandle": "382", "Text": "5' ERHWSC EASEMENT\n(VOL. 21882, PG. 28)" }, "geometry": { "type": "MultiPoint", "coordinates": [ [ -10859503.799301236867905, 3005327.397182488348335, 29.832 ] ] } },
{ "type": "Feature", "properties": { "Layer": "PLAT-DIM-EASEMENT-S1", "PaperSpace": null, "SubClasses": "AcDbEntity:AcDbMText", "Linetype": null, "EntityHandle": "383", "Text": "20 FT. ERHWSC EASEMENT\n(VOL. 21882, PG. 28, C.C.O.R.)" }, "geometry": { "type": "MultiPoint", "coordinates": [ [ -10859504.487106155604124, 3005393.72368071693927, 0.0 ] ] } },
{ "type": "Feature", "properties": { "Layer": "PLAT-DIM-EASEMENT-S1", "PaperSpace": null, "SubClasses": "AcDbEntity:AcDbLine", "Linetype": null, "EntityHandle": "385", "Text": null }, "geometry": { "type": "MultiLineString", "coordinates": [ [ [ -10859399.210498254746199, 3005250.077113774139434, 0.0 ], [ -10859394.762727353721857, 3005249.43490734603256, 0.0 ] ] ] } },
{ "type": "Feature", "properties": { "Layer": "PLAT-DIM-EASEMENT-S1", "PaperSpace": null, "SubClasses": "AcDbEntity:AcDbLine", "Linetype": null, "EntityHandle": "386", "Text": null }, "geometry": { "type": "MultiLineString", "coordinates": [ [ [ -10859393.084761824458838, 3005249.192628247197717, 0.0 ], [ -10859388.832559362053871, 3005248.578657755628228, 0.0 ] ] ] } },
{ "type": "Feature", "properties": { "Layer": "PLAT-DIM-EASEMENT-S1", "PaperSpace": null, "SubClasses": "AcDbEntity:AcDbPolyline", "Linetype": null, "EntityHandle": "387", "Text": null }, "geometry": { "type": "MultiLineString", "coordinates": [ [ [ -10859393.084761824458838, 3005249.192628247197717 ], [ -10859391.27304589189589, 3005248.927580920979381 ] ] ] } },
{ "type": "Feature", "properties": { "Layer": "PLAT-DIM-EASEMENT-S1", "PaperSpace": null, "SubClasses": "AcDbEntity:AcDbPolyline", "Linetype": null, "EntityHandle": "388", "Text": null }, "geometry": { "type": "MultiLineString", "coordinates": [ [ [ -10859394.762727353721857, 3005249.43490734603256 ], [ -10859396.573930637910962, 3005249.703473690897226 ] ] ] } },
{ "type": "Feature", "properties": { "Layer": "PLAT-DIM-EASEMENT-S1", "PaperSpace": null, "SubClasses": "AcDbEntity:AcDbLine", "Linetype": null, "EntityHandle": "389", "Text": null }, "geometry": { "type": "MultiLineString", "coordinates": [ [ [ -10859399.210498254746199, 3005250.077113774139434, 0.0 ], [ -10859398.880181595683098, 3005252.389768475666642, 0.0 ] ] ] } },
{ "type": "Feature", "properties": { "Layer": "PLAT-DIM-EASEMENT-S1", "PaperSpace": null, "SubClasses": "AcDbEntity:AcDbMText", "Linetype": null, "EntityHandle": "38A", "Text": "5' ACCESS EASEMENT" }, "geometry": { "type": "MultiPoint", "coordinates": [ [ -10859399.28771966136992, 3005253.080764730460942, 29.832 ] ] } },
{ "type": "Feature", "properties": { "Layer": "PLAT-DIM-S1", "PaperSpace": null, "SubClasses": "AcDbEntity:AcDbLine", "Linetype": null, "EntityHandle": "391", "Text": null }, "geometry": { "type": "MultiLineString", "coordinates": [ [ [ -10859444.086745705455542, 3005235.521040939260274, 0.0 ], [ -10859430.974904345348477, 3005248.851708015892655, 0.0 ] ] ] } },
{ "type": "Feature", "properties": { "Layer": "PLAT-DIM-S1", "PaperSpace": null, "SubClasses": "AcDbEntity:AcDbPolyline", "Linetype": null, "EntityHandle": "392", "Text": null }, "geometry": { "type": "MultiLineString", "coordinates": [ [ [ -10859430.974904345348477, 3005248.851708015892655 ], [ -10859432.264666821807623, 3005247.545286568813026 ] ] ] } },
{ "type": "Feature", "properties": { "Layer": "PLAT-DIM-S1", "PaperSpace": null, "SubClasses": "AcDbEntity:AcDbPolyline", "Linetype": null, "EntityHandle": "393", "Text": null }, "geometry": { "type": "MultiLineString", "coordinates": [ [ [ -10859444.086745705455542, 3005235.521040939260274 ], [ -10859442.794476993381977, 3005236.824954081792384 ] ] ] } },
{ "type": "Feature", "properties": { "Layer": "PLAT-DIM-S1", "PaperSpace": null, "SubClasses": "AcDbEntity:AcDbMText", "Linetype": null, "EntityHandle": "394", "Text": "55.00'\nINGRESS\n&\nEGRESS\nEASEMENT" }, "geometry": { "type": "MultiPoint", "coordinates": [ [ -10859436.934502962976694, 3005241.522965980228037, 0.0 ] ] } },
{ "type": "Feature", "properties": { "Layer": "PLAT-DIM-EASEMENT-S1", "PaperSpace": null, "SubClasses": "AcDbEntity:AcDbMText", "Linetype": null, "EntityHandle": "395", "Text": "20' ERHWSC EASEMENT\n(VOL. 21882, PG. 28, C.C.O.R.)" }, "geometry": { "type": "MultiPoint", "coordinates": [ [ -10859504.300290614366531, 3005278.515115914866328, 29.832 ] ] } },
{ "type": "Feature", "properties": { "Layer": "PLAT-DIM-EASEMENT-S1", "PaperSpace": null, "SubClasses": "AcDbEntity:AcDbLine", "Linetype": null, "EntityHandle": "396", "Text": null }, "geometry": { "type": "MultiLineString", "coordinates": [ [ [ -10859498.005540333688259, 3005275.522516235243529, 0.0 ], [ -10859491.237515972927213, 3005282.403549029957503, 0.0 ] ] ] } },
{ "type": "Feature", "properties": { "Layer": "PLAT-DIM-EASEMENT-S1", "PaperSpace": null, "SubClasses": "AcDbEntity:AcDbLine", "Linetype": null, "EntityHandle": "397", "Text": null }, "geometry": { "type": "MultiLineString", "coordinates": [ [ [ -10859486.469576878473163, 3005287.251096325460821, 0.0 ], [ -10859484.180462872609496, 3005289.578429497778416, 0.0 ] ] ] } },
{ "type": "Feature", "properties": { "Layer": "PLAT-DIM-EASEMENT-S1", "PaperSpace": null, "SubClasses": "AcDbEntity:AcDbPolyline", "Linetype": null, "EntityHandle": "398", "Text": null }, "geometry": { "type": "MultiLineString", "coordinates": [ [ [ -10859486.469576878473163, 3005287.251096325460821 ], [ -10859485.179815789684653, 3005288.557526412419975 ] ] ] } },
{ "type": "Feature", "properties": { "Layer": "PLAT-DIM-EASEMENT-S1", "PaperSpace": null, "SubClasses": "AcDbEntity:AcDbPolyline", "Linetype": null, "EntityHandle": "399", "Text": null }, "geometry": { "type": "MultiLineString", "coordinates": [ [ [ -10859491.237515972927213, 3005282.403549029957503 ], [ -10859492.529784383252263, 3005281.099627239629626 ] ] ] } },
{ "type": "Feature", "properties": { "Layer": "PLAT-DIM-EASEMENT-S1", "PaperSpace": null, "SubClasses": "AcDbEntity:AcDbLine", "Linetype": null, "EntityHandle": "39A", "Text": null }, "geometry": { "type": "MultiLineString", "coordinates": [ [ [ -10859498.005540333688259, 3005275.522516235243529, 0.0 ], [ -10859501.734305137768388, 3005279.230049347039312, 0.0 ] ] ] } },
{ "type": "Feature", "properties": { "Layer": "PLAT-BORDER-LEGAL", "PaperSpace": null, "SubClasses": "AcDbEntity:AcDbMText", "Linetype": null, "EntityHandle": "39B", "Text": "MACHINERY PLAZA SUBDIVISION" }, "geometry": { "type": "MultiPoint", "coordinates": [ [ -10859462.327874891459942, 3005138.540180949028581, 0.0 ] ] } },
{ "type": "Feature", "properties": { "Layer": "PLAT-DIM-S1", "PaperSpace": null, "SubClasses": "AcDbEntity:AcDbLine", "Linetype": null, "EntityHandle": "39D", "Text": null }, "geometry": { "type": "MultiLineString", "coordinates": [ [ [ -10859533.147678893059492, 3005324.076449760701507, 0.0 ], [ -10859520.035839382559061, 3005337.407283109147102, 0.0 ] ] ] } },
{ "type": "Feature", "properties": { "Layer": "PLAT-DIM-S1", "PaperSpace": null, "SubClasses": "AcDbEntity:AcDbPolyline", "Linetype": null, "EntityHandle": "39E", "Text": null }, "geometry": { "type": "MultiLineString", "coordinates": [ [ [ -10859520.035839382559061, 3005337.407283109147102 ], [ -10859521.32560170814395, 3005336.100845333654433 ] ] ] } },
{ "type": "Feature", "properties": { "Layer": "PLAT-DIM-S1", "PaperSpace": null, "SubClasses": "AcDbEntity:AcDbPolyline", "Linetype": null, "EntityHandle": "39F", "Text": null }, "geometry": { "type": "MultiLineString", "coordinates": [ [ [ -10859533.147678893059492, 3005324.076449760701507 ], [ -10859531.855410300195217, 3005325.380379227921367 ] ] ] } },
{ "type": "Feature", "properties": { "Layer": "PLAT-DIM-S1", "PaperSpace": null, "SubClasses": "AcDbEntity:AcDbMText", "Linetype": null, "EntityHandle": "3A0", "Text": "55.00'" }, "geometry": { "type": "MultiPoint", "coordinates": [ [ -10859525.988732296973467, 3005330.975533436518162, 0.0 ] ] } },
{ "type": "Feature", "properties": { "Layer": "PLAT-DIM-S1", "PaperSpace": null, "SubClasses": "AcDbEntity:AcDbLine", "Linetype": null, "EntityHandle": "3A1", "Text": null }, "geometry": { "type": "MultiLineString", "coordinates": [ [ [ -10859529.991527950391173, 3005320.938208346720785, 0.0 ], [ -10859516.879688372835517, 3005334.269035806879401, 0.0 ] ] ] } },
{ "type": "Feature", "properties": { "Layer": "PLAT-DIM-S1", "PaperSpace": null, "SubClasses": "AcDbEntity:AcDbPolyline", "Linetype": null, "EntityHandle": "3A3", "Text": null }, "geometry": { "type": "MultiLineString", "coordinates": [ [ [ -10859516.879688372835517, 3005334.269035806879401 ], [ -10859518.169450704008341, 3005332.962598612066358 ] ] ] } },
{ "type": "Feature", "properties": { "Layer": "PLAT-DIM-S1", "PaperSpace": null, "SubClasses": "AcDbEntity:AcDbPolyline", "Linetype": null, "EntityHandle": "3A4", "Text": null }, "geometry": { "type": "MultiLineString", "coordinates": [ [ [ -10859529.991527950391173, 3005320.938208346720785 ], [ -10859528.699259351938963, 3005322.2421372407116 ] ] ] } },
{ "type": "Feature", "properties": { "Layer": "PLAT-DIM-S1", "PaperSpace": null, "SubClasses": "AcDbEntity:AcDbMText", "Linetype": null, "EntityHandle": "3A5", "Text": "35.00'" }, "geometry": { "type": "MultiPoint", "coordinates": [ [ -10859525.437772242352366, 3005324.849975096061826, 0.0 ] ] } },
{ "type": "Feature", "properties": { "Layer": "PLAT-DIM-S1", "PaperSpace": null, "SubClasses": "AcDbEntity:AcDbPolyline", "Linetype": null, "EntityHandle": "3A6", "Text": null }, "geometry": { "type": "MultiLineString", "coordinates": [ [ [ -10859521.648315845057368, 3005329.420767817646265 ], [ -10859522.938077291473746, 3005328.114330623764545 ] ] ] } },
{ "type": "Feature", "properties": { "Layer": "PLAT-DIM-S1", "PaperSpace": null, "SubClasses": "AcDbEntity:AcDbPolyline", "Linetype": null, "EntityHandle": "3A7", "Text": null }, "geometry": { "type": "MultiLineString", "coordinates": [ [ [ -10859521.648315845057368, 3005329.420767817646265 ], [ -10859520.356045700609684, 3005330.724696713499725 ] ] ] } },
{ "type": "Feature", "properties": { "Layer": "PLAT-DIM-S1", "PaperSpace": null, "SubClasses": "AcDbEntity:AcDbMText", "Linetype": null, "EntityHandle": "3A8", "Text": "20.00'" }, "geometry": { "type": "MultiPoint", "coordinates": [ [ -10859518.324842877686024, 3005331.324212699197233, 0.0 ] ] } },
{ "type": "Feature", "properties": { "Layer": "PLAT-TEXT-S1", "PaperSpace": null, "SubClasses": "AcDbEntity:AcDbMText", "Linetype": null, "EntityHandle": "3A9", "Text": "B L O C K   2" }, "geometry": { "type": "MultiPoint", "coordinates": [ [ -10859558.004897382110357, 3005409.026417455170304, 0.0 ] ] } },
{ "type": "Feature", "properties": { "Layer": "PLAT-TEXT-ACCESS", "PaperSpace": null, "SubClasses": "AcDbEntity:AcDbMText", "Linetype": "Continuous", "EntityHandle": "3AA", "Text": "US 77 FRONTAGE ROAD" }, "geometry": { "type": "MultiPoint", "coordinates": [ [ -10859602.281580796465278, 3005126.468542220536619, 0.0 ] ] } },
{ "type": "Feature", "properties": { "Layer": "PLAT-BORDER-S1", "PaperSpace": null, "SubClasses": "AcDbEntity:AcDbLine", "Linetype": null, "EntityHandle": "3AC", "Text": null }, "geometry": { "type": "MultiLineString", "coordinates": [ [ [ -10859364.57075010612607, 3005465.19602828565985, 0.0 ], [ -10859364.570578129962087, 3005465.197331054136157, 0.0 ] ] ] } },
{ "type": "Feature", "properties": { "Layer": "PLAT-DIM-S2", "PaperSpace": null, "SubClasses": "AcDbEntity:AcDbMText", "Linetype": null, "EntityHandle": "3AE", "Text": "N06Â°41'02\"E   175.00'" }, "geometry": { "type": "MultiPoint", "coordinates": [ [ -10859554.575197361409664, 3005700.538403207436204, 0.0 ] ] } },
{ "type": "Feature", "properties": { "Layer": "PLAT-DIM-S2", "PaperSpace": null, "SubClasses": "AcDbEntity:AcDbMText", "Linetype": null, "EntityHandle": "3AF", "Text": "S13°28'40\"E  95.66'" }, "geometry": { "type": "MultiPoint", "coordinates": [ [ -10859458.140775665640831, 3005749.487443499267101, 0.0 ] ] } },
{ "type": "Feature", "properties": { "Layer": "PLAT-DIM-S2", "PaperSpace": null, "SubClasses": "AcDbEntity:AcDbMText", "Linetype": null, "EntityHandle": "3B0", "Text": "N76°31'20\"E   547.75'" }, "geometry": { "type": "MultiPoint", "coordinates": [ [ -10859419.339527603238821, 3005783.361548565793782, 0.0 ] ] } },
{ "type": "Feature", "properties": { "Layer": "PLAT-TEXT-S1", "PaperSpace": null, "SubClasses": "AcDbEntity:AcDbText:AcDbText", "Linetype": null, "EntityHandle": "3B1", "Text": "2" }, "geometry": { "type": "MultiPoint", "coordinates": [ [ -10859472.341897506266832, 3005310.769290256779641, 30.596 ] ] } },
{ "type": "Feature", "properties": { "Layer": "PLAT-TEXT-S1", "PaperSpace": null, "SubClasses": "AcDbEntity:AcDbMText", "Linetype": null, "EntityHandle": "3B2", "Text": "LAGO BELLO SUBDIVISION SECTION I" }, "geometry": { "type": "MultiPoint", "coordinates": [ [ -10859433.318744525313377, 3005356.491172444541007, 0.0 ] ] } },
{ "type": "Feature", "properties": { "Layer": "PLAT-TEXT-S1", "PaperSpace": null, "SubClasses": "AcDbEntity:AcDbMText", "Linetype": null, "EntityHandle": "3B3", "Text": "(DOCUMENT NO. 13623, MAP RECORDS)" }, "geometry": { "type": "MultiPoint", "coordinates": [ [ -10859430.710600420832634, 3005360.704367095138878, 0.0 ] ] } },
{ "type": "Feature", "properties": { "Layer": "PLAT-DIM-EASEMENT-S1", "PaperSpace": null, "SubClasses": "AcDbEntity:AcDbLine", "Linetype": null, "EntityHandle": "3B4", "Text": null }, "geometry": { "type": "MultiLineString", "coordinates": [ [ [ -10859450.342431077733636, 3005470.967775483150035, 0.0 ], [ -10859458.563866367563605, 3005471.928156175650656, 0.0 ] ] ] } },
{ "type": "Feature", "properties": { "Layer": "PLAT-DIM-S1", "PaperSpace": null, "SubClasses": "AcDbEntity:AcDbLine", "Linetype": null, "EntityHandle": "3B5", "Text": null }, "geometry": { "type": "MultiLineString", "coordinates": [ [ [ -10859542.293246708810329, 3005406.972145126666874, 0.0 ], [ -10859541.660309614613652, 3005409.263948377221823, 0.0 ] ] ] } },
{ "type": "Feature", "properties": { "Layer": "PLAT-BORDER-S2", "PaperSpace": null, "SubClasses": "AcDbEntity:AcDbLine", "Linetype": null, "EntityHandle": "3B6", "Text": null }, "geometry": { "type": "MultiLineString", "coordinates": [ [ [ -10859364.57075010612607, 3005465.19602828565985, 0.0 ], [ -10859320.942430201917887, 3005795.690086814574897, 0.0 ] ] ] } },
{ "type": "Feature", "properties": { "Layer": "PLAT-LOTLINE-S2", "PaperSpace": null, "SubClasses": "AcDbEntity:AcDbLine", "Linetype": null, "EntityHandle": "3B7", "Text": null }, "geometry": { "type": "MultiLineString", "coordinates": [ [ [ -10859374.653399234637618, 3005466.542786559090018, 0.0 ], [ -10859331.516867993399501, 3005793.313280533067882, 0.0 ] ] ] } },
{ "type": "Feature", "properties": { "Layer": "PLAT-TITLE-S2", "PaperSpace": null, "SubClasses": "AcDbEntity:AcDbLine", "Linetype": null, "EntityHandle": "3B8", "Text": null }, "geometry": { "type": "MultiLineString", "coordinates": [ [ [ -10859299.394710693508387, 3005511.015280824154615, 0.0 ], [ -10859298.742306539788842, 3005598.220209380146116, 0.0 ] ] ] } },
{ "type": "Feature", "properties": { "Layer": "PLAT-TITLE-S2", "PaperSpace": null, "SubClasses": "AcDbEntity:AcDbLine", "Linetype": null, "EntityHandle": "3B9", "Text": null }, "geometry": { "type": "MultiLineString", "coordinates": [ [ [ -10859297.718673346564174, 3005510.439038558397442, 0.0 ], [ -10859297.059935444965959, 3005598.489181118551642, 0.0 ] ] ] } },
{ "type": "Feature", "properties": { "Layer": "PLAT-DIM-S2", "PaperSpace": null, "SubClasses": "AcDbEntity:AcDbMText", "Linetype": null, "EntityHandle": "3BA", "Text": "C1" }, "geometry": { "type": "MultiPoint", "coordinates": [ [ -10859543.066494755446911, 3005753.347060482017696, 0.0 ] ] } },
{ "type": "Feature", "properties": { "Layer": "PLAT-DIM-S2", "PaperSpace": null, "SubClasses": "AcDbEntity:AcDbMText", "Linetype": null, "EntityHandle": "3BB", "Text": "L1" }, "geometry": { "type": "MultiPoint", "coordinates": [ [ -10859535.178521480411291, 3005755.061533115804195, 0.0 ] ] } },
{ "type": "Feature", "properties": { "Layer": "PLAT-DIM-S2", "PaperSpace": null, "SubClasses": "AcDbEntity:AcDbMText", "Linetype": null, "EntityHandle": "3BC", "Text": "L2" }, "geometry": { "type": "MultiPoint", "coordinates": [ [ -10859527.323679467663169, 3005756.223668774589896, 0.0 ] ] } },
{ "type": "Feature", "properties": { "Layer": "PLAT-DIM-S2", "PaperSpace": null, "SubClasses": "AcDbEntity:AcDbMText", "Linetype": null, "EntityHandle": "3BD", "Text": "L3" }, "geometry": { "type": "MultiPoint", "coordinates": [ [ -10859516.015979468822479, 3005764.911877043545246, 0.0 ] ] } },
{ "type": "Feature", "properties": { "Layer": "PLAT-DIM-S2", "PaperSpace": null, "SubClasses": "AcDbEntity:AcDbMText", "Linetype": null, "EntityHandle": "3BE", "Text": "L4" }, "geometry": { "type": "MultiPoint", "coordinates": [ [ -10859501.537738863378763, 3005760.962276920676231, 0.0 ] ] } },
{ "type": "Feature", "properties": { "Layer": "PLAT-DIM-S2", "PaperSpace": null, "SubClasses": "AcDbEntity:AcDbLine", "Linetype": null, "EntityHandle": "3D6", "Text": null }, "geometry": { "type": "MultiLineString", "coordinates": [ [ [ -10859510.555853614583611, 3005570.41843202477321, 0.0 ], [ -10859515.363195259124041, 3005570.156048121862113, 0.0 ] ] ] } },
{ "type": "Feature", "properties": { "Layer": "PLAT-DIM-S2", "PaperSpace": null, "SubClasses": "AcDbEntity:AcDbTrace", "Linetype": null, "EntityHandle": "3D7", "Text": null }, "geometry": { "type": "MultiPolygon", "coordinates": [ [ [ [ -10859510.57239355891943, 3005570.724780071526766 ], [ -10859510.539313672110438, 3005570.112083986401558 ], [ -10859508.727709563449025, 3005570.518211388960481 ], [ -10859510.57239355891943, 3005570.724780071526766 ] ] ] ] } },
{ "type": "Feature", "properties": { "Layer": "PLAT-DIM-S2", "PaperSpace": null, "SubClasses": "AcDbEntity:AcDbTrace", "Linetype": null, "EntityHandle": "3D8", "Text": null }, "geometry": { "type": "MultiPolygon", "coordinates": [ [ [ [ -10859515.379735307767987, 3005570.462396158836782 ], [ -10859515.346655210480094, 3005569.849700094666332 ], [ -10859517.191339215263724, 3005570.056267896201462 ], [ -10859515.379735307767987, 3005570.462396158836782 ] ] ] ] } },
{ "type": "Feature", "properties": { "Layer": "PLAT-DIM-S2", "PaperSpace": null, "SubClasses": "AcDbEntity:AcDbMText", "Linetype": null, "EntityHandle": "3D9", "Text": "25.0'" }, "geometry": { "type": "MultiPoint", "coordinates": [ [ -10859513.008542146533728, 3005568.732065248768777, 0.0 ] ] } },
{ "type": "Feature", "properties": { "Layer": "PLAT-DIM-S2", "PaperSpace": null, "SubClasses": "AcDbEntity:AcDbLine", "Linetype": null, "EntityHandle": "3DA", "Text": null }, "geometry": { "type": "MultiLineString", "coordinates": [ [ [ -10859506.831485763192177, 3005569.357031550724059, 0.0 ], [ -10859502.024144235998392, 3005569.619412504136562, 0.0 ] ] ] } },
{ "type": "Feature", "properties": { "Layer": "PLAT-DIM-S2", "PaperSpace": null, "SubClasses": "AcDbEntity:AcDbTrace", "Linetype": null, "EntityHandle": "3DB", "Text": null }, "geometry": { "type": "MultiPolygon", "coordinates": [ [ [ [ -10859506.848025627434254, 3005569.663379575125873 ], [ -10859506.814945900812745, 3005569.050683530513197 ], [ -10859508.659629676491022, 3005569.257252442650497 ], [ -10859506.848025627434254, 3005569.663379575125873 ] ] ] ] } },
{ "type": "Feature", "properties": { "Layer": "PLAT-DIM-S2", "PaperSpace": null, "SubClasses": "AcDbEntity:AcDbTrace", "Linetype": null, "EntityHandle": "3DC", "Text": null }, "geometry": { "type": "MultiPolygon", "coordinates": [ [ [ [ -10859502.040683995932341, 3005569.925760543905199 ], [ -10859502.007604477927089, 3005569.313064474146813 ], [ -10859500.196000227704644, 3005569.719190743751824 ], [ -10859502.040683995932341, 3005569.925760543905199 ] ] ] ] } },
{ "type": "Feature", "properties": { "Layer": "PLAT-DIM-S2", "PaperSpace": null, "SubClasses": "AcDbEntity:AcDbMText", "Linetype": null, "EntityHandle": "3DD", "Text": "25.0'" }, "geometry": { "type": "MultiPoint", "coordinates": [ [ -10859505.076507968828082, 3005567.520791023038328, 0.0 ] ] } },
{ "type": "Feature", "properties": { "Layer": "PLAT-DIM-EASEMENT-S2", "PaperSpace": null, "SubClasses": "AcDbEntity:AcDbLine", "Linetype": null, "EntityHandle": "3E1", "Text": null }, "geometry": { "type": "MultiLineString", "coordinates": [ [ [ -10859528.224226770922542, 3005754.950525166932493, 0.0 ], [ -10859531.591775592416525, 3005770.095187369734049, 0.0 ] ] ] } },
{ "type": "Feature", "properties": { "Layer": "PLAT-DIM-EASEMENT-S2", "PaperSpace": null, "SubClasses": "AcDbEntity:AcDbTrace", "Linetype": null, "EntityHandle": "3E3", "Text": null }, "geometry": { "type": "MultiPolygon", "coordinates": [ [ [ [ -10859529.40591911226511, 3005761.671056277118623 ], [ -10859530.001502936705947, 3005761.537178359460086 ], [ -10859529.30425013974309, 3005759.807647147681564 ], [ -10859529.40591911226511, 3005761.671056277118623 ] ] ] ] } },
{ "type": "Feature", "properties": { "Layer": "PLAT-DIM-EASEMENT-S2", "PaperSpace": null, "SubClasses": "AcDbEntity:AcDbTrace", "Linetype": null, "EntityHandle": "3E4", "Text": null }, "geometry": { "type": "MultiPolygon", "coordinates": [ [ [ [ -10859528.522018548101187, 3005754.883586264681071 ], [ -10859527.926434990018606, 3005755.017464057542384 ], [ -10859527.8247662615031, 3005753.154055786319077 ], [ -10859528.522018548101187, 3005754.883586264681071 ] ] ] ] } },
{ "type": "Feature", "properties": { "Layer": "PLAT-DIM-EASEMENT-S2", "PaperSpace": null, "SubClasses": "AcDbEntity:AcDbLine", "Linetype": null, "EntityHandle": "3E5", "Text": null }, "geometry": { "type": "MultiLineString", "coordinates": [ [ [ -10859531.591775592416525, 3005770.095187369734049, 0.0 ], [ -10859527.858447281643748, 3005771.032367334701121, 0.0 ] ] ] } },
{ "type": "Feature", "properties": { "Layer": "PLAT-TEXT-S2", "PaperSpace": null, "SubClasses": "AcDbEntity:AcDbPolyline", "Linetype": null, "EntityHandle": "3E6", "Text": null }, "geometry": { "type": "MultiLineString", "coordinates": [ [ [ -10859509.602557310834527, 3005589.900317921303213 ], [ -10859511.396203959360719, 3005590.269466465804726 ], [ -10859511.396203959360719, 3005590.269466465804726 ], [ -10859513.054289231076837, 3005590.668936245609075 ], [ -10859514.682279413565993, 3005591.178396570496261 ], [ -10859514.682279413565993, 3005591.178396570496261 ], [ -10859514.769682181999087, 3005591.212450086139143 ], [ -10859514.854528162628412, 3005591.252510663121939 ], [ -10859514.936409534886479, 3005591.298385744448751 ], [ -10859515.014932725578547, 3005591.349854827858508 ], [ -10859515.08972030878067, 3005591.406670522410423 ], [ -10859515.16041280888021, 3005591.468559736385942 ], [ -10859515.226670436561108, 3005591.535224996041507 ], [ -10859515.288174718618393, 3005591.606345869600773 ], [ -10859515.344630025327206, 3005591.681580502539873 ], [ -10859515.395765002816916, 3005591.760567276738584 ], [ -10859515.441333863884211, 3005591.842926532030106 ], [ -10859515.481117578223348, 3005591.928262402303517 ], [ -10859515.514924919232726, 3005592.016164712142199 ], [ -10859515.542593389749527, 3005592.10621094936505 ], [ -10859515.56398999877274, 3005592.197968300897628 ], [ -10859515.579011900350451, 3005592.290995724033564 ], [ -10859515.587586892768741, 3005592.384846074040979 ], [ -10859515.589673755690455, 3005592.479068248532712 ], [ -10859515.585262462496758, 3005592.573209361638874 ], [ -10859515.57437421195209, 3005592.666816914454103 ], [ -10859515.557061342522502, 3005592.759440971072763 ], [ -10859515.533407067880034, 3005592.850636325776577 ], [ -10859515.503525085747242, 3005592.939964639954269 ] ] ] } },
{ "type": "Feature", "properties": { "Layer": "PLAT-DIM-S2", "PaperSpace": null, "SubClasses": "AcDbEntity:AcDbMText", "Linetype": null, "EntityHandle": "3E7", "Text": "L5" }, "geometry": { "type": "MultiPoint", "coordinates": [ [ -10859514.412401804700494, 3005466.935589658562094, 0.0 ] ] } },
{ "type": "Feature", "properties": { "Layer": "PLAT-DIM-EASEMENT-S1", "PaperSpace": null, "SubClasses": "AcDbEntity:AcDbLine", "Linetype": null, "EntityHandle": "3E8", "Text": null }, "geometry": { "type": "MultiLineString", "coordinates": [ [ [ -10859458.385462885722518, 3005473.27975900657475, 0.0 ], [ -10859458.563866367563605, 3005471.928156175650656, 0.0 ] ] ] } },
{ "type": "Feature", "properties": { "Layer": "PLAT-DIM-EASEMENT-S1", "PaperSpace": null, "SubClasses": "AcDbEntity:AcDbLine", "Linetype": null, "EntityHandle": "3E9", "Text": null }, "geometry": { "type": "MultiLineString", "coordinates": [ [ [ -10859457.569213410839438, 3005479.463745919987559, 0.0 ], [ -10859457.355068493634462, 3005481.086128569208086, 0.0 ] ] ] } },
{ "type": "Feature", "properties": { "Layer": "PLAT-DIM-EASEMENT-S1", "PaperSpace": null, "SubClasses": "AcDbEntity:AcDbTrace", "Linetype": null, "EntityHandle": "3EA", "Text": null }, "geometry": { "type": "MultiPolygon", "coordinates": [ [ [ [ -10859458.687947932630777, 3005473.320120766758919 ], [ -10859458.082977842539549, 3005473.23939724219963 ], [ -10859458.144602458924055, 3005475.104541755281389 ], [ -10859458.687947932630777, 3005473.320120766758919 ] ] ] ] } },
{ "type": "Feature", "properties": { "Layer": "PLAT-DIM-EASEMENT-S1", "PaperSpace": null, "SubClasses": "AcDbEntity:AcDbTrace", "Linetype": null, "EntityHandle": "3EB", "Text": null }, "geometry": { "type": "MultiPolygon", "coordinates": [ [ [ [ -10859457.871698588132858, 3005479.504107717890292 ], [ -10859457.266728235408664, 3005479.423384117428213 ], [ -10859457.810073986649513, 3005477.638962623197585 ], [ -10859457.871698588132858, 3005479.504107717890292 ] ] ] ] } },
{ "type": "Feature", "properties": { "Layer": "PLAT-TEXT-S2", "PaperSpace": null, "SubClasses": "AcDbEntity:AcDbPolyline", "Linetype": null, "EntityHandle": "3EC", "Text": null }, "geometry": { "type": "MultiLineString", "coordinates": [ [ [ -10859538.056946353986859, 3005742.378508483525366 ], [ -10859538.916094129905105, 3005744.00406059063971 ], [ -10859538.916094129905105, 3005744.00406059063971 ], [ -10859539.296091055497527, 3005744.670745856594294 ], [ -10859539.717638796195388, 3005745.311683574225754 ], [ -10859540.179017992690206, 3005745.924259547144175 ], [ -10859540.678346814587712, 3005746.505975245498121 ], [ -10859541.213588653132319, 3005747.054458021651953 ], [ -10859541.213588653132319, 3005747.054458021651953 ], [ -10859541.250933308154345, 3005747.092927643563598 ], [ -10859541.285546416416764, 3005747.133898511528969 ], [ -10859541.317262692376971, 3005747.177174984943122 ], [ -10859541.345930684357882, 3005747.222550408914685 ], [ -10859541.371413500979543, 3005747.269808113574982 ], [ -10859541.393589457497001, 3005747.318722432944924 ], [ -10859541.412352660670877, 3005747.36905979597941 ], [ -10859541.427613511681557, 3005747.420579833444208 ], [ -10859541.439299140125513, 3005747.473036527168006 ], [ -10859541.44735374301672, 3005747.526179392356426 ], [ -10859541.45173885859549, 3005747.579754659440368 ], [ -10859541.452433548867702, 3005747.633506500162184 ], [ -10859541.449434492737055, 3005747.687178244348615 ], [ -10859541.442756017670035, 3005747.740513593889773 ], [ -10859541.432430008426309, 3005747.793257874436677 ], [ -10859541.41850577481091, 3005747.845159212592989 ], [ -10859541.401049807667732, 3005747.895969781558961 ], [ -10859541.380145464092493, 3005747.945446943864226 ], [ -10859541.355892561376095, 3005747.993354450445622 ], [ -10859541.328406913205981, 3005748.039463526569307 ], [ -10859541.297819765284657, 3005748.08355399267748 ], [ -10859541.264277180656791, 3005748.125415317714214 ], [ -10859541.227939326316118, 3005748.164847603533417 ], [ -10859541.188979722559452, 3005748.201662552077323 ], [ -10859541.147584406659007, 3005748.235684369225055 ], [ -10859541.10395104624331, 3005748.266750599257648 ], [ -10859541.058288, 3005748.294712890405208 ], [ -10859541.010813316330314, 3005748.319437718484551 ], [ -10859540.961753690615296, 3005748.340807022061199 ], [ -10859540.961753690615296, 3005748.340807022061199 ], [ -10859540.799241419881582, 3005748.398497364018112 ], [ -10859540.633127853274345, 3005748.444668660871685 ], [ -10859540.464219590649009, 3005748.47909670881927 ], [ -10859540.293336797505617, 3005748.501614349428564 ], [ -10859540.121309226378798, 3005748.512112233322114 ], [ -10859539.948972187936306, 3005748.510539389681071 ], [ -10859539.777162497863173, 3005748.496903459075838 ], [ -10859539.606714408844709, 3005748.471270648296922 ], [ -10859539.438455564901233, 3005748.433765426743776 ] ] ] } },
{ "type": "Feature", "properties": { "Layer": "PLAT-DIM-S1", "PaperSpace": null, "SubClasses": "AcDbEntity:AcDbLine", "Linetype": null, "EntityHandle": "3ED", "Text": null }, "geometry": { "type": "MultiLineString", "coordinates": [ [ [ -10859513.130431037396193, 3005397.436694078147411, 0.0 ], [ -10859503.830175191164017, 3005394.7477184580639, 0.0 ] ] ] } },
{ "type": "Feature", "properties": { "Layer": "PLAT-DIM-S1", "PaperSpace": null, "SubClasses": "AcDbEntity:AcDbTrace", "Linetype": null, "EntityHandle": "3EE", "Text": null }, "geometry": { "type": "MultiPolygon", "coordinates": [ [ [ [ -10859506.529406040906906, 3005395.847374042030424 ], [ -10859506.698063712567091, 3005395.257681099697948 ], [ -10859508.373242670670152, 3005396.061252801213413 ], [ -10859506.529406040906906, 3005395.847374042030424 ] ] ] ] } },
{ "type": "Feature", "properties": { "Layer": "PLAT-DIM-S1", "PaperSpace": null, "SubClasses": "AcDbEntity:AcDbTrace", "Linetype": null, "EntityHandle": "3EF", "Text": null }, "geometry": { "type": "MultiPolygon", "coordinates": [ [ [ [ -10859513.21475974842906, 3005397.14184752991423 ], [ -10859513.04610232450068, 3005397.731540628708899 ], [ -10859514.889939298853278, 3005397.945418553892523 ], [ -10859513.21475974842906, 3005397.14184752991423 ] ] ] ] } },
{ "type": "Feature", "properties": { "Layer": "PLAT-DIM-S1", "PaperSpace": null, "SubClasses": "AcDbEntity:AcDbLine", "Linetype": null, "EntityHandle": "3F0", "Text": null }, "geometry": { "type": "MultiLineString", "coordinates": [ [ [ -10859503.830175191164017, 3005394.7477184580639, 0.0 ], [ -10859503.140997646376491, 3005397.137557663489133, 0.0 ] ] ] } },
{ "type": "Feature", "properties": { "Layer": "PLAT-DIM-S1", "PaperSpace": null, "SubClasses": "AcDbEntity:AcDbLine", "Linetype": null, "EntityHandle": "3F1", "Text": null }, "geometry": { "type": "MultiLineString", "coordinates": [ [ [ -10859529.123475380241871, 3005403.195261630229652, 0.0 ], [ -10859527.798366189002991, 3005402.815240391064435, 0.0 ] ] ] } },
{ "type": "Feature", "properties": { "Layer": "PLAT-DIM-S1", "PaperSpace": null, "SubClasses": "AcDbEntity:AcDbTrace", "Linetype": null, "EntityHandle": "3F2", "Text": null }, "geometry": { "type": "MultiPolygon", "coordinates": [ [ [ [ -10859534.191149918362498, 3005404.967624268960208 ], [ -10859534.358543122187257, 3005404.377566809765995 ], [ -10859532.514251200482249, 3005404.167684144806117 ], [ -10859534.191149918362498, 3005404.967624268960208 ] ] ] ] } },
{ "type": "Feature", "properties": { "Layer": "PLAT-DIM-S1", "PaperSpace": null, "SubClasses": "AcDbEntity:AcDbTrace", "Linetype": null, "EntityHandle": "3F3", "Text": null }, "geometry": { "type": "MultiPolygon", "coordinates": [ [ [ [ -10859529.039778677746654, 3005403.490290303714573 ], [ -10859529.207172080874443, 3005402.900232964195311 ], [ -10859530.884070459753275, 3005403.700173415709287 ], [ -10859529.039778677746654, 3005403.490290303714573 ] ] ] ] } },
{ "type": "Feature", "properties": { "Layer": "PLAT-DIM-S1", "PaperSpace": null, "SubClasses": "AcDbEntity:AcDbLine", "Linetype": null, "EntityHandle": "3F4", "Text": null }, "geometry": { "type": "MultiLineString", "coordinates": [ [ [ -10859542.293246708810329, 3005406.972145126666874, 0.0 ], [ -10859532.514251200482249, 3005404.167684144806117, 0.0 ] ] ] } },
{ "type": "Feature", "properties": { "Layer": "PLAT-DIM-EASEMENT-ACCESS", "PaperSpace": null, "SubClasses": "AcDbEntity:AcDbLine", "Linetype": null, "EntityHandle": "3F5", "Text": null }, "geometry": { "type": "MultiLineString", "coordinates": [ [ [ -10859578.114146891981363, 3005135.611483992543072, 0.0 ], [ -10859579.084424629807472, 3005136.576226229779422, 0.0 ] ] ] } },
{ "type": "Feature", "properties": { "Layer": "PLAT-DIM-EASEMENT-ACCESS", "PaperSpace": null, "SubClasses": "AcDbEntity:AcDbLine", "Linetype": null, "EntityHandle": "3F6", "Text": null }, "geometry": { "type": "MultiLineString", "coordinates": [ [ [ -10859570.689348792657256, 3005128.229040440171957, 0.0 ], [ -10859568.289922416210175, 3005125.843299841042608, 0.0 ] ] ] } },
{ "type": "Feature", "properties": { "Layer": "PLAT-DIM-EASEMENT-ACCESS", "PaperSpace": null, "SubClasses": "AcDbEntity:AcDbTrace", "Linetype": null, "EntityHandle": "3F7", "Text": null }, "geometry": { "type": "MultiPolygon", "coordinates": [ [ [ [ -10859577.899593275040388, 3005135.829622710589319 ], [ -10859578.328700503334403, 3005135.393345276359469 ], [ -10859576.812396014109254, 3005134.31715948227793 ], [ -10859577.899593275040388, 3005135.829622710589319 ] ] ] ] } },
{ "type": "Feature", "properties": { "Layer": "PLAT-DIM-EASEMENT-ACCESS", "PaperSpace": null, "SubClasses": "AcDbEntity:AcDbTrace", "Linetype": null, "EntityHandle": "3F8", "Text": null }, "geometry": { "type": "MultiPolygon", "coordinates": [ [ [ [ -10859570.474795173853636, 3005128.447178930509835 ], [ -10859570.903902407735586, 3005128.010901947505772 ], [ -10859571.991098549216986, 3005129.523364969994873 ], [ -10859570.474795173853636, 3005128.447178930509835 ] ] ] ] } },
{ "type": "Feature", "properties": { "Layer": "PLAT-DIM-EASEMENT-ACCESS", "PaperSpace": null, "SubClasses": "AcDbEntity:AcDbLine", "Linetype": null, "EntityHandle": "3F9", "Text": null }, "geometry": { "type": "MultiLineString", "coordinates": [ [ [ -10859568.289922416210175, 3005125.843299841042608, 0.0 ], [ -10859566.113419322296977, 3005127.968372880481184, 0.0 ] ] ] } },
{ "type": "Feature", "properties": { "Layer": "PLAT-DIM-EASEMENT-ACCESS", "PaperSpace": null, "SubClasses": "AcDbEntity:AcDbLine", "Linetype": null, "EntityHandle": "3FA", "Text": null }, "geometry": { "type": "MultiLineString", "coordinates": [ [ [ -10859583.141494069248438, 3005162.01104837236926, 0.0 ], [ -10859585.836750466376543, 3005164.690925848670304, 0.0 ] ] ] } },
{ "type": "Feature", "properties": { "Layer": "PLAT-DIM-EASEMENT-ACCESS", "PaperSpace": null, "SubClasses": "AcDbEntity:AcDbLine", "Linetype": null, "EntityHandle": "3FB", "Text": null }, "geometry": { "type": "MultiLineString", "coordinates": [ [ [ -10859576.922005983069539, 3005155.827044258825481, 0.0 ], [ -10859575.648152399808168, 3005154.560457697603852, 0.0 ] ] ] } },
{ "type": "Feature", "properties": { "Layer": "PLAT-DIM-EASEMENT-ACCESS", "PaperSpace": null, "SubClasses": "AcDbEntity:AcDbTrace", "Linetype": null, "EntityHandle": "3FC", "Text": null }, "geometry": { "type": "MultiPolygon", "coordinates": [ [ [ [ -10859582.926940128207207, 3005162.229187571443617 ], [ -10859583.356048002839088, 3005161.792909175623208 ], [ -10859581.839740296825767, 3005160.716721937526017 ], [ -10859582.926940128207207, 3005162.229187571443617 ] ] ] ] } },
{ "type": "Feature", "properties": { "Layer": "PLAT-DIM-EASEMENT-ACCESS", "PaperSpace": null, "SubClasses": "AcDbEntity:AcDbTrace", "Linetype": null, "EntityHandle": "3FD", "Text": null }, "geometry": { "type": "MultiPolygon", "coordinates": [ [ [ [ -10859576.707452040165663, 3005156.045183266978711 ], [ -10859577.136559918522835, 3005155.608905246015638 ], [ -10859578.223758853971958, 3005157.121370707638562 ], [ -10859576.707452040165663, 3005156.045183266978711 ] ] ] ] } },
{ "type": "Feature", "properties": { "Layer": "PLAT-TEXT-ACCESS", "PaperSpace": null, "SubClasses": "AcDbEntity:AcDbPolyline", "Linetype": null, "EntityHandle": "3FE", "Text": null }, "geometry": { "type": "MultiLineString", "coordinates": [ [ [ -10859525.909173922613263, 3005200.61424470320344 ], [ -10859526.35653118789196, 3005202.399192176293582 ], [ -10859526.35653118789196, 3005202.399192176293582 ], [ -10859526.84906586818397, 3005204.549787923693657 ], [ -10859526.84906586818397, 3005204.549787923693657 ], [ -10859526.876041747629642, 3005204.705960493534803 ], [ -10859526.892451671883464, 3005204.863609739113599 ], [ -10859526.89822050742805, 3005205.022013864479959 ], [ -10859526.893321838229895, 3005205.180447603575885 ], [ -10859526.877778097987175, 3005205.338185569271445 ], [ -10859526.851660449057817, 3005205.494505556300282 ], [ -10859526.815088471397758, 3005205.648691839072853 ], [ -10859526.768229614943266, 3005205.800038478337228 ], [ -10859526.711298421025276, 3005205.947852526325732 ], [ -10859526.644555550068617, 3005206.091457213275135 ], [ -10859526.568306587636471, 3005206.23019503755495 ], [ -10859526.482900641858578, 3005206.363430784549564 ], [ -10859526.388728745281696, 3005206.490554430522025 ], [ -10859526.286222064867616, 3005206.610983937978745 ], [ -10859526.175849935039878, 3005206.724167913198471 ], [ -10859526.05811769515276, 3005206.829588140361011 ], [ -10859525.933564387261868, 3005206.926761950366199 ], [ -10859525.802760280668736, 3005207.015244426671416 ], [ -10859525.66630426608026, 3005207.094630452804267 ], [ -10859525.524821111932397, 3005207.16455655451864 ] ] ] } },
{ "type": "Feature", "properties": { "Layer": "PLAT-TEXT-ACCESS", "PaperSpace": null, "SubClasses": "AcDbEntity:AcDbMText", "Linetype": "Continuous", "EntityHandle": "3FF", "Text": "S43Â°48'18\"W" }, "geometry": { "type": "MultiPoint", "coordinates": [ [ -10859538.015084058046341, 3005171.327110297977924, 0.0 ] ] } },
{ "type": "Feature", "properties": { "Layer": "PLAT-DIM-S1", "PaperSpace": null, "SubClasses": "AcDbEntity:AcDbMText", "Linetype": "Continuous", "EntityHandle": "400", "Text": "475.19'" }, "geometry": { "type": "MultiPoint", "coordinates": [ [ -10859378.013226639479399, 3005387.095457924995571, 0.0 ] ] } },
{ "type": "Feature", "properties": { "Layer": "PLAT-DIM-S1", "PaperSpace": null, "SubClasses": "AcDbEntity:AcDbMText", "Linetype": "Continuous", "EntityHandle": "401", "Text": "(275.75' REC.)" }, "geometry": { "type": "MultiPoint", "coordinates": [ [ -10859407.234866896644235, 3005468.041456863749772, 0.0 ] ] } },
{ "type": "Feature", "properties": { "Layer": "PLAT-DIM-S1", "PaperSpace": null, "SubClasses": "AcDbEntity:AcDbMText", "Linetype": "Continuous", "EntityHandle": "402", "Text": "S46°11'42\"E" }, "geometry": { "type": "MultiPoint", "coordinates": [ [ -10859447.969343554228544, 3005305.72745476802811, 0.0 ] ] } },
{ "type": "Feature", "properties": { "Layer": "PLAT-DIM-S1", "PaperSpace": null, "SubClasses": "AcDbEntity:AcDbMText", "Linetype": "Continuous", "EntityHandle": "403", "Text": "30.00'" }, "geometry": { "type": "MultiPoint", "coordinates": [ [ -10859446.373292203992605, 3005307.199726838152856, 0.0 ] ] } },
{ "type": "Feature", "properties": { "Layer": "PLAT-DIM-S1", "PaperSpace": null, "SubClasses": "AcDbEntity:AcDbMText", "Linetype": "Continuous", "EntityHandle": "404", "Text": "S32°32'52\"E" }, "geometry": { "type": "MultiPoint", "coordinates": [ [ -10859460.37908342294395, 3005322.390058950986713, 0.0 ] ] } },
{ "type": "Feature", "properties": { "Layer": "PLAT-DIM-S1", "PaperSpace": null, "SubClasses": "AcDbEntity:AcDbMText", "Linetype": "Continuous", "EntityHandle": "405", "Text": "80.01'" }, "geometry": { "type": "MultiPoint", "coordinates": [ [ -10859458.732675, 3005323.523975112941116, 0.0 ] ] } },
{ "type": "Feature", "properties": { "Layer": "PLAT-DIM-S1", "PaperSpace": null, "SubClasses": "AcDbEntity:AcDbMText", "Linetype": "Continuous", "EntityHandle": "406", "Text": "S21°15'59\"E" }, "geometry": { "type": "MultiPoint", "coordinates": [ [ -10859471.248617921024561, 3005345.71499497583136, 0.0 ] ] } },
{ "type": "Feature", "properties": { "Layer": "PLAT-DIM-S1", "PaperSpace": null, "SubClasses": "AcDbEntity:AcDbMText", "Linetype": "Continuous", "EntityHandle": "407", "Text": "77.00'" }, "geometry": { "type": "MultiPoint", "coordinates": [ [ -10859469.39504013210535, 3005346.587781038600951, 0.0 ] ] } },
{ "type": "Feature", "properties": { "Layer": "PLAT-DIM-S1", "PaperSpace": null, "SubClasses": "AcDbEntity:AcDbMText", "Linetype": "Continuous", "EntityHandle": "408", "Text": "S01°56'05\"W" }, "geometry": { "type": "MultiPoint", "coordinates": [ [ -10859474.684570396319032, 3005373.542463709134609, 0.0 ] ] } },
{ "type": "Feature", "properties": { "Layer": "PLAT-DIM-S1", "PaperSpace": null, "SubClasses": "AcDbEntity:AcDbMText", "Linetype": "Continuous", "EntityHandle": "409", "Text": "78.57'" }, "geometry": { "type": "MultiPoint", "coordinates": [ [ -10859472.614906400442123, 3005373.0205267961137, 0.0 ] ] } },
{ "type": "Feature", "properties": { "Layer": "PLAT-DIM-S1", "PaperSpace": null, "SubClasses": "AcDbEntity:AcDbMText", "Linetype": "Continuous", "EntityHandle": "40A", "Text": "S12°12'00\"W       187.87'" }, "geometry": { "type": "MultiPoint", "coordinates": [ [ -10859466.824448067694902, 3005412.41806649742648, 0.0 ] ] } },
{ "type": "Feature", "properties": { "Layer": "PLAT-DIM-S1", "PaperSpace": null, "SubClasses": "AcDbEntity:AcDbMText", "Linetype": "Continuous", "EntityHandle": "40B", "Text": "93.93'" }, "geometry": { "type": "MultiPoint", "coordinates": [ [ -10859473.391485504806042, 3005399.689568225294352, 0.0 ] ] } },
{ "type": "Feature", "properties": { "Layer": "PLAT-DIM-S1", "PaperSpace": null, "SubClasses": "AcDbEntity:AcDbMText", "Linetype": "Continuous", "EntityHandle": "40C", "Text": "93.94'" }, "geometry": { "type": "MultiPoint", "coordinates": [ [ -10859466.167028097435832, 3005431.939183427020907, 0.0 ] ] } },
{ "type": "Feature", "properties": { "Layer": "PLAT-DIM-S1", "PaperSpace": null, "SubClasses": "AcDbEntity:AcDbMText", "Linetype": "Continuous", "EntityHandle": "40D", "Text": "S06°41'02\"W      " }, "geometry": { "type": "MultiPoint", "coordinates": [ [ -10859463.380017179995775, 3005457.423731949180365, 0.0 ] ] } },
{ "type": "Feature", "properties": { "Layer": "PLAT-DIM-S1", "PaperSpace": null, "SubClasses": "AcDbEntity:AcDbMText", "Linetype": "Continuous", "EntityHandle": "40E", "Text": "93.48' (93.83' REC.)      " }, "geometry": { "type": "MultiPoint", "coordinates": [ [ -10859461.352854389697313, 3005456.842261777725071, 0.0 ] ] } },
{ "type": "Feature", "properties": { "Layer": "PLAT-DIM-S1", "PaperSpace": null, "SubClasses": "AcDbEntity:AcDbText:AcDbText", "Linetype": null, "EntityHandle": "40F", "Text": "S83°18'58\"E" }, "geometry": { "type": "MultiPoint", "coordinates": [ [ -10859479.532276824116707, 3005447.267781875561923, 0.0 ] ] } },
{ "type": "Feature", "properties": { "Layer": "PLAT-DIM-S1", "PaperSpace": null, "SubClasses": "AcDbEntity:AcDbText:AcDbText", "Linetype": null, "EntityHandle": "410", "Text": "128.79'" }, "geometry": { "type": "MultiPoint", "coordinates": [ [ -10859482.86193828471005, 3005451.105396306142211, 0.0 ] ] } },
{ "type": "Feature", "properties": { "Layer": "PLAT-DIM-S1", "PaperSpace": null, "SubClasses": "AcDbEntity:AcDbText:AcDbText", "Linetype": null, "EntityHandle": "411", "Text": "S83°18'58\"E" }, "geometry": { "type": "MultiPoint", "coordinates": [ [ -10859482.282204022631049, 3005415.113878960255533, 0.0 ] ] } },
{ "type": "Feature", "properties": { "Layer": "PLAT-DIM-S1", "PaperSpace": null, "SubClasses": "AcDbEntity:AcDbText:AcDbText", "Linetype": null, "EntityHandle": "412", "Text": "123.87'" }, "geometry": { "type": "MultiPoint", "coordinates": [ [ -10859483.728954389691353, 3005419.374025476165116, 0.0 ] ] } },
{ "type": "Feature", "properties": { "Layer": "PLAT-DIM-S1", "PaperSpace": null, "SubClasses": "AcDbEntity:AcDbText:AcDbText", "Linetype": null, "EntityHandle": "413", "Text": "N83°18'58\"W" }, "geometry": { "type": "MultiPoint", "coordinates": [ [ -10859491.088020311668515, 3005384.467208694200963, 0.0 ] ] } },
{ "type": "Feature", "properties": { "Layer": "PLAT-DIM-S1", "PaperSpace": null, "SubClasses": "AcDbEntity:AcDbText:AcDbText", "Linetype": null, "EntityHandle": "414", "Text": "127.07' (126.54' REC.)" }, "geometry": { "type": "MultiPoint", "coordinates": [ [ -10859484.719802035018802, 3005387.125363996252418, 0.0 ] ] } },
{ "type": "Feature", "properties": { "Layer": "PLAT-DIM-S1", "PaperSpace": null, "SubClasses": "AcDbEntity:AcDbText:AcDbText", "Linetype": null, "EntityHandle": "415", "Text": "S85°59'48\"E" }, "geometry": { "type": "MultiPoint", "coordinates": [ [ -10859495.634501593187451, 3005355.053483507595956, 0.0 ] ] } },
{ "type": "Feature", "properties": { "Layer": "PLAT-DIM-S1", "PaperSpace": null, "SubClasses": "AcDbEntity:AcDbText:AcDbText", "Linetype": null, "EntityHandle": "416", "Text": "152.26'" }, "geometry": { "type": "MultiPoint", "coordinates": [ [ -10859497.53779449686408, 3005357.406191227957606, 0.0 ] ] } },
{ "type": "Feature", "properties": { "Layer": "PLAT-DIM-S1", "PaperSpace": null, "SubClasses": "AcDbEntity:AcDbText:AcDbText", "Linetype": null, "EntityHandle": "417", "Text": "S69°34'28\"W" }, "geometry": { "type": "MultiPoint", "coordinates": [ [ -10859486.753697259351611, 3005323.2961136396043, 0.0 ] ] } },
{ "type": "Feature", "properties": { "Layer": "PLAT-DIM-S1", "PaperSpace": null, "SubClasses": "AcDbEntity:AcDbText:AcDbText", "Linetype": null, "EntityHandle": "418", "Text": "109.80'" }, "geometry": { "type": "MultiPoint", "coordinates": [ [ -10859483.990928642451763, 3005322.120398635976017, 0.0 ] ] } },
{ "type": "Feature", "properties": { "Layer": "PLAT-DIM-S1", "PaperSpace": null, "SubClasses": "AcDbEntity:AcDbText:AcDbText", "Linetype": null, "EntityHandle": "419", "Text": "S48°01'45\"W" }, "geometry": { "type": "MultiPoint", "coordinates": [ [ -10859454.27741333656013, 3005291.188330675009638, 0.0 ] ] } },
{ "type": "Feature", "properties": { "Layer": "PLAT-DIM-S1", "PaperSpace": null, "SubClasses": "AcDbEntity:AcDbText:AcDbText", "Linetype": null, "EntityHandle": "41A", "Text": "60.37'" }, "geometry": { "type": "MultiPoint", "coordinates": [ [ -10859450.749838687479496, 3005291.712984423618764, 0.0 ] ] } },
{ "type": "Feature", "properties": { "Layer": "PLAT-DIM-S1", "PaperSpace": null, "SubClasses": "AcDbEntity:AcDbMText", "Linetype": "Continuous", "EntityHandle": "44C", "Text": "200.00'" }, "geometry": { "type": "MultiPoint", "coordinates": [ [ -10859425.191633859649301, 3005217.834231967106462, 0.0 ] ] } },
{ "type": "Feature", "properties": { "Layer": "PLAT-DIM-S1", "PaperSpace": null, "SubClasses": "AcDbEntity:AcDbMText", "Linetype": "Continuous", "EntityHandle": "44D", "Text": "N46°11'42\"E  208.37'" }, "geometry": { "type": "MultiPoint", "coordinates": [ [ -10859419.269589066505432, 3005243.321979019325227, 0.0 ] ] } },
{ "type": "Feature", "properties": { "Layer": "PLAT-DIM-S1", "PaperSpace": null, "SubClasses": "AcDbEntity:AcDbLine", "Linetype": null, "EntityHandle": "44E", "Text": null }, "geometry": { "type": "MultiLineString", "coordinates": [ [ [ -10859444.624822119250894, 3005250.246811154764146, 0.0 ], [ -10859450.394030269235373, 3005244.381311415228993, 0.0 ] ] ] } },
{ "type": "Feature", "properties": { "Layer": "PLAT-DIM-S1", "PaperSpace": null, "SubClasses": "AcDbEntity:AcDbTrace", "Linetype": null, "EntityHandle": "44F", "Text": null }, "geometry": { "type": "MultiPolygon", "coordinates": [ [ [ [ -10859444.841780344024301, 3005250.462535713333637 ], [ -10859444.407863900065422, 3005250.031086598522961 ], [ -10859443.337477497756481, 3005251.55564167862758 ], [ -10859444.841780344024301, 3005250.462535713333637 ] ] ] ] } },
{ "type": "Feature", "properties": { "Layer": "PLAT-DIM-S1", "PaperSpace": null, "SubClasses": "AcDbEntity:AcDbTrace", "Linetype": null, "EntityHandle": "450", "Text": null }, "geometry": { "type": "MultiPolygon", "coordinates": [ [ [ [ -10859450.610988492146134, 3005244.597035793587565 ], [ -10859450.177072051912546, 3005244.165587037336081 ], [ -10859451.681373581290245, 3005243.072480897419155 ], [ -10859450.610988492146134, 3005244.597035793587565 ] ] ] ] } },
{ "type": "Feature", "properties": { "Layer": "PLAT-DIM-S1", "PaperSpace": null, "SubClasses": "AcDbEntity:AcDbMText", "Linetype": null, "EntityHandle": "451", "Text": "35.0'" }, "geometry": { "type": "MultiPoint", "coordinates": [ [ -10859448.181628054007888, 3005248.898975501768291, 0.0 ] ] } },
{ "type": "Feature", "properties": { "Layer": "PLAT-DIM-S1", "PaperSpace": null, "SubClasses": "AcDbEntity:AcDbMText", "Linetype": "Continuous", "EntityHandle": "452", "Text": "50.00'" }, "geometry": { "type": "MultiPoint", "coordinates": [ [ -10859454.970714552327991, 3005247.209197056014091, 0.0 ] ] } },
{ "type": "Feature", "properties": { "Layer": "PLAT-DIM-S1", "PaperSpace": null, "SubClasses": "AcDbEntity:AcDbMText", "Linetype": "Continuous", "EntityHandle": "453", "Text": "22.77'" }, "geometry": { "type": "MultiPoint", "coordinates": [ [ -10859442.821358164772391, 3005251.772891043685377, 0.0 ] ] } },
{ "type": "Feature", "properties": { "Layer": "PLAT-DIM-S1", "PaperSpace": null, "SubClasses": "AcDbEntity:AcDbMText", "Linetype": "Continuous", "EntityHandle": "454", "Text": "50.00'" }, "geometry": { "type": "MultiPoint", "coordinates": [ [ -10859443.524469310417771, 3005258.523211740888655, 0.0 ] ] } },
{ "type": "Feature", "properties": { "Layer": "PLAT-DIM-S1", "PaperSpace": null, "SubClasses": "AcDbEntity:AcDbMText", "Linetype": "Continuous", "EntityHandle": "455", "Text": "R=75.00'\nL=26.82'" }, "geometry": { "type": "MultiPoint", "coordinates": [ [ -10859466.292083555832505, 3005253.743326256982982, 0.0 ] ] } },
{ "type": "Feature", "properties": { "Layer": "PLAT-DIM-S1", "PaperSpace": null, "SubClasses": "AcDbEntity:AcDbText:AcDbText", "Linetype": null, "EntityHandle": "456", "Text": "N66°40'56\"W" }, "geometry": { "type": "MultiPoint", "coordinates": [ [ -10859473.888314170762897, 3005247.044170714449137, 0.0 ] ] } },
{ "type": "Feature", "properties": { "Layer": "PLAT-DIM-S1", "PaperSpace": null, "SubClasses": "AcDbEntity:AcDbText:AcDbText", "Linetype": null, "EntityHandle": "457", "Text": "36.45'" }, "geometry": { "type": "MultiPoint", "coordinates": [ [ -10859469.633188569918275, 3005248.840502001345158, 0.0 ] ] } },
{ "type": "Feature", "properties": { "Layer": "PLAT-DIM-S1", "PaperSpace": null, "SubClasses": "AcDbEntity:AcDbPolyline", "Linetype": null, "EntityHandle": "458", "Text": null }, "geometry": { "type": "MultiLineString", "coordinates": [ [ [ -10859459.157598935067654, 3005261.895165719091892 ], [ -10859460.471282659098506, 3005260.613063476514071 ], [ -10859460.471282659098506, 3005260.613063476514071 ], [ -10859460.652817588299513, 3005260.446739725768566 ], [ -10859460.844414683058858, 3005260.292246637865901 ], [ -10859461.045312572270632, 3005260.150198145769536 ], [ -10859461.254712918773293, 3005260.021158720832318 ], [ -10859461.47178360261023, 3005259.905641148798168 ], [ -10859461.695662021636963, 3005259.804104473907501 ], [ -10859461.925458520650864, 3005259.716952184215188 ], [ -10859462.160259926691651, 3005259.644530611112714 ], [ -10859462.399133181199431, 3005259.587127541191876 ], [ -10859462.399133181199431, 3005259.587127541191876 ], [ -10859462.714283486828208, 3005259.43223838089034 ], [ -10859463.018098680302501, 3005259.255934008397162 ], [ -10859463.30914143845439, 3005259.059048517607152 ], [ -10859463.586034858599305, 3005258.842513347044587 ], [ -10859463.847468981519341, 3005258.607352915219963 ], [ -10859464.092206982895732, 3005258.354679751675576 ], [ -10859464.319091027602553, 3005258.085689225699753 ] ] ] } },
{ "type": "Feature", "properties": { "Layer": "PLAT-DIM-ACCESS", "PaperSpace": null, "SubClasses": "AcDbEntity:AcDbLine", "Linetype": null, "EntityHandle": "459", "Text": null }, "geometry": { "type": "MultiLineString", "coordinates": [ [ [ -10859566.302230110391974, 3005156.928596141282469, 0.0 ], [ -10859561.673780495300889, 3005152.326542635913938, 0.0 ] ] ] } },
{ "type": "Feature", "properties": { "Layer": "PLAT-DIM-ACCESS", "PaperSpace": null, "SubClasses": "AcDbEntity:AcDbTrace", "Linetype": null, "EntityHandle": "45A", "Text": null }, "geometry": { "type": "MultiPolygon", "coordinates": [ [ [ [ -10859566.087675986811519, 3005157.146735005546361 ], [ -10859566.516784228384495, 3005156.710457279812545 ], [ -10859567.603982107713819, 3005158.222923680674285 ], [ -10859566.087675986811519, 3005157.146735005546361 ] ] ] ] } },
{ "type": "Feature", "properties": { "Layer": "PLAT-DIM-ACCESS", "PaperSpace": null, "SubClasses": "AcDbEntity:AcDbTrace", "Linetype": null, "EntityHandle": "45B", "Text": null }, "geometry": { "type": "MultiPolygon", "coordinates": [ [ [ [ -10859561.459226369857788, 3005152.544681354891509 ], [ -10859561.888334613293409, 3005152.108403912745416 ], [ -10859560.372029585763812, 3005151.032215080223978 ], [ -10859561.459226369857788, 3005152.544681354891509 ] ] ] ] } },
{ "type": "Feature", "properties": { "Layer": "PLAT-DIM-ACCESS", "PaperSpace": null, "SubClasses": "AcDbEntity:AcDbMText", "Linetype": null, "EntityHandle": "45C", "Text": "30.0'" }, "geometry": { "type": "MultiPoint", "coordinates": [ [ -10859565.162939993664622, 3005153.908240529708564, 0.0 ] ] } },
{ "type": "Feature", "properties": { "Layer": "PLAT-DIM-ACCESS", "PaperSpace": null, "SubClasses": "AcDbEntity:AcDbLine", "Linetype": null, "EntityHandle": "45D", "Text": null }, "geometry": { "type": "MultiLineString", "coordinates": [ [ [ -10859568.247241420671344, 3005160.186746368184686, 0.0 ], [ -10859571.76679496280849, 3005163.686224831733853, 0.0 ] ] ] } },
{ "type": "Feature", "properties": { "Layer": "PLAT-DIM-ACCESS", "PaperSpace": null, "SubClasses": "AcDbEntity:AcDbTrace", "Linetype": null, "EntityHandle": "45E", "Text": null }, "geometry": { "type": "MultiPolygon", "coordinates": [ [ [ [ -10859568.461795557290316, 3005159.968607426155359 ], [ -10859568.032687276601791, 3005160.404885314404964 ], [ -10859566.945489183068275, 3005158.892418709117919 ], [ -10859568.461795557290316, 3005159.968607426155359 ] ] ] ] } },
{ "type": "Feature", "properties": { "Layer": "PLAT-DIM-ACCESS", "PaperSpace": null, "SubClasses": "AcDbEntity:AcDbTrace", "Linetype": null, "EntityHandle": "45F", "Text": null }, "geometry": { "type": "MultiPolygon", "coordinates": [ [ [ [ -10859570.679596215486526, 3005162.173758176155388 ], [ -10859570.250487936660647, 3005162.610036196187139 ], [ -10859571.76679496280849, 3005163.686224831733853 ], [ -10859570.679596215486526, 3005162.173758176155388 ] ] ] ] } },
{ "type": "Feature", "properties": { "Layer": "PLAT-DIM-ACCESS", "PaperSpace": null, "SubClasses": "AcDbEntity:AcDbMText", "Linetype": null, "EntityHandle": "460", "Text": "20.0'" }, "geometry": { "type": "MultiPoint", "coordinates": [ [ -10859570.77376700937748, 3005160.217477879486978, 0.0 ] ] } },
{ "type": "Feature", "properties": { "Layer": "PLAT-DIM-S1", "PaperSpace": null, "SubClasses": "AcDbEntity:AcDbMText", "Linetype": "Continuous", "EntityHandle": "461", "Text": "R=50.00'\nL=91.48'" }, "geometry": { "type": "MultiPoint", "coordinates": [ [ -10859468.891842741519213, 3005274.968520707450807, 0.0 ] ] } },
{ "type": "Feature", "properties": { "Layer": "PLAT-DIM-S1", "PaperSpace": null, "SubClasses": "AcDbEntity:AcDbMText", "Linetype": "Continuous", "EntityHandle": "462", "Text": "L=73.61'" }, "geometry": { "type": "MultiPoint", "coordinates": [ [ -10859462.765068972483277, 3005276.196697976440191, 0.0 ] ] } },
{ "type": "Feature", "properties": { "Layer": "PLAT-DIM-S1", "PaperSpace": null, "SubClasses": "AcDbEntity:AcDbMText", "Linetype": "Continuous", "EntityHandle": "463", "Text": "R=400.00' L=103.56'" }, "geometry": { "type": "MultiPoint", "coordinates": [ [ -10859488.167412916198373, 3005294.223028101958334, 0.0 ] ] } },
{ "type": "Feature", "properties": { "Layer": "PLAT-DIM-S1", "PaperSpace": null, "SubClasses": "AcDbEntity:AcDbMText", "Linetype": "Continuous", "EntityHandle": "464", "Text": "R=75.00'\nL=56.73'" }, "geometry": { "type": "MultiPoint", "coordinates": [ [ -10859447.810962580144405, 3005275.950252764392644, 0.0 ] ] } },
{ "type": "Feature", "properties": { "Layer": "PLAT-DIM-S1", "PaperSpace": null, "SubClasses": "AcDbEntity:AcDbMText", "Linetype": "Continuous", "EntityHandle": "465", "Text": "22.79'" }, "geometry": { "type": "MultiPoint", "coordinates": [ [ -10859454.358544249087572, 3005287.959297065623105, 0.0 ] ] } },
{ "type": "Feature", "properties": { "Layer": "PLAT-DIM-S1", "PaperSpace": null, "SubClasses": "AcDbEntity:AcDbText:AcDbText", "Linetype": null, "EntityHandle": "466", "Text": "N46°42'18\"W" }, "geometry": { "type": "MultiPoint", "coordinates": [ [ -10859450.20752440020442, 3005282.655091155786067, 0.0 ] ] } },
{ "type": "Feature", "properties": { "Layer": "PLAT-DIM-S1", "PaperSpace": null, "SubClasses": "AcDbEntity:AcDbMText", "Linetype": "Continuous", "EntityHandle": "467", "Text": "R=75.00'\nL=50.17'" }, "geometry": { "type": "MultiPoint", "coordinates": [ [ -10859466.442718846723437, 3005295.614396915771067, 0.0 ] ] } },
{ "type": "Feature", "properties": { "Layer": "PLAT-DIM-S1", "PaperSpace": null, "SubClasses": "AcDbEntity:AcDbMText", "Linetype": "Continuous", "EntityHandle": "468", "Text": "R=380.00'\nL=73.64'" }, "geometry": { "type": "MultiPoint", "coordinates": [ [ -10859484.370956545695662, 3005306.355307688936591, 0.0 ] ] } },
{ "type": "Feature", "properties": { "Layer": "PLAT-DIM-S1", "PaperSpace": null, "SubClasses": "AcDbEntity:AcDbMText", "Linetype": "Continuous", "EntityHandle": "469", "Text": "30.27'" }, "geometry": { "type": "MultiPoint", "coordinates": [ [ -10859496.881817476823926, 3005317.749030555132776, 0.0 ] ] } },
{ "type": "Feature", "properties": { "Layer": "PLAT-DIM-S1", "PaperSpace": null, "SubClasses": "AcDbEntity:AcDbLine", "Linetype": null, "EntityHandle": "46A", "Text": null }, "geometry": { "type": "MultiLineString", "coordinates": [ [ [ -10859506.673760436475277, 3005321.53100810199976, 0.0 ], [ -10859507.961105566471815, 3005320.222165320068598, 0.0 ] ] ] } },
{ "type": "Feature", "properties": { "Layer": "PLAT-DIM-S1", "PaperSpace": null, "SubClasses": "AcDbEntity:AcDbLine", "Linetype": null, "EntityHandle": "46B", "Text": null }, "geometry": { "type": "MultiLineString", "coordinates": [ [ [ -10859502.907082572579384, 3005325.360585117246956, 0.0 ], [ -10859501.719049699604511, 3005326.568456340581179, 0.0 ] ] ] } },
{ "type": "Feature", "properties": { "Layer": "PLAT-DIM-S1", "PaperSpace": null, "SubClasses": "AcDbEntity:AcDbTrace", "Linetype": null, "EntityHandle": "46C", "Text": null }, "geometry": { "type": "MultiPolygon", "coordinates": [ [ [ [ -10859506.890720702707767, 3005321.746732771396637 ], [ -10859506.456800175830722, 3005321.315283426549286 ], [ -10859505.386415066197515, 3005322.839850878808647 ], [ -10859506.890720702707767, 3005321.746732771396637 ] ] ] ] } },
{ "type": "Feature", "properties": { "Layer": "PLAT-DIM-S1", "PaperSpace": null, "SubClasses": "AcDbEntity:AcDbTrace", "Linetype": null, "EntityHandle": "46D", "Text": null }, "geometry": { "type": "MultiPolygon", "coordinates": [ [ [ [ -10859503.124042842537165, 3005325.576309901662171 ], [ -10859502.690122311934829, 3005325.144860330969095 ], [ -10859504.194428402930498, 3005324.051742340903729 ], [ -10859503.124042842537165, 3005325.576309901662171 ] ] ] ] } },
{ "type": "Feature", "properties": { "Layer": "PLAT-DIM-S1", "PaperSpace": null, "SubClasses": "AcDbEntity:AcDbLine", "Linetype": null, "EntityHandle": "46E", "Text": null }, "geometry": { "type": "MultiLineString", "coordinates": [ [ [ -10859501.719049699604511, 3005326.568456340581179, 0.0 ], [ -10859502.768641799688339, 3005327.549164378549904, 0.0 ] ] ] } },
{ "type": "Feature", "properties": { "Layer": "PLAT-DIM-S1", "PaperSpace": null, "SubClasses": "AcDbEntity:AcDbText:AcDbText", "Linetype": null, "EntityHandle": "46F", "Text": "N46°11'42\"W" }, "geometry": { "type": "MultiPoint", "coordinates": [ [ -10859512.521601898595691, 3005319.064485625363886, 0.0 ] ] } },
{ "type": "Feature", "properties": { "Layer": "PLAT-DIM-S1", "PaperSpace": null, "SubClasses": "AcDbEntity:AcDbText:AcDbText", "Linetype": null, "EntityHandle": "470", "Text": "118.57'" }, "geometry": { "type": "MultiPoint", "coordinates": [ [ -10859512.156915821135044, 3005322.759388991165906, 0.0 ] ] } },
{ "type": "Feature", "properties": { "Layer": "PLAT-DIM-EASEMENT-S1", "PaperSpace": null, "SubClasses": "AcDbEntity:AcDbMText", "Linetype": "Continuous", "EntityHandle": "471", "Text": "88.29'" }, "geometry": { "type": "MultiPoint", "coordinates": [ [ -10859513.48944859392941, 3005333.65404564095661, 0.0 ] ] } },
{ "type": "Feature", "properties": { "Layer": "PLAT-DIM-S1", "PaperSpace": null, "SubClasses": "AcDbEntity:AcDbMText", "Linetype": null, "EntityHandle": "472", "Text": "175.60'" }, "geometry": { "type": "MultiPoint", "coordinates": [ [ -10859563.499769411981106, 3005355.53566603641957, 0.0 ] ] } },
{ "type": "Feature", "properties": { "Layer": "PLAT-DIM-S1", "PaperSpace": null, "SubClasses": "AcDbEntity:AcDbMText", "Linetype": "Continuous", "EntityHandle": "473", "Text": "L=118.41'" }, "geometry": { "type": "MultiPoint", "coordinates": [ [ -10859550.684077782556415, 3005350.275755813810974, 0.0 ] ] } },
{ "type": "Feature", "properties": { "Layer": "PLAT-DIM-S1", "PaperSpace": null, "SubClasses": "AcDbEntity:AcDbMText", "Linetype": "Continuous", "EntityHandle": "474", "Text": "R=100.00'" }, "geometry": { "type": "MultiPoint", "coordinates": [ [ -10859545.717518225312233, 3005350.762423695996404, 0.0 ] ] } },
{ "type": "Feature", "properties": { "Layer": "PLAT-DIM-S1", "PaperSpace": null, "SubClasses": "AcDbEntity:AcDbMText", "Linetype": "Continuous", "EntityHandle": "475", "Text": "L=88.09'" }, "geometry": { "type": "MultiPoint", "coordinates": [ [ -10859538.971647590398788, 3005351.489515276160091, 0.0 ] ] } },
{ "type": "Feature", "properties": { "Layer": "PLAT-DIM-S1", "PaperSpace": null, "SubClasses": "AcDbEntity:AcDbMText", "Linetype": "Continuous", "EntityHandle": "476", "Text": "R=55.00'\nL=64.70'" }, "geometry": { "type": "MultiPoint", "coordinates": [ [ -10859530.332162704318762, 3005350.869814914185554, 0.0 ] ] } },
{ "type": "Feature", "properties": { "Layer": "PLAT-DIM-S1", "PaperSpace": null, "SubClasses": "AcDbEntity:AcDbMText", "Linetype": "Continuous", "EntityHandle": "477", "Text": "L=53.15'" }, "geometry": { "type": "MultiPoint", "coordinates": [ [ -10859574.545574208721519, 3005377.487776567228138, 0.0 ] ] } },
{ "type": "Feature", "properties": { "Layer": "PLAT-DIM-S1", "PaperSpace": null, "SubClasses": "AcDbEntity:AcDbMText", "Linetype": "Continuous", "EntityHandle": "478", "Text": "L=72.35'" }, "geometry": { "type": "MultiPoint", "coordinates": [ [ -10859567.262076620012522, 3005398.372703291475773, 0.0 ] ] } },
{ "type": "Feature", "properties": { "Layer": "PLAT-DIM-S1", "PaperSpace": null, "SubClasses": "AcDbEntity:AcDbMText", "Linetype": "Continuous", "EntityHandle": "479", "Text": "L=72.35'" }, "geometry": { "type": "MultiPoint", "coordinates": [ [ -10859560.69178494438529, 3005420.838632083497941, 0.0 ] ] } },
{ "type": "Feature", "properties": { "Layer": "PLAT-DIM-S1", "PaperSpace": null, "SubClasses": "AcDbEntity:AcDbMText", "Linetype": "Continuous", "EntityHandle": "47A", "Text": "L=29.56'" }, "geometry": { "type": "MultiPoint", "coordinates": [ [ -10859546.287785926833749, 3005371.41666156006977, 0.0 ] ] } },
{ "type": "Feature", "properties": { "Layer": "PLAT-DIM-S1", "PaperSpace": null, "SubClasses": "AcDbEntity:AcDbMText", "Linetype": "Continuous", "EntityHandle": "47B", "Text": "L=80.04'" }, "geometry": { "type": "MultiPoint", "coordinates": [ [ -10859539.298142295330763, 3005389.069851635023952, 0.0 ] ] } },
{ "type": "Feature", "properties": { "Layer": "PLAT-DIM-S1", "PaperSpace": null, "SubClasses": "AcDbEntity:AcDbMText", "Linetype": "Continuous", "EntityHandle": "47C", "Text": "L=72.35'" }, "geometry": { "type": "MultiPoint", "coordinates": [ [ -10859554.808338148519397, 3005446.330756846815348, 0.0 ] ] } },
{ "type": "Feature", "properties": { "Layer": "PLAT-DIM-S1", "PaperSpace": null, "SubClasses": "AcDbEntity:AcDbMText", "Linetype": "Continuous", "EntityHandle": "47D", "Text": "L=71.96'" }, "geometry": { "type": "MultiPoint", "coordinates": [ [ -10859552.458569400012493, 3005468.597583141643554, 0.0 ] ] } },
{ "type": "Feature", "properties": { "Layer": "PLAT-DIM-S1", "PaperSpace": null, "SubClasses": "AcDbEntity:AcDbMText", "Linetype": "Continuous", "EntityHandle": "47E", "Text": "L=79.96'" }, "geometry": { "type": "MultiPoint", "coordinates": [ [ -10859531.795574793592095, 3005415.633029713761061, 0.0 ] ] } },
{ "type": "Feature", "properties": { "Layer": "PLAT-DIM-S1", "PaperSpace": null, "SubClasses": "AcDbEntity:AcDbMText", "Linetype": "Continuous", "EntityHandle": "47F", "Text": "L=80.04'" }, "geometry": { "type": "MultiPoint", "coordinates": [ [ -10859526.309075525030494, 3005440.535471964627504, 0.0 ] ] } },
{ "type": "Feature", "properties": { "Layer": "PLAT-DIM-S1", "PaperSpace": null, "SubClasses": "AcDbEntity:AcDbMText", "Linetype": "Continuous", "EntityHandle": "480", "Text": "(79.99' REC.)" }, "geometry": { "type": "MultiPoint", "coordinates": [ [ -10859528.89660831168294, 3005461.694992108736187, 0.0 ] ] } },
{ "type": "Feature", "properties": { "Layer": "PLAT-DIM-S1", "PaperSpace": null, "SubClasses": "AcDbEntity:AcDbText:AcDbText", "Linetype": null, "EntityHandle": "481", "Text": "N69°57'24\"W" }, "geometry": { "type": "MultiPoint", "coordinates": [ [ -10859553.283374762162566, 3005378.025214193854481, 0.0 ] ] } },
{ "type": "Feature", "properties": { "Layer": "PLAT-DIM-S1", "PaperSpace": null, "SubClasses": "AcDbEntity:AcDbText:AcDbText", "Linetype": null, "EntityHandle": "482", "Text": "100.00'" }, "geometry": { "type": "MultiPoint", "coordinates": [ [ -10859553.959838455542922, 3005381.743660422507674, 0.0 ] ] } },
{ "type": "Feature", "properties": { "Layer": "PLAT-DIM-S1", "PaperSpace": null, "SubClasses": "AcDbEntity:AcDbText:AcDbText", "Linetype": null, "EntityHandle": "483", "Text": "N74°22'08\"W" }, "geometry": { "type": "MultiPoint", "coordinates": [ [ -10859543.08839312940836, 3005402.292409565765411, 0.0 ] ] } },
{ "type": "Feature", "properties": { "Layer": "PLAT-DIM-S1", "PaperSpace": null, "SubClasses": "AcDbEntity:AcDbText:AcDbText", "Linetype": null, "EntityHandle": "484", "Text": "N78°46'12\"W" }, "geometry": { "type": "MultiPoint", "coordinates": [ [ -10859537.808966910466552, 3005428.270065584685653, 0.0 ] ] } },
{ "type": "Feature", "properties": { "Layer": "PLAT-DIM-S1", "PaperSpace": null, "SubClasses": "AcDbEntity:AcDbText:AcDbText", "Linetype": null, "EntityHandle": "485", "Text": "100.00'" }, "geometry": { "type": "MultiPoint", "coordinates": [ [ -10859539.552604019641876, 3005431.419506188482046, 0.0 ] ] } },
{ "type": "Feature", "properties": { "Layer": "PLAT-DIM-S1", "PaperSpace": null, "SubClasses": "AcDbEntity:AcDbText:AcDbText", "Linetype": null, "EntityHandle": "486", "Text": "N83°10'32\"W" }, "geometry": { "type": "MultiPoint", "coordinates": [ [ -10859535.425155704841018, 3005453.874633017461747, 0.0 ] ] } },
{ "type": "Feature", "properties": { "Layer": "PLAT-DIM-S1", "PaperSpace": null, "SubClasses": "AcDbEntity:AcDbText:AcDbText", "Linetype": null, "EntityHandle": "487", "Text": "100.00'" }, "geometry": { "type": "MultiPoint", "coordinates": [ [ -10859539.103111922740936, 3005458.150081488769501, 0.0 ] ] } },
{ "type": "Feature", "properties": { "Layer": "PLAT-DIM-S1", "PaperSpace": null, "SubClasses": "AcDbEntity:AcDbMText", "Linetype": "Continuous", "EntityHandle": "488", "Text": "R=1,065.93'\nL=358.59'" }, "geometry": { "type": "MultiPoint", "coordinates": [ [ -10859519.240208115428686, 3005423.30152707034722, 0.0 ] ] } },
{ "type": "Feature", "properties": { "Layer": "PLAT-DIM-S1", "PaperSpace": null, "SubClasses": "AcDbEntity:AcDbLine", "Linetype": null, "EntityHandle": "489", "Text": null }, "geometry": { "type": "MultiLineString", "coordinates": [ [ [ -10859517.115177256986499, 3005433.107462829910219, 0.0 ], [ -10859521.844521397724748, 3005434.013191123958677, 0.0 ] ] ] } },
{ "type": "Feature", "properties": { "Layer": "PLAT-DIM-S1", "PaperSpace": null, "SubClasses": "AcDbEntity:AcDbTrace", "Linetype": null, "EntityHandle": "48A", "Text": null }, "geometry": { "type": "MultiPolygon", "coordinates": [ [ [ [ -10859517.058082465082407, 3005433.408840486314148 ], [ -10859517.1722720451653, 3005432.806085178628564 ], [ -10859515.316694432869554, 3005432.763030539266765 ], [ -10859517.058082465082407, 3005433.408840486314148 ] ] ] ] } },
{ "type": "Feature", "properties": { "Layer": "PLAT-DIM-S1", "PaperSpace": null, "SubClasses": "AcDbEntity:AcDbTrace", "Linetype": null, "EntityHandle": "48B", "Text": null }, "geometry": { "type": "MultiPolygon", "coordinates": [ [ [ [ -10859521.787426704540849, 3005434.314568819478154 ], [ -10859521.901616090908647, 3005433.711813434958458 ], [ -10859523.643004540354013, 3005434.357622605282813 ], [ -10859521.787426704540849, 3005434.314568819478154 ] ] ] ] } },
{ "type": "Feature", "properties": { "Layer": "PLAT-DIM-S1", "PaperSpace": null, "SubClasses": "AcDbEntity:AcDbMText", "Linetype": null, "EntityHandle": "48C", "Text": "25.0'" }, "geometry": { "type": "MultiPoint", "coordinates": [ [ -10859520.24269, 3005431.971014147624373, 0.0 ] ] } },
{ "type": "Feature", "properties": { "Layer": "PLAT-DIM-S1", "PaperSpace": null, "SubClasses": "AcDbEntity:AcDbLine", "Linetype": null, "EntityHandle": "48D", "Text": null }, "geometry": { "type": "MultiLineString", "coordinates": [ [ [ -10859513.516626270487905, 3005432.426751452032477, 0.0 ], [ -10859508.787111567333341, 3005431.521926849149168, 0.0 ] ] ] } },
{ "type": "Feature", "properties": { "Layer": "PLAT-DIM-S1", "PaperSpace": null, "SubClasses": "AcDbEntity:AcDbTrace", "Linetype": null, "EntityHandle": "48E", "Text": null }, "geometry": { "type": "MultiPolygon", "coordinates": [ [ [ [ -10859513.45958854444325, 3005432.728140017017722 ], [ -10859513.573663994669914, 3005432.12536289030686 ], [ -10859515.315174274146557, 3005432.770839272066951 ], [ -10859513.45958854444325, 3005432.728140017017722 ] ] ] ] } },
{ "type": "Feature", "properties": { "Layer": "PLAT-DIM-S1", "PaperSpace": null, "SubClasses": "AcDbEntity:AcDbTrace", "Linetype": null, "EntityHandle": "48F", "Text": null }, "geometry": { "type": "MultiPolygon", "coordinates": [ [ [ [ -10859508.730073742568493, 3005431.823315374553204 ], [ -10859508.844149388372898, 3005431.220538327004761 ], [ -10859506.988563880324364, 3005431.177838213741779 ], [ -10859508.730073742568493, 3005431.823315374553204 ] ] ] ] } },
{ "type": "Feature", "properties": { "Layer": "PLAT-DIM-S1", "PaperSpace": null, "SubClasses": "AcDbEntity:AcDbMText", "Linetype": null, "EntityHandle": "490", "Text": "25.0'" }, "geometry": { "type": "MultiPoint", "coordinates": [ [ -10859512.189405204728246, 3005430.388564916793257, 0.0 ] ] } },
{ "type": "Feature", "properties": { "Layer": "PLAT-DIM-S1", "PaperSpace": null, "SubClasses": "AcDbEntity:AcDbLine", "Linetype": null, "EntityHandle": "491", "Text": null }, "geometry": { "type": "MultiLineString", "coordinates": [ [ [ -10859513.921073686331511, 3005408.501141216605902, 0.0 ], [ -10859526.792772153392434, 3005411.828681865241379, 0.0 ] ] ] } },
{ "type": "Feature", "properties": { "Layer": "PLAT-DIM-S1", "PaperSpace": null, "SubClasses": "AcDbEntity:AcDbTrace", "Linetype": null, "EntityHandle": "492", "Text": null }, "geometry": { "type": "MultiPolygon", "coordinates": [ [ [ [ -10859513.845089267939329, 3005408.798272380139679 ], [ -10859513.997058102861047, 3005408.204010058194399 ], [ -10859512.147932026535273, 3005408.042754647321999 ], [ -10859513.845089267939329, 3005408.798272380139679 ] ] ] ] } },
{ "type": "Feature", "properties": { "Layer": "PLAT-DIM-S1", "PaperSpace": null, "SubClasses": "AcDbEntity:AcDbTrace", "Linetype": null, "EntityHandle": "493", "Text": null }, "geometry": { "type": "MultiPolygon", "coordinates": [ [ [ [ -10859526.716787988319993, 3005412.125813164748251 ], [ -10859526.868756314739585, 3005411.531550566665828 ], [ -10859528.565914765000343, 3005412.287066698540002 ], [ -10859526.716787988319993, 3005412.125813164748251 ] ] ] ] } },
{ "type": "Feature", "properties": { "Layer": "PLAT-DIM-S1", "PaperSpace": null, "SubClasses": "AcDbEntity:AcDbMText", "Linetype": null, "EntityHandle": "494", "Text": "50.0'" }, "geometry": { "type": "MultiPoint", "coordinates": [ [ -10859520.581248691305518, 3005408.710142895113677, 0.0 ] ] } },
{ "type": "Feature", "properties": { "Layer": "PLAT-DIM-S1", "PaperSpace": null, "SubClasses": "AcDbEntity:AcDbMText", "Linetype": "Continuous", "EntityHandle": "495", "Text": "L=87.43'\n(95.78' REC.)" }, "geometry": { "type": "MultiPoint", "coordinates": [ [ -10859520.762651799246669, 3005376.518690285272896, 0.0 ] ] } },
{ "type": "Feature", "properties": { "Layer": "PLAT-DIM-S1", "PaperSpace": null, "SubClasses": "AcDbEntity:AcDbMText", "Linetype": "Continuous", "EntityHandle": "496", "Text": "L=94.32'" }, "geometry": { "type": "MultiPoint", "coordinates": [ [ -10859512.050817061215639, 3005406.149174527730793, 0.0 ] ] } },
{ "type": "Feature", "properties": { "Layer": "PLAT-DIM-S1", "PaperSpace": null, "SubClasses": "AcDbEntity:AcDbMText", "Linetype": "Continuous", "EntityHandle": "497", "Text": "L=93.62'" }, "geometry": { "type": "MultiPoint", "coordinates": [ [ -10859505.050003703683615, 3005437.232166091445833, 0.0 ] ] } },
{ "type": "Feature", "properties": { "Layer": "PLAT-DIM-S1", "PaperSpace": null, "SubClasses": "AcDbEntity:AcDbMText", "Linetype": "Continuous", "EntityHandle": "498", "Text": "L=93.59'" }, "geometry": { "type": "MultiPoint", "coordinates": [ [ -10859500.857366234064102, 3005467.81765538174659, 0.0 ] ] } },
{ "type": "Feature", "properties": { "Layer": "PLAT-DIM-S1", "PaperSpace": null, "SubClasses": "AcDbEntity:AcDbMText", "Linetype": "Continuous", "EntityHandle": "499", "Text": "68.98'\n(62.71' REC.)" }, "geometry": { "type": "MultiPoint", "coordinates": [ [ -10859403.688757920637727, 3005205.991093331947923, 0.0 ] ] } },
{ "type": "Feature", "properties": { "Layer": "PLAT-DIM-ACCESS", "PaperSpace": null, "SubClasses": "AcDbEntity:AcDbMText", "Linetype": "Continuous", "EntityHandle": "49A", "Text": "N43°48'18\"E" }, "geometry": { "type": "MultiPoint", "coordinates": [ [ -10859532.90783597715199, 3005196.795830218587071, 0.0 ] ] } },
{ "type": "Feature", "properties": { "Layer": "PLAT-DIM-ACCESS", "PaperSpace": null, "SubClasses": "AcDbEntity:AcDbMText", "Linetype": "Continuous", "EntityHandle": "49E", "Text": "521.58'" }, "geometry": { "type": "MultiPoint", "coordinates": [ [ -10859531.030977200716734, 3005194.480656647123396, 0.0 ] ] } },
{ "type": "Feature", "properties": { "Layer": "PLAT-DIM-S1", "PaperSpace": null, "SubClasses": "AcDbEntity:AcDbMText", "Linetype": "Continuous", "EntityHandle": "49F", "Text": "263.47' (270.11' REC.)" }, "geometry": { "type": "MultiPoint", "coordinates": [ [ -10859395.395445674657822, 3005262.421589015983045, 0.0 ] ] } },
{ "type": "Feature", "properties": { "Layer": "PLAT-DIM-S1", "PaperSpace": null, "SubClasses": "AcDbEntity:AcDbMText", "Linetype": "Continuous", "EntityHandle": "4A0", "Text": "S83Â°26'03\"E" }, "geometry": { "type": "MultiPoint", "coordinates": [ [ -10859398.325011976063251, 3005301.411333213094622, 0.0 ] ] } },
{ "type": "Feature", "properties": { "Layer": "PLAT-DIM-S1", "PaperSpace": null, "SubClasses": "AcDbEntity:AcDbMText", "Linetype": "Continuous", "EntityHandle": "4A1", "Text": "62.00'" }, "geometry": { "type": "MultiPoint", "coordinates": [ [ -10859398.447310574352741, 3005303.410490494221449, 0.0 ] ] } },
{ "type": "Feature", "properties": { "Layer": "PLAT-DIM-S1", "PaperSpace": null, "SubClasses": "AcDbEntity:AcDbMText", "Linetype": "Continuous", "EntityHandle": "4A2", "Text": "(61.81' REC.)" }, "geometry": { "type": "MultiPoint", "coordinates": [ [ -10859397.226070452481508, 3005307.243435182143003, 0.0 ] ] } },
{ "type": "Feature", "properties": { "Layer": "PLAT-DIM-S1", "PaperSpace": null, "SubClasses": "AcDbEntity:AcDbMText", "Linetype": "Continuous", "EntityHandle": "4A3", "Text": "S43°48'18\"W" }, "geometry": { "type": "MultiPoint", "coordinates": [ [ -10859425.446819508448243, 3005286.162254069466144, 0.0 ] ] } },
{ "type": "Feature", "properties": { "Layer": "PLAT-DIM-S1", "PaperSpace": null, "SubClasses": "AcDbEntity:AcDbMText", "Linetype": "Continuous", "EntityHandle": "4A4", "Text": "172.56' (178.00' REC.)" }, "geometry": { "type": "MultiPoint", "coordinates": [ [ -10859420.010929146781564, 3005288.073159541934729, 0.0 ] ] } },
{ "type": "Feature", "properties": { "Layer": "PLAT-DIM-S1", "PaperSpace": null, "SubClasses": "AcDbEntity:AcDbMText", "Linetype": null, "EntityHandle": "4A5", "Text": "55.0'" }, "geometry": { "type": "MultiPoint", "coordinates": [ [ -10859443.054073138162494, 3005247.865595317911357, 0.0 ] ] } },
{ "type": "Feature", "properties": { "Layer": "PLAT-DIM-S1", "PaperSpace": null, "SubClasses": "AcDbEntity:AcDbMText", "Linetype": "Continuous", "EntityHandle": "4A6", "Text": "L=17.88'" }, "geometry": { "type": "MultiPoint", "coordinates": [ [ -10859468.637725297361612, 3005263.470948779955506, 0.0 ] ] } },
{ "type": "Feature", "properties": { "Layer": "PLAT-DIM-S1", "PaperSpace": null, "SubClasses": "AcDbEntity:AcDbText:AcDbText", "Linetype": null, "EntityHandle": "4A7", "Text": "265.06'" }, "geometry": { "type": "MultiPoint", "coordinates": [ [ -10859509.892524592578411, 3005303.236864281352609, 0.0 ] ] } },
{ "type": "Feature", "properties": { "Layer": "PLAT-DIM-S1", "PaperSpace": null, "SubClasses": "AcDbEntity:AcDbPolyline", "Linetype": null, "EntityHandle": "4A8", "Text": null }, "geometry": { "type": "MultiLineString", "coordinates": [ [ [ -10859491.566482925787568, 3005292.318988233339041 ], [ -10859493.136054832488298, 3005291.37138011911884 ], [ -10859493.136054832488298, 3005291.37138011911884 ], [ -10859493.471787905320525, 3005291.155723010655493 ], [ -10859493.795107318088412, 3005290.921674964949489 ], [ -10859494.105017632246017, 3005290.66995657235384 ], [ -10859494.400564700365067, 3005290.401342824101448 ], [ -10859494.400564700365067, 3005290.401342824101448 ], [ -10859494.454258715733886, 3005290.353225572034717 ], [ -10859494.511147325858474, 3005290.308974590152502 ], [ -10859494.570955706760287, 3005290.268803657963872 ], [ -10859494.633394921198487, 3005290.232906833756715 ], [ -10859494.698163332417607, 3005290.201457536779344 ], [ -10859494.764948045834899, 3005290.174607694149017 ], [ -10859494.833426425233483, 3005290.152487021870911 ], [ -10859494.903267653658986, 3005290.135202381759882 ], [ -10859494.974134333431721, 3005290.122837272007018 ], [ -10859495.045684108510613, 3005290.115451435092837 ], [ -10859495.117571322247386, 3005290.113080542068928 ], [ -10859495.18944869376719, 3005290.11573605472222 ], [ -10859495.26096898317337, 3005290.123405143152922 ], [ -10859495.331786680966616, 3005290.136050754692405 ], [ -10859495.401559667661786, 3005290.153611803427339 ], [ -10859495.469950873404741, 3005290.176003446336836 ], [ -10859495.536629902198911, 3005290.203117517754436 ], [ -10859495.601274630054832, 3005290.234823025763035 ], [ -10859495.663572760298848, 3005290.270966803189367 ], [ -10859495.723223334178329, 3005290.311374238226563 ], [ -10859495.77993817999959, 3005290.355850127991289 ], [ -10859495.833443311974406, 3005290.404179612640291 ], [ -10859495.883480247110128, 3005290.456129208672792 ], [ -10859495.929807260632515, 3005290.511447952594608 ], [ -10859495.97220054641366, 3005290.569868599530309 ], [ -10859496.010455306619406, 3005290.631108925212175 ], [ -10859496.0443867277354, 3005290.694873076863587 ], [ -10859496.073830896988511, 3005290.760853011161089 ], [ -10859496.098645564168692, 3005290.828729985747486 ], [ -10859496.118710851296782, 3005290.898176089394838 ], [ -10859496.133929824456573, 3005290.968855821527541 ], [ -10859496.144228963181376, 3005291.040427740197629 ] ] ] } },
{ "type": "Feature", "properties": { "Layer": "PLAT-DIM-S2", "PaperSpace": null, "SubClasses": "AcDbEntity:AcDbText:AcDbText", "Linetype": null, "EntityHandle": "4A9", "Text": "(132.73' REC.)" }, "geometry": { "type": "MultiPoint", "coordinates": [ [ -10859476.949314147233963, 3005479.847242659889162, 0.0 ] ] } },
{ "type": "Feature", "properties": { "Layer": "PLAT-DIM-S2", "PaperSpace": null, "SubClasses": "AcDbEntity:AcDbText:AcDbText", "Linetype": null, "EntityHandle": "4AA", "Text": "132.70'" }, "geometry": { "type": "MultiPoint", "coordinates": [ [ -10859469.8410375546664, 3005478.970981910824776, 0.0 ] ] } },
{ "type": "Feature", "properties": { "Layer": "PLAT-DIM-S1", "PaperSpace": null, "SubClasses": "AcDbEntity:AcDbMText", "Linetype": "Continuous", "EntityHandle": "4AB", "Text": "(93.94' REC.)" }, "geometry": { "type": "MultiPoint", "coordinates": [ [ -10859498.710181456059217, 3005468.230877376161516, 0.0 ] ] } },
{ "type": "Feature", "properties": { "Layer": "PLAT-DIM-S1", "PaperSpace": null, "SubClasses": "AcDbEntity:AcDbMText", "Linetype": "Continuous", "EntityHandle": "4AC", "Text": "(72.31' REC.)" }, "geometry": { "type": "MultiPoint", "coordinates": [ [ -10859550.608138140290976, 3005465.071279321331531, 0.0 ] ] } },
{ "type": "Feature", "properties": { "Layer": "PLAT-DIM-S1", "PaperSpace": null, "SubClasses": "AcDbEntity:AcDbMText", "Linetype": "Continuous", "EntityHandle": "4AD", "Text": "L=79.64'" }, "geometry": { "type": "MultiPoint", "coordinates": [ [ -10859530.680162440985441, 3005463.53607477620244, 0.0 ] ] } },
{ "type": "Feature", "properties": { "Layer": "PLAT-DIM-S1", "PaperSpace": null, "SubClasses": "AcDbEntity:AcDbMText", "Linetype": "Continuous", "EntityHandle": "4AE", "Text": "R=940.33'  L=288.92'" }, "geometry": { "type": "MultiPoint", "coordinates": [ [ -10859564.411980958655477, 3005436.502496141009033, 0.0 ] ] } },
{ "type": "Feature", "properties": { "Layer": "PLAT-DIM-S1", "PaperSpace": null, "SubClasses": "AcDbEntity:AcDbText:AcDbText", "Linetype": null, "EntityHandle": "4AF", "Text": "100.00'" }, "geometry": { "type": "MultiPoint", "coordinates": [ [ -10859543.973485006019473, 3005406.021120823454112, 0.0 ] ] } },
{ "type": "Feature", "properties": { "Layer": "PLAT-DIM-S1", "PaperSpace": null, "SubClasses": "AcDbEntity:AcDbMText", "Linetype": "Continuous", "EntityHandle": "4B0", "Text": "R=949.57'\nL=53.15'" }, "geometry": { "type": "MultiPoint", "coordinates": [ [ -10859580.822935430333018, 3005381.346243936568499, 0.0 ] ] } },
{ "type": "Feature", "properties": { "Layer": "PLAT-DIM-S1", "PaperSpace": null, "SubClasses": "AcDbEntity:AcDbMText", "Linetype": "Continuous", "EntityHandle": "4B1", "Text": "(L=289.28' REC.)" }, "geometry": { "type": "MultiPoint", "coordinates": [ [ -10859561.239666480571032, 3005456.007875578012317, 0.0 ] ] } },
{ "type": "Feature", "properties": { "Layer": "PLAT-DIM-S1", "PaperSpace": null, "SubClasses": "AcDbEntity:AcDbMText", "Linetype": "Continuous", "EntityHandle": "4B2", "Text": "(CHORD: N11°13'12\"E 287.79')" }, "geometry": { "type": "MultiPoint", "coordinates": [ [ -10859560.524458134546876, 3005444.238987978547812, 0.0 ] ] } },
{ "type": "Feature", "properties": { "Layer": "PLAT-DIM-S1", "PaperSpace": null, "SubClasses": "AcDbEntity:AcDbPolyline", "Linetype": null, "EntityHandle": "4B3", "Text": null }, "geometry": { "type": "MultiLineString", "coordinates": [ [ [ -10859518.84068045951426, 3005468.634405593853444 ], [ -10859520.670110585168004, 3005468.706181994173676 ], [ -10859520.670110585168004, 3005468.706181994173676 ], [ -10859523.907560957595706, 3005468.897240387741476 ], [ -10859527.135060543194413, 3005469.21588876331225 ], [ -10859527.135060543194413, 3005469.21588876331225 ], [ -10859527.262986451387405, 3005469.226605708710849 ], [ -10859527.391342390328646, 3005469.228460713755339 ], [ -10859527.519521806389093, 3005469.221445021685213 ], [ -10859527.646918971091509, 3005469.205591776873916 ], [ -10859527.772931862622499, 3005469.180975900497288 ], [ -10859527.896964989602566, 3005469.147713715210557 ], [ -10859528.018432227894664, 3005469.105962409172207 ], [ -10859528.136759569868445, 3005469.055919274222106 ], [ -10859528.251387849450111, 3005468.997820800170302 ], [ -10859528.361775379627943, 3005468.93194153578952 ], [ -10859528.467400513589382, 3005468.858592793345451 ], [ -10859528.567764114588499, 3005468.778121198993176 ], [ -10859528.66239189915359, 3005468.690907022915781 ], [ -10859528.750836698338389, 3005468.597362405620515 ], [ -10859528.832680556923151, 3005468.497929398901761 ], [ -10859528.907536717131734, 3005468.393077888526022 ], [ -10859528.975051436573267, 3005468.283303349744529 ], [ -10859529.034905668348074, 3005468.169124542735517 ], [ -10859529.086816569790244, 3005468.051081022713333 ], [ -10859529.130538826808333, 3005467.929730616044253 ], [ -10859529.165865829214454, 3005467.805646782275289 ], [ -10859529.192630633711815, 3005467.679415879305452 ], [ -10859529.210706764832139, 3005467.551634434144944 ] ] ] } },
{ "type": "Feature", "properties": { "Layer": "PLAT-DIM-S2", "PaperSpace": null, "SubClasses": "AcDbEntity:AcDbLine", "Linetype": null, "EntityHandle": "4B4", "Text": null }, "geometry": { "type": "MultiLineString", "coordinates": [ [ [ -10859361.653243444859982, 3005475.379052681382746, 0.0 ], [ -10859363.468150684610009, 3005475.62124844128266, 0.0 ] ] ] } },
{ "type": "Feature", "properties": { "Layer": "PLAT-DIM-S2", "PaperSpace": null, "SubClasses": "AcDbEntity:AcDbLine", "Linetype": null, "EntityHandle": "4B5", "Text": null }, "geometry": { "type": "MultiLineString", "coordinates": [ [ [ -10859351.30155148729682, 3005473.997635394800454, 0.0 ], [ -10859347.857041027396917, 3005473.537969072815031, 0.0 ] ] ] } },
{ "type": "Feature", "properties": { "Layer": "PLAT-DIM-S2", "PaperSpace": null, "SubClasses": "AcDbEntity:AcDbTrace", "Linetype": null, "EntityHandle": "4B6", "Text": null }, "geometry": { "type": "MultiPolygon", "coordinates": [ [ [ [ -10859361.613095851615071, 3005475.683182613458484 ], [ -10859361.693391036242247, 3005475.074922760017216 ], [ -10859359.838336266577244, 3005475.136856691911817 ], [ -10859361.613095851615071, 3005475.683182613458484 ] ] ] ] } },
{ "type": "Feature", "properties": { "Layer": "PLAT-DIM-S2", "PaperSpace": null, "SubClasses": "AcDbEntity:AcDbTrace", "Linetype": null, "EntityHandle": "4B7", "Text": null }, "geometry": { "type": "MultiPolygon", "coordinates": [ [ [ [ -10859351.261403676122427, 3005474.301765269599855 ], [ -10859351.341699300333858, 3005473.693505536299199 ], [ -10859353.116458373144269, 3005474.239832475781441 ], [ -10859351.261403676122427, 3005474.301765269599855 ] ] ] ] } },
{ "type": "Feature", "properties": { "Layer": "PLAT-DIM-S2", "PaperSpace": null, "SubClasses": "AcDbEntity:AcDbLine", "Linetype": null, "EntityHandle": "4B8", "Text": null }, "geometry": { "type": "MultiLineString", "coordinates": [ [ [ -10859347.857041027396917, 3005473.537969072815031, 0.0 ], [ -10859348.236941482871771, 3005470.776333776768297, 0.0 ] ] ] } },
{ "type": "Feature", "properties": { "Layer": "PLAT-DIM-S1", "PaperSpace": null, "SubClasses": "AcDbEntity:AcDbMText", "Linetype": "Continuous", "EntityHandle": "4BA", "Text": "807.64'" }, "geometry": { "type": "MultiPoint", "coordinates": [ [ -10859376.867462147027254, 3005326.933526746928692, 0.0 ] ] } },
{ "type": "Feature", "properties": { "Layer": "PLAT-DIM-S1", "PaperSpace": null, "SubClasses": "AcDbEntity:AcDbMText", "Linetype": "Continuous", "EntityHandle": "4BB", "Text": "272.74'" }, "geometry": { "type": "MultiPoint", "coordinates": [ [ -10859408.476458555087447, 3005465.664830242283642, 0.0 ] ] } },
{ "type": "Feature", "properties": { "Layer": "PLAT-BORDER-LEGAL", "PaperSpace": null, "SubClasses": "AcDbEntity:AcDbMText", "Linetype": null, "EntityHandle": "4BC", "Text": "BOARD OF TRUSTEES OF THE SOUTH\nTEXAS INDEPENDANT SCHOOL DISTRICT\n43.68 ACRE TRACT\nOUT OF A 213.374 ACRE TRACT" }, "geometry": { "type": "MultiPoint", "coordinates": [ [ -10859570.082667576149106, 3005191.955580356996506, 0.0 ] ] } },
{ "type": "Feature", "properties": { "Layer": "PLAT-BORDER-LEGAL", "PaperSpace": null, "SubClasses": "AcDbEntity:AcDbMText", "Linetype": null, "EntityHandle": "4BE", "Text": "(CAB. 1, SLOT 1035-A, C.C.M.R.)" }, "geometry": { "type": "MultiPoint", "coordinates": [ [ -10859459.43052975833416, 3005152.911640802398324, 0.0 ] ] } },
{ "type": "Feature", "properties": { "Layer": "PLAT-BORDER-LEGAL", "PaperSpace": null, "SubClasses": "AcDbEntity:AcDbMText", "Linetype": null, "EntityHandle": "4C0", "Text": "RESIDUE OF A 31.683 ACRE TRACT OUT OF A\n41.236 ACRE TRACT\n (41.237 ACRE REC.) \nOUT OF A 213.374 ACRE TRACT" }, "geometry": { "type": "MultiPoint", "coordinates": [ [ -10859576.897650625556707, 3005670.405423420947045, 0.0 ] ] } },
{ "type": "Feature", "properties": { "Layer": "PLAT-BORDER-LEGAL", "PaperSpace": null, "SubClasses": "AcDbEntity:AcDbMText", "Linetype": null, "EntityHandle": "4C1", "Text": "(VOL. 12669, Pg. 129, OFFICIAL RECORDS)" }, "geometry": { "type": "MultiPoint", "coordinates": [ [ -10859562.261860653758049, 3005699.386800196953118, 0.0 ] ] } },
{ "type": "Feature", "properties": { "Layer": "PLAT-BORDER-LEGAL", "PaperSpace": null, "SubClasses": "AcDbEntity:AcDbMText", "Linetype": null, "EntityHandle": "4D5", "Text": "EAST LINE OF SHARE 1, ESPIRITU SANTO GRANT, EAST LINE OF 41.237 ACRE TRACT AND EAST LINE OF 213.374 ACRE TRACT" }, "geometry": { "type": "MultiPoint", "coordinates": [ [ -10859369.981104858219624, 3005484.4653135612607, 29.832 ] ] } },
{ "type": "Feature", "properties": { "Layer": "PLAT-TEXT-S2", "PaperSpace": null, "SubClasses": "AcDbEntity:AcDbMText", "Linetype": null, "EntityHandle": "4D8", "Text": "L  A  K  E" }, "geometry": { "type": "MultiPoint", "coordinates": [ [ -10859409.98820754699409, 3005602.517199060413986, 0.0 ] ] } },
{ "type": "Feature", "properties": { "Layer": "PLAT-DIM-S2", "PaperSpace": null, "SubClasses": "AcDbEntity:AcDbMText", "Linetype": null, "EntityHandle": "4DB", "Text": "S06Â°41'02\"W     978.00'" }, "geometry": { "type": "MultiPoint", "coordinates": [ [ -10859337.352116921916604, 3005623.587512170430273, 0.0 ] ] } },
{ "type": "Feature", "properties": { "Layer": "PLAT-DIM-S2", "PaperSpace": null, "SubClasses": "AcDbEntity:AcDbMText", "Linetype": null, "EntityHandle": "4DC", "Text": "149.56'" }, "geometry": { "type": "MultiPoint", "coordinates": [ [ -10859476.847485806792974, 3005481.298643536865711, 0.0 ] ] } },
{ "type": "Feature", "properties": { "Layer": "PLAT-DIM-S2", "PaperSpace": null, "SubClasses": "AcDbEntity:AcDbMText", "Linetype": null, "EntityHandle": "4DD", "Text": "255.88'" }, "geometry": { "type": "MultiPoint", "coordinates": [ [ -10859407.373113742098212, 3005472.113812923431396, 0.0 ] ] } },
{ "type": "Feature", "properties": { "Layer": "PLAT-DIM-S2", "PaperSpace": null, "SubClasses": "AcDbEntity:AcDbMText", "Linetype": null, "EntityHandle": "4DE", "Text": "427.75'" }, "geometry": { "type": "MultiPoint", "coordinates": [ [ -10859398.822374533861876, 3005775.214100117329508, 0.0 ] ] } },
{ "type": "Feature", "properties": { "Layer": "PLAT-TEXT-S2", "PaperSpace": null, "SubClasses": "AcDbEntity:AcDbMText", "Linetype": null, "EntityHandle": "4DF", "Text": "6.778 ACRES" }, "geometry": { "type": "MultiPoint", "coordinates": [ [ -10859404.389698112383485, 3005611.222435186617076, 0.0 ] ] } },
{ "type": "Feature", "properties": { "Layer": "PLAT-DIM-S2", "PaperSpace": null, "SubClasses": "AcDbEntity:AcDbPolyline", "Linetype": null, "EntityHandle": "4E0", "Text": null }, "geometry": { "type": "MultiLineString", "coordinates": [ [ [ -10859510.703783942386508, 3005481.728549176361412 ], [ -10859511.496736591681838, 3005480.069378051906824 ], [ -10859511.496736591681838, 3005480.069378051906824 ], [ -10859512.18170041590929, 3005478.729909506160766 ], [ -10859512.937471395358443, 3005477.429506345186383 ], [ -10859512.937471395358443, 3005477.429506345186383 ], [ -10859513.111374001950026, 3005477.125568058341742 ], [ -10859513.264492938295007, 3005476.810529446229339 ], [ -10859513.396130938082933, 3005476.485825127456337 ], [ -10859513.505688548088074, 3005476.152933734469116 ], [ -10859513.592666869983077, 3005475.813371183816344 ], [ -10859513.65666982345283, 3005475.468683775980026 ], [ -10859513.697405956685543, 3005475.120441142003983 ], [ -10859513.714689766988158, 3005474.77022910118103 ], [ -10859513.70844254642725, 3005474.419642446096987 ], [ -10859513.678692748770118, 3005474.070277674589306 ], [ -10859513.625575847923756, 3005473.723725713789463 ], [ -10859513.549333730712533, 3005473.381564693059772 ], [ -10859513.450313586741686, 3005473.045352730900049 ], [ -10859513.328966334462166, 3005472.71662086667493 ] ] ] } },
{ "type": "Feature", "properties": { "Layer": "PLAT-BORDER-LEGAL", "PaperSpace": null, "SubClasses": "AcDbEntity:AcDbPolyline", "Linetype": null, "EntityHandle": "4F6", "Text": null }, "geometry": { "type": "MultiLineString", "coordinates": [ [ [ -10859362.683211762458086, 3005479.494708320591599 ], [ -10859364.377063972875476, 3005480.193312199320644 ], [ -10859364.377063972875476, 3005480.193312199320644 ], [ -10859366.483309663832188, 3005480.998121872078627 ], [ -10859368.628438081592321, 3005481.691382919438183 ], [ -10859368.628438081592321, 3005481.691382919438183 ], [ -10859368.719581205397844, 3005481.72165889525786 ], [ -10859368.808454342186451, 3005481.758124315179884 ], [ -10859368.894642261788249, 3005481.8006088049151 ], [ -10859368.977742277085781, 3005481.848913872614503 ], [ -10859369.057366129010916, 3005481.902813824824989 ], [ -10859369.133141800761223, 3005481.962056829594076 ], [ -10859369.204715251922607, 3005482.026366097852588 ], [ -10859369.271752081811428, 3005482.095441157929599 ], [ -10859369.333939077332616, 3005482.168959284666926 ], [ -10859369.390985691919923, 3005482.246576984878629 ], [ -10859369.442625392228365, 3005482.327931612264365 ], [ -10859369.488616909831762, 3005482.412643066141754 ], [ -10859369.528745358809829, 3005482.500315556768328 ], [ -10859369.562823254615068, 3005482.59053945960477 ], [ -10859369.59069138020277, 3005482.682893237564713 ], [ -10859369.612219527363777, 3005482.776945393066853 ], [ -10859369.627307111397386, 3005482.872256495524198 ], [ -10859369.635883644223213, 3005482.968381236772984 ], [ -10859369.637909051030874, 3005483.064870500937104 ], [ -10859369.633373873308301, 3005483.161273470614105 ], [ -10859369.62229929305613, 3005483.25713973864913 ], [ -10859369.604737060144544, 3005483.352021394763142 ], [ -10859369.580769222229719, 3005483.445475137792528 ], [ -10859369.550507765263319, 3005483.53706432832405 ], [ -10859369.514094075188041, 3005483.626361051574349 ], [ -10859369.47169828414917, 3005483.71294808993116 ] ] ] } },
{ "type": "Feature", "properties": { "Layer": "PLAT-DIM-S2", "PaperSpace": null, "SubClasses": "AcDbEntity:AcDbMText", "Linetype": null, "EntityHandle": "4F7", "Text": "POINT OF BEGINNING" }, "geometry": { "type": "MultiPoint", "coordinates": [ [ -10859579.750475473701954, 3005453.647126514464617, 0.0 ] ] } },
{ "type": "Feature", "properties": { "Layer": "PLAT-BORDER-LEGAL", "PaperSpace": null, "SubClasses": "AcDbEntity:AcDbMText", "Linetype": null, "EntityHandle": "4FB", "Text": "89.45 ACRES\nOUT OF BLOCKS 30 THROUGH 38, SAN CARLOS ESTATES, ABSTRACT 2\n(DOCUMENT 2021-46831, \nOFFICIAL RECORDS)" }, "geometry": { "type": "MultiPoint", "coordinates": [ [ -10859335.768167758360505, 3005577.639221965800971, 0.0 ] ] } },
{ "type": "Feature", "properties": { "Layer": "PLAT-BORDER-LEGAL", "PaperSpace": null, "SubClasses": "AcDbEntity:AcDbMText", "Linetype": null, "EntityHandle": "4FE", "Text": "21.39 ACRES\nIN BLOCKS 27, 28 AND 29, SAN CARLOS ESTATES, ABSTRACT 2\n(DOCUMENT 2021-46831, \nOFFICIAL RECORDS)" }, "geometry": { "type": "MultiPoint", "coordinates": [ [ -10859372.639892607927322, 3005301.585615672171116, 0.0 ] ] } },
{ "type": "Feature", "properties": { "Layer": "PLAT-LOTLINE-S2", "PaperSpace": null, "SubClasses": "AcDbEntity:AcDbLine", "Linetype": null, "EntityHandle": "51C", "Text": null }, "geometry": { "type": "MultiLineString", "coordinates": [ [ [ -10859450.184550080448389, 3005523.865786937065423, 0.0 ], [ -10859450.571581611409783, 3005476.673100060317665, 0.0 ] ] ] } },
{ "type": "Feature", "properties": { "Layer": "PLAT-TEXT-S2", "PaperSpace": null, "SubClasses": "AcDbEntity:AcDbText:AcDbText", "Linetype": null, "EntityHandle": "51E", "Text": "15" }, "geometry": { "type": "MultiPoint", "coordinates": [ [ -10859476.611659033223987, 3005738.397438373416662, 0.0 ] ] } },
{ "type": "Feature", "properties": { "Layer": "PLAT-TITLE-S2", "PaperSpace": null, "SubClasses": "AcDbEntity:AcDbMText", "Linetype": null, "EntityHandle": "51F", "Text": "18 SINGLE FAMILY LOTS\n       P-8009" }, "geometry": { "type": "MultiPoint", "coordinates": [ [ -10859318.769012248143554, 3005535.575688579585403, 0.0 ] ] } },
{ "type": "Feature", "properties": { "Layer": "PLAT-DIM-S2", "PaperSpace": null, "SubClasses": "AcDbEntity:AcDbMText", "Linetype": null, "EntityHandle": "520", "Text": "125.26'" }, "geometry": { "type": "MultiPoint", "coordinates": [ [ -10859454.195004567503929, 3005494.62615230306983, 0.0 ] ] } },
{ "type": "Feature", "properties": { "Layer": "PLAT-DIM-S2", "PaperSpace": null, "SubClasses": "AcDbEntity:AcDbMText", "Linetype": null, "EntityHandle": "521", "Text": "13.19'" }, "geometry": { "type": "MultiPoint", "coordinates": [ [ -10859453.700434483587742, 3005520.240881091915071, 0.0 ] ] } },
{ "type": "Feature", "properties": { "Layer": "PLAT-DIM-EASEMENT-S2", "PaperSpace": null, "SubClasses": "AcDbEntity:AcDbLine", "Linetype": null, "EntityHandle": "550", "Text": null }, "geometry": { "type": "MultiLineString", "coordinates": [ [ [ -10859554.265108823776245, 3005649.789706628769636, 0.0 ], [ -10859552.573576372116804, 3005649.677227985113859, 0.0 ] ] ] } },
{ "type": "Feature", "properties": { "Layer": "PLAT-BORDER-LEGAL", "PaperSpace": null, "SubClasses": "AcDbEntity:AcDbMText", "Linetype": null, "EntityHandle": "555", "Text": "(VOLUME 18354, PAGE 47 O.R.) " }, "geometry": { "type": "MultiPoint", "coordinates": [ [ -10859576.814958138391376, 3005543.136110394727439, 0.0 ] ] } },
{ "type": "Feature", "properties": { "Layer": "PLAT-BORDER-LEGAL", "PaperSpace": null, "SubClasses": "AcDbEntity:AcDbMText", "Linetype": null, "EntityHandle": "557", "Text": "BOARD OF TRUSTEES OF THE SOUTH\nTEXAS INDEPENDANT SCHOOL DISTRICT\n43.68 ACRE TRACT\nOUT OF A 213.374 ACRE TRACT" }, "geometry": { "type": "MultiPoint", "coordinates": [ [ -10859588.056502547115088, 3005492.204905130900443, 0.0 ] ] } },
{ "type": "Feature", "properties": { "Layer": "PLAT-TEXT-S2", "PaperSpace": null, "SubClasses": "AcDbEntity:AcDbText:AcDbText", "Linetype": null, "EntityHandle": "559", "Text": "C" }, "geometry": { "type": "MultiPoint", "coordinates": [ [ -10859514.788379848003387, 3005593.093238146044314, 0.0 ] ] } },
{ "type": "Feature", "properties": { "Layer": "PLAT-TEXT-S2", "PaperSpace": null, "SubClasses": "AcDbEntity:AcDbText:AcDbText", "Linetype": null, "EntityHandle": "55A", "Text": "C" }, "geometry": { "type": "MultiPoint", "coordinates": [ [ -10859539.361704545095563, 3005747.775707724969834, 0.0 ] ] } },
{ "type": "Feature", "properties": { "Layer": "PLAT-BORDER-LEGAL", "PaperSpace": null, "SubClasses": "AcDbEntity:AcDbMText", "Linetype": null, "EntityHandle": "57D", "Text": "RESIDUE OF A 31.683 ACRE TRACT OUT OF A\n41.236 ACRE TRACT\n (41.237 ACRE REC.) \nOUT OF A 213.374 ACRE TRACT" }, "geometry": { "type": "MultiPoint", "coordinates": [ [ -10859518.098031019791961, 3005781.215828872285783, 0.0 ] ] } },
{ "type": "Feature", "properties": { "Layer": "PLAT-BORDER-LEGAL", "PaperSpace": null, "SubClasses": "AcDbEntity:AcDbMText", "Linetype": null, "EntityHandle": "57E", "Text": "(VOL. 12669, Pg. 129, OFFICIAL RECORDS)" }, "geometry": { "type": "MultiPoint", "coordinates": [ [ -10859485.985902659595013, 3005777.468846131581813, 0.0 ] ] } },
{ "type": "Feature", "properties": { "Layer": "PLAT-DIM-S2", "PaperSpace": null, "SubClasses": "AcDbEntity:AcDbLine", "Linetype": null, "EntityHandle": "57F", "Text": null }, "geometry": { "type": "MultiLineString", "coordinates": [ [ [ -10859552.167104367166758, 3005526.089181168470532, 0.0 ], [ -10859550.474286345764995, 3005526.181579559110105, 0.0 ] ] ] } },
{ "type": "Feature", "properties": { "Layer": "PLAT-DIM-S2", "PaperSpace": null, "SubClasses": "AcDbEntity:AcDbMText", "Linetype": "Continuous", "EntityHandle": "580", "Text": "5.00'" }, "geometry": { "type": "MultiPoint", "coordinates": [ [ -10859548.928258394822478, 3005532.372357995249331, 0.0 ] ] } },
{ "type": "Feature", "properties": { "Layer": "PLAT-DIM-S2", "PaperSpace": null, "SubClasses": "AcDbEntity:AcDbMText", "Linetype": "Continuous", "EntityHandle": "581", "Text": "5.00'" }, "geometry": { "type": "MultiPoint", "coordinates": [ [ -10859550.423209745436907, 3005655.481014389544725, 0.0 ] ] } },
{ "type": "Feature", "properties": { "Layer": "PLAT-DIM-S2", "PaperSpace": null, "SubClasses": "AcDbEntity:AcDbMText", "Linetype": "Continuous", "EntityHandle": "582", "Text": "5.00'" }, "geometry": { "type": "MultiPoint", "coordinates": [ [ -10859547.639324089512229, 3005679.520717222243547, 0.0 ] ] } },
{ "type": "Feature", "properties": { "Layer": "PLAT-DIM-EASEMENT-S2", "PaperSpace": null, "SubClasses": "AcDbEntity:AcDbPolyline", "Linetype": null, "EntityHandle": "583", "Text": null }, "geometry": { "type": "MultiLineString", "coordinates": [ [ [ -10859550.366573492065072, 3005675.439824214205146 ], [ -10859550.224811993539333, 3005677.275105970911682 ], [ -10859550.224811993539333, 3005677.275105970911682 ], [ -10859550.221441520377994, 3005677.352893469855189 ], [ -10859550.22333100438118, 3005677.43073157267645 ], [ -10859550.230471728369594, 3005677.508261137176305 ], [ -10859550.24283074401319, 3005677.585124447476119 ], [ -10859550.260351028293371, 3005677.660966852679849 ], [ -10859550.28295174241066, 3005677.73543842881918 ], [ -10859550.310528608039021, 3005677.808195559773594 ], [ -10859550.310528608039021, 3005677.808195559773594 ], [ -10859550.319736527279019, 3005677.832513299304992 ], [ -10859550.327264932915568, 3005677.857408439274877 ], [ -10859550.333078410476446, 3005677.882763871457428 ], [ -10859550.337149614468217, 3005677.908460322767496 ], [ -10859550.339459391310811, 3005677.9343769159168 ], [ -10859550.339996876195073, 3005677.960391743574291 ], [ -10859550.338759543374181, 3005677.9863824211061 ], [ -10859550.33575321175158, 3005678.012226694729179 ], [ -10859550.330992022529244, 3005678.037802989594638 ], [ -10859550.324498372152448, 3005678.062990996986628 ], [ -10859550.316302809864283, 3005678.087672229390591 ], [ -10859550.306443883106112, 3005678.111730583477765 ], [ -10859550.294967975467443, 3005678.135052890516818 ], [ -10859550.28192906267941, 3005678.157529442571104 ], [ -10859550.267388483509421, 3005678.179054503329098 ], [ -10859550.251414638012648, 3005678.199526828248054 ], [ -10859550.234082667157054, 3005678.218850104138255 ], [ -10859550.215474100783467, 3005678.236933440435678 ], [ -10859550.195676475763321, 3005678.253691771999002 ], [ -10859550.174782918766141, 3005678.269046261440963 ], [ -10859550.152891712263227, 3005678.282924689352512 ], [ -10859550.130105838179588, 3005678.295261764433235 ], [ -10859550.106532476842403, 3005678.305999454110861 ], [ -10859550.082282522693276, 3005678.315087248571217 ], [ -10859550.057470045983791, 3005678.322482398711145 ], [ -10859550.032211765646935, 3005678.32815011870116 ], [ -10859550.00662649795413, 3005678.332063743378967 ], [ -10859549.980834595859051, 3005678.334204867482185 ], [ -10859549.954957386478782, 3005678.334563417825848 ], [ -10859549.92911659553647, 3005678.333137706387788 ] ] ] } },
{ "type": "Feature", "properties": { "Layer": "PLAT-DIM-EASEMENT-S2", "PaperSpace": null, "SubClasses": "AcDbEntity:AcDbPolyline", "Linetype": null, "EntityHandle": "584", "Text": null }, "geometry": { "type": "MultiLineString", "coordinates": [ [ [ -10859552.108392043039203, 3005675.046713209245354 ], [ -10859551.484787326306105, 3005676.777449897490442 ], [ -10859551.484787326306105, 3005676.777449897490442 ], [ -10859551.418806357309222, 3005676.943638689350337 ], [ -10859551.342312844470143, 3005677.105207888875157 ], [ -10859551.25562465749681, 3005677.26148608699441 ], [ -10859551.159102037549019, 3005677.411823868285865 ], [ -10859551.053146090358496, 3005677.555596484802663 ], [ -10859550.938197115436196, 3005677.692206483799964 ], [ -10859550.938197117298841, 3005677.692206483799964 ], [ -10859550.872912401333451, 3005677.760343332774937 ], [ -10859550.803386436775327, 3005677.824097762349993 ], [ -10859550.72990963794291, 3005677.883203465491533 ], [ -10859550.652788925915956, 3005677.937413554172963 ], [ -10859550.572346435859799, 3005677.986501584295183 ], [ -10859550.48891818895936, 3005678.030262514948845 ], [ -10859550.402852669358253, 3005678.06851354893297 ], [ -10859550.314509380608797, 3005678.101094911340624 ] ] ] } },
{ "type": "Feature", "properties": { "Layer": "PLAT-EASEMENT-S2", "PaperSpace": null, "SubClasses": "AcDbEntity:AcDbCircle:AcDbArc", "Linetype": "HIDDEN2", "EntityHandle": "5B2", "Text": null }, "geometry": { "type": "MultiLineString", "coordinates": [ [ [ -10859515.386907663196325, 3005732.961270014289767, 0.0 ], [ -10859514.248558966442943, 3005726.555989332962781, 0.0 ] ] ] } },
{ "type": "Feature", "properties": { "Layer": "PLAT-EASEMENT-S2", "PaperSpace": null, "SubClasses": "AcDbEntity:AcDbLine", "Linetype": "HIDDEN2", "EntityHandle": "5B3", "Text": null }, "geometry": { "type": "MultiLineString", "coordinates": [ [ [ -10859527.30123445391655, 3005735.107747753616422, 0.0 ], [ -10859520.958612838760018, 3005736.533467141911387, 0.0 ] ] ] } },
{ "type": "Feature", "properties": { "Layer": "PLAT-EASEMENT-S2", "PaperSpace": null, "SubClasses": "AcDbEntity:AcDbLine", "Linetype": "HIDDEN2", "EntityHandle": "5B4", "Text": null }, "geometry": { "type": "MultiLineString", "coordinates": [ [ [ -10859515.386907681822777, 3005732.961270115338266, 0.0 ], [ -10859520.958612840622663, 3005736.533467141911387, 0.0 ] ] ] } },
{ "type": "Feature", "properties": { "Layer": "PLAT-EASEMENT-S2", "PaperSpace": null, "SubClasses": "AcDbEntity:AcDbLine", "Linetype": "HIDDEN2", "EntityHandle": "5B5", "Text": null }, "geometry": { "type": "MultiLineString", "coordinates": [ [ [ -10859527.449182566255331, 3005735.773105917964131, 0.0 ], [ -10859527.30123445391655, 3005735.107747748494148, 0.0 ] ] ] } },
{ "type": "Feature", "properties": { "Layer": "PLAT-EASEMENT-S2", "PaperSpace": null, "SubClasses": "AcDbEntity:AcDbLine", "Linetype": "HIDDEN2", "EntityHandle": "5B6", "Text": null }, "geometry": { "type": "MultiLineString", "coordinates": [ [ [ -10859513.578433150425553, 3005726.660205986350775, 0.0 ], [ -10859514.248558972030878, 3005726.555989383719862, 0.0 ] ] ] } },
{ "type": "Feature", "properties": { "Layer": "PLAT-DIM-EASEMENT-S2", "PaperSpace": null, "SubClasses": "AcDbEntity:AcDbLine", "Linetype": null, "EntityHandle": "5B7", "Text": null }, "geometry": { "type": "MultiLineString", "coordinates": [ [ [ -10859510.660786768421531, 3005727.965631119906902, 0.0 ], [ -10859510.970055013895035, 3005729.901641360484064, 0.0 ] ] ] } },
{ "type": "Feature", "properties": { "Layer": "PLAT-DIM-EASEMENT-S2", "PaperSpace": null, "SubClasses": "AcDbEntity:AcDbLine", "Linetype": null, "EntityHandle": "5B8", "Text": null }, "geometry": { "type": "MultiLineString", "coordinates": [ [ [ -10859516.183246251195669, 3005727.073820719961077, 0.0 ], [ -10859517.990934155881405, 3005726.781900506000966, 0.0 ] ] ] } },
{ "type": "Feature", "properties": { "Layer": "PLAT-DIM-EASEMENT-S2", "PaperSpace": null, "SubClasses": "AcDbEntity:AcDbLine", "Linetype": null, "EntityHandle": "5B9", "Text": null }, "geometry": { "type": "MultiLineString", "coordinates": [ [ [ -10859511.898356106132269, 3005727.765778836794198, 0.0 ], [ -10859510.660786768421531, 3005727.965631119906902, 0.0 ] ] ] } },
{ "type": "Feature", "properties": { "Layer": "PLAT-DIM-EASEMENT-S2", "PaperSpace": null, "SubClasses": "AcDbEntity:AcDbTrace", "Linetype": null, "EntityHandle": "5BA", "Text": null }, "geometry": { "type": "MultiPolygon", "coordinates": [ [ [ [ -10859516.231636390089989, 3005727.376740833744407 ], [ -10859516.134856114163995, 3005726.770900612231344 ], [ -10859514.375558273866773, 3005727.365740707609802 ], [ -10859516.231636390089989, 3005727.376740833744407 ] ] ] ] } },
{ "type": "Feature", "properties": { "Layer": "PLAT-DIM-EASEMENT-S2", "PaperSpace": null, "SubClasses": "AcDbEntity:AcDbTrace", "Linetype": null, "EntityHandle": "5BB", "Text": null }, "geometry": { "type": "MultiPolygon", "coordinates": [ [ [ [ -10859511.946746153756976, 3005728.068698982708156 ], [ -10859511.849966060370207, 3005727.462858701124787 ], [ -10859513.706044185906649, 3005727.473859162069857 ], [ -10859511.946746153756976, 3005728.068698982708156 ] ] ] ] } },
{ "type": "Feature", "properties": { "Layer": "PLAT-DIM-EASEMENT-S2", "PaperSpace": null, "SubClasses": "AcDbEntity:AcDbMText", "Linetype": null, "EntityHandle": "5BC", "Text": "2 FT. NON-ACCESS EASEMENT" }, "geometry": { "type": "MultiPoint", "coordinates": [ [ -10859509.62920880317688, 3005732.741900519002229, 0.0 ] ] } },
{ "type": "Feature", "properties": { "Layer": "PLAT-DIM-S2", "PaperSpace": null, "SubClasses": "AcDbEntity:AcDbMText", "Linetype": null, "EntityHandle": "5BD", "Text": "S58°21'05\"E\n21.17'" }, "geometry": { "type": "MultiPoint", "coordinates": [ [ -10859523.853426648303866, 3005722.181449730414897, 0.0 ] ] } },
{ "type": "Feature", "properties": { "Layer": "PLAT-DIM-S2", "PaperSpace": null, "SubClasses": "AcDbEntity:AcDbPolyline", "Linetype": null, "EntityHandle": "ACE", "Text": null }, "geometry": { "type": "MultiLineString", "coordinates": [ [ [ -10859552.167104365304112, 3005526.089181168470532 ], [ -10859551.63674994930625, 3005527.851043704431504 ], [ -10859551.63674994930625, 3005527.851043704431504 ], [ -10859551.593239914625883, 3005527.979926699772477 ], [ -10859551.541286757215858, 3005528.105608943384141 ], [ -10859551.481121314689517, 3005528.227532005868852 ], [ -10859551.413010915741324, 3005528.345154155045748 ], [ -10859551.33725818619132, 3005528.457952770404518 ], [ -10859551.254199717193842, 3005528.565426660701632 ], [ -10859551.164204549044371, 3005528.667098297271878 ], [ -10859551.067672552540898, 3005528.762515932321548 ], [ -10859550.965032640844584, 3005528.851255605462939 ], [ -10859550.856740863993764, 3005528.932923025451601 ], [ -10859550.743278387933969, 3005529.007155325263739 ], [ -10859550.625149346888065, 3005529.073622677475214 ], [ -10859550.502878615632653, 3005529.132029751315713 ], [ -10859550.377009468153119, 3005529.182117029558867 ], [ -10859550.2481011711061, 3005529.223661967553198 ], [ -10859550.11672648973763, 3005529.256479969248176 ], [ -10859550.11672648973763, 3005529.256479969248176 ], [ -10859550.072398386895657, 3005529.267586228903383 ], [ -10859550.028924131765962, 3005529.281697808299214 ], [ -10859549.986505027860403, 3005529.298749367240816 ], [ -10859549.945337485522032, 3005529.318661951459944 ], [ -10859549.90561213158071, 3005529.341343355830759 ], [ -10859549.867512904107571, 3005529.366688561160117 ], [ -10859549.831216216087341, 3005529.394580205902457 ], [ -10859549.796890135854483, 3005529.424889143556356 ], [ -10859549.764693604782224, 3005529.457475034985691 ], [ -10859549.734775703400373, 3005529.492186994757503 ], [ -10859549.707274964079261, 3005529.52886429335922 ], [ -10859549.682318722829223, 3005529.56733710411936 ], [ -10859549.660022538155317, 3005529.6074272794649 ], [ -10859549.640489647164941, 3005529.648949194699526 ], [ -10859549.62381049618125, 3005529.691710580606014 ], [ -10859549.610062314197421, 3005529.735513443127275 ], [ -10859549.599308758974075, 3005529.78015495929867 ], [ -10859549.591599626466632, 3005529.825428417883813 ], [ -10859549.586970612406731, 3005529.871124187950045 ], [ -10859549.585443148389459, 3005529.917030686978251 ], [ -10859549.587024308741093, 3005529.962935349904001 ], [ -10859549.591706769540906, 3005530.008625616785139 ] ] ] } },
{ "type": "Feature", "properties": { "Layer": "PLAT-DIM-S2", "PaperSpace": null, "SubClasses": "AcDbEntity:AcDbPolyline", "Linetype": null, "EntityHandle": "ACF", "Text": null }, "geometry": { "type": "MultiLineString", "coordinates": [ [ [ -10859550.300709819421172, 3005526.666630826424807 ], [ -10859549.824487188830972, 3005528.444056510459632 ], [ -10859549.824487188830972, 3005528.444056510459632 ], [ -10859549.809676574543118, 3005528.50742433546111 ], [ -10859549.798969415947795, 3005528.571621954906732 ], [ -10859549.792410464957356, 3005528.636381043121219 ], [ -10859549.790027135983109, 3005528.701430913992226 ], [ -10859549.791829394176602, 3005528.766499686520547 ], [ -10859549.797809703275561, 3005528.83131538098678 ], [ -10859549.807943068444729, 3005528.895607085432857 ], [ -10859549.822187133133411, 3005528.959106073249131 ], [ -10859549.840482363477349, 3005529.021546940784901 ], [ -10859549.862752286717296, 3005529.082668697461486 ], [ -10859549.862752286717296, 3005529.082668697461486 ], [ -10859549.870101688429713, 3005529.102918049320579 ], [ -10859549.876082938164473, 3005529.123617654666305 ], [ -10859549.880669062957168, 3005529.144674180075526 ], [ -10859549.883839387446642, 3005529.165992684662342 ], [ -10859549.88557961769402, 3005529.18747704802081 ], [ -10859549.885881906375289, 3005529.209030397236347 ], [ -10859549.884744890034199, 3005529.230555552523583 ], [ -10859549.8821736946702, 3005529.251955459825695 ], [ -10859549.878179915249348, 3005529.27313363365829 ], [ -10859549.872781559824944, 3005529.293994579929858 ], [ -10859549.866002965718508, 3005529.314444242976606 ], [ -10859549.857874700799584, 3005529.334390413016081 ], [ -10859549.848433408886194, 3005529.353743163868785 ], [ -10859549.837721664458513, 3005529.372415230609477 ], [ -10859549.825787762179971, 3005529.390322425868362 ], [ -10859549.812685510143638, 3005529.407384007237852 ], [ -10859549.798473985865712, 3005529.423523049801588 ] ] ] } },
{ "type": "Feature", "properties": { "Layer": "PLAT-DIM-EASEMENT-S2", "PaperSpace": null, "SubClasses": "AcDbEntity:AcDbPolyline", "Linetype": null, "EntityHandle": "AD0", "Text": null }, "geometry": { "type": "MultiLineString", "coordinates": [ [ [ -10859554.265253962948918, 3005649.789669962599874 ], [ -10859553.434742603451014, 3005651.430184880737215 ], [ -10859553.434742603451014, 3005651.430184880737215 ], [ -10859553.388965664431453, 3005651.513547021429986 ], [ -10859553.337717475369573, 3005651.593625781591982 ], [ -10859553.281229998916388, 3005651.670058705843985 ], [ -10859553.219758907333016, 3005651.742499850224704 ], [ -10859553.15358242765069, 3005651.810621332842857 ], [ -10859553.083000086247921, 3005651.87411482213065 ], [ -10859553.008331350982189, 3005651.9326929342933 ], [ -10859552.929914187639952, 3005651.986090535763651 ], [ -10859552.84810352511704, 3005652.034065942745656 ], [ -10859552.763269647955894, 3005652.076402009930462 ], [ -10859552.675796534866095, 3005652.112907110713422 ], [ -10859552.58608010224998, 3005652.143416024744511 ], [ -10859552.494526421651244, 3005652.167790655046701 ], [ -10859552.401549881324172, 3005652.185920684598386 ], [ -10859552.307571308687329, 3005652.197724050842226 ], [ -10859552.21301606670022, 3005652.203147332649678 ], [ -10859552.21301606670022, 3005652.203147332649678 ], [ -10859552.1459641456604, 3005652.207052403129637 ], [ -10859552.079339914023876, 3005652.215599050745368 ], [ -10859552.013460827991366, 3005652.228746550157666 ], [ -10859551.948640797287226, 3005652.246432250831276 ], [ -10859551.885188682004809, 3005652.268571885302663 ], [ -10859551.82340682297945, 3005652.295059960335493 ], [ -10859551.763589603826404, 3005652.3257702649571 ], [ -10859551.70602204836905, 3005652.360556464176625 ], [ -10859551.650978460907936, 3005652.399252806324512 ], [ -10859551.598721116781235, 3005652.441674911417067 ], [ -10859551.549499018117785, 3005652.487620636355132 ], [ -10859551.503546699881554, 3005652.536871057469398 ], [ -10859551.461083123460412, 3005652.589191503822803 ], [ -10859551.422310622408986, 3005652.644332672003657 ], [ -10859551.387413941323757, 3005652.702031823340803 ], [ -10859551.356559362262487, 3005652.762014023959637 ], [ -10859551.329893903806806, 3005652.823993465863168 ], [ -10859551.307544622570276, 3005652.887674821540713 ], [ -10859551.289618011564016, 3005652.952754660975188 ], [ -10859551.276199486106634, 3005653.018922882154584 ], [ -10859551.267352990806103, 3005653.085864203516394 ], [ -10859551.263120671734214, 3005653.153259650804102 ], [ -10859551.263522699475288, 3005653.220788097474724 ] ] ] } },
{ "type": "Feature", "properties": { "Layer": "PLAT-DIM-EASEMENT-S2", "PaperSpace": null, "SubClasses": "AcDbEntity:AcDbPolyline", "Linetype": null, "EntityHandle": "AD1", "Text": null }, "geometry": { "type": "MultiLineString", "coordinates": [ [ [ -10859552.332850070670247, 3005650.167469863314182 ], [ -10859551.461011959239841, 3005651.786163583863527 ], [ -10859551.461011959239841, 3005651.786163583863527 ], [ -10859551.438120542094111, 3005651.832353899255395 ], [ -10859551.418408017605543, 3005651.880003203637898 ], [ -10859551.401965757831931, 3005651.928890639916062 ], [ -10859551.388869972899556, 3005651.978789617307484 ], [ -10859551.379181358963251, 3005652.029468860011548 ], [ -10859551.372944822534919, 3005652.080693461000919 ], [ -10859551.370189271867275, 3005652.132226001936942 ], [ -10859551.370927477255464, 3005652.183827628847212 ], [ -10859551.37515601888299, 3005652.235259166453034 ], [ -10859551.382855297997594, 3005652.286282229237258 ], [ -10859551.393989624455571, 3005652.336660331580788 ], [ -10859551.408507393673062, 3005652.386159966699779 ], [ -10859551.408507393673062, 3005652.386159966699779 ], [ -10859551.417014982551336, 3005652.415245136711746 ], [ -10859551.423491828143597, 3005652.444854407571256 ], [ -10859551.42790662124753, 3005652.474844618700445 ], [ -10859551.430238012224436, 3005652.505070785060525 ], [ -10859551.430474735796452, 3005652.535386774688959 ], [ -10859551.428615644574165, 3005652.565646022558212 ], [ -10859551.424669729545712, 3005652.595702232792974 ], [ -10859551.418656060472131, 3005652.625410098582506 ], [ -10859551.410603718832135, 3005652.654625988565385 ], [ -10859551.400551630184054, 3005652.683208661619574 ], [ -10859551.388548394665122, 3005652.71101992810145 ], [ -10859551.374652042984962, 3005652.737925331573933 ] ] ] } },
{ "type": "Feature", "properties": { "Layer": "PLAT-DIM-S2", "PaperSpace": null, "SubClasses": "AcDbEntity:AcDbLine", "Linetype": null, "EntityHandle": "AD2", "Text": null }, "geometry": { "type": "MultiLineString", "coordinates": [ [ [ -10859361.55522720515728, 3005594.275642840657383, 0.0 ], [ -10859349.588852599263191, 3005592.678748213220388, 0.0 ] ] ] } },
{ "type": "Feature", "properties": { "Layer": "PLAT-DIM-S2", "PaperSpace": null, "SubClasses": "AcDbEntity:AcDbTrace", "Linetype": null, "EntityHandle": "AD3", "Text": null }, "geometry": { "type": "MultiPolygon", "coordinates": [ [ [ [ -10859359.71190195903182, 3005593.720164435915649 ], [ -10859359.63160602375865, 3005594.328429326415062 ], [ -10859357.856831599026918, 3005593.782098647672683 ], [ -10859359.71190195903182, 3005593.720164435915649 ] ] ] ] } },
{ "type": "Feature", "properties": { "Layer": "PLAT-DIM-S2", "PaperSpace": null, "SubClasses": "AcDbEntity:AcDbTrace", "Linetype": null, "EntityHandle": "AD4", "Text": null }, "geometry": { "type": "MultiPolygon", "coordinates": [ [ [ [ -10859349.548704417422414, 3005592.982880605850369 ], [ -10859349.629000779241323, 3005592.374615826178342 ], [ -10859347.773930551484227, 3005592.436548694968224 ], [ -10859349.548704417422414, 3005592.982880605850369 ] ] ] ] } },
{ "type": "Feature", "properties": { "Layer": "PLAT-DIM-S2", "PaperSpace": null, "SubClasses": "AcDbEntity:AcDbMText", "Linetype": null, "EntityHandle": "AD5", "Text": "30 FT. COMMON AREA" }, "geometry": { "type": "MultiPoint", "coordinates": [ [ -10859359.75823100656271, 3005607.034632181283087, 0.0 ] ] } },
{ "type": "Feature", "properties": { "Layer": "PLAT-DIM-S2", "PaperSpace": null, "SubClasses": "AcDbEntity:AcDbLine", "Linetype": null, "EntityHandle": "AD6", "Text": null }, "geometry": { "type": "MultiLineString", "coordinates": [ [ [ -10859361.55522720515728, 3005594.275642846245319, 0.0 ], [ -10859361.246889384463429, 3005596.552578147500753, 0.0 ] ] ] } },
{ "type": "Feature", "properties": { "Layer": "PLAT-DIM-EASEMENT-S2", "PaperSpace": null, "SubClasses": "AcDbEntity:AcDbLine", "Linetype": null, "EntityHandle": "AD7", "Text": null }, "geometry": { "type": "MultiLineString", "coordinates": [ [ [ -10859548.78935513459146, 3005606.833716163877398, 0.0 ], [ -10859548.78560777194798, 3005605.602445751894265, 0.0 ] ] ] } },
{ "type": "Feature", "properties": { "Layer": "PLAT-DIM-EASEMENT-S2", "PaperSpace": null, "SubClasses": "AcDbEntity:AcDbLine", "Linetype": null, "EntityHandle": "AD8", "Text": null }, "geometry": { "type": "MultiLineString", "coordinates": [ [ [ -10859552.111466806381941, 3005605.592212711460888, 0.0 ], [ -10859548.78560777194798, 3005605.602445751894265, 0.0 ] ] ] } },
{ "type": "Feature", "properties": { "Layer": "PLAT-DIM-EASEMENT-S2", "PaperSpace": null, "SubClasses": "AcDbEntity:AcDbLine", "Linetype": null, "EntityHandle": "AD9", "Text": null }, "geometry": { "type": "MultiLineString", "coordinates": [ [ [ -10859557.468344518914819, 3005605.575728937517852, 0.0 ], [ -10859558.456625005230308, 3005605.572687659412622, 0.0 ] ] ] } },
{ "type": "Feature", "properties": { "Layer": "PLAT-DIM-EASEMENT-S2", "PaperSpace": null, "SubClasses": "AcDbEntity:AcDbTrace", "Linetype": null, "EntityHandle": "ADA", "Text": null }, "geometry": { "type": "MultiPolygon", "coordinates": [ [ [ [ -10859552.112400619313121, 3005605.89901111414656 ], [ -10859552.110532997176051, 3005605.285414312500507 ], [ -10859553.94229843094945, 3005605.586579247377813 ], [ -10859552.112400619313121, 3005605.89901111414656 ] ] ] ] } },
{ "type": "Feature", "properties": { "Layer": "PLAT-DIM-EASEMENT-S2", "PaperSpace": null, "SubClasses": "AcDbEntity:AcDbTrace", "Linetype": null, "EntityHandle": "ADB", "Text": null }, "geometry": { "type": "MultiPolygon", "coordinates": [ [ [ [ -10859557.469278443604708, 3005605.882527349982411 ], [ -10859557.46741059049964, 3005605.268930544611067 ], [ -10859555.637512896209955, 3005605.581362866796553 ], [ -10859557.469278443604708, 3005605.882527349982411 ] ] ] ] } },
{ "type": "Feature", "properties": { "Layer": "PLAT-DIM-EASEMENT-S2", "PaperSpace": null, "SubClasses": "AcDbEntity:AcDbMText", "Linetype": null, "EntityHandle": "ADC", "Text": "5 FT. IRRIGATION EASEMENT" }, "geometry": { "type": "MultiPoint", "coordinates": [ [ -10859546.600948039442301, 3005609.445978646166623, 0.0 ] ] } },
{ "type": "Feature", "properties": { "Layer": "PLAT-TEXT-S2", "PaperSpace": null, "SubClasses": "AcDbEntity:AcDbMText", "Linetype": null, "EntityHandle": "ADD", "Text": "(7,135 SQ. FT.)" }, "geometry": { "type": "MultiPoint", "coordinates": [ [ -10859534.122741647064686, 3005491.381532670464367, 0.0 ] ] } },
{ "type": "Feature", "properties": { "Layer": "PLAT-TEXT-S2", "PaperSpace": null, "SubClasses": "AcDbEntity:AcDbMText", "Linetype": null, "EntityHandle": "ADE", "Text": "(6,979 SQ. FT.)" }, "geometry": { "type": "MultiPoint", "coordinates": [ [ -10859533.877082169055939, 3005511.502953534480184, 0.0 ] ] } },
{ "type": "Feature", "properties": { "Layer": "PLAT-TEXT-S2", "PaperSpace": null, "SubClasses": "AcDbEntity:AcDbMText", "Linetype": null, "EntityHandle": "ADF", "Text": "(7,610 SQ. FT.)" }, "geometry": { "type": "MultiPoint", "coordinates": [ [ -10859534.476623522117734, 3005533.509824577253312, 0.0 ] ] } },
{ "type": "Feature", "properties": { "Layer": "PLAT-TEXT-S2", "PaperSpace": null, "SubClasses": "AcDbEntity:AcDbMText", "Linetype": null, "EntityHandle": "AE0", "Text": "(7,590 SQ. FT.)" }, "geometry": { "type": "MultiPoint", "coordinates": [ [ -10859535.428836697712541, 3005558.427442708984017, 0.0 ] ] } },
{ "type": "Feature", "properties": { "Layer": "PLAT-TEXT-S2", "PaperSpace": null, "SubClasses": "AcDbEntity:AcDbMText", "Linetype": null, "EntityHandle": "AE1", "Text": "(8,147 SQ. FT.)" }, "geometry": { "type": "MultiPoint", "coordinates": [ [ -10859536.901554688811302, 3005581.918658006936312, 0.0 ] ] } },
{ "type": "Feature", "properties": { "Layer": "PLAT-TEXT-S2", "PaperSpace": null, "SubClasses": "AcDbEntity:AcDbMText", "Linetype": null, "EntityHandle": "AE2", "Text": "(7,941 SQ. FT.)" }, "geometry": { "type": "MultiPoint", "coordinates": [ [ -10859538.236843282356858, 3005606.992510662414134, 0.0 ] ] } },
{ "type": "Feature", "properties": { "Layer": "PLAT-TEXT-S2", "PaperSpace": null, "SubClasses": "AcDbEntity:AcDbMText", "Linetype": null, "EntityHandle": "AE3", "Text": "(7,941 SQ. FT.)" }, "geometry": { "type": "MultiPoint", "coordinates": [ [ -10859536.838137228041887, 3005632.824766066856682, 0.0 ] ] } },
{ "type": "Feature", "properties": { "Layer": "PLAT-TEXT-S2", "PaperSpace": null, "SubClasses": "AcDbEntity:AcDbMText", "Linetype": null, "EntityHandle": "AE4", "Text": "(7,941 SQ. FT.)" }, "geometry": { "type": "MultiPoint", "coordinates": [ [ -10859535.812496261671185, 3005657.132510489784181, 0.0 ] ] } },
{ "type": "Feature", "properties": { "Layer": "PLAT-TEXT-S2", "PaperSpace": null, "SubClasses": "AcDbEntity:AcDbMText", "Linetype": null, "EntityHandle": "AE5", "Text": "(7,854 SQ. FT.)" }, "geometry": { "type": "MultiPoint", "coordinates": [ [ -10859532.864143842831254, 3005679.544249332044274, 0.0 ] ] } },
{ "type": "Feature", "properties": { "Layer": "PLAT-TEXT-S2", "PaperSpace": null, "SubClasses": "AcDbEntity:AcDbMText", "Linetype": null, "EntityHandle": "AE6", "Text": "(11,151 SQ. FT.)" }, "geometry": { "type": "MultiPoint", "coordinates": [ [ -10859528.931922562420368, 3005710.053987321443856, 0.0 ] ] } },
{ "type": "Feature", "properties": { "Layer": "PLAT-TEXT-S2", "PaperSpace": null, "SubClasses": "AcDbEntity:AcDbMText", "Linetype": null, "EntityHandle": "AE7", "Text": "(12,888\n SQ. FT.)" }, "geometry": { "type": "MultiPoint", "coordinates": [ [ -10859475.64642864651978, 3005733.959758348297328, 0.0 ] ] } },
{ "type": "Feature", "properties": { "Layer": "PLAT-TEXT-S2", "PaperSpace": null, "SubClasses": "AcDbEntity:AcDbMText", "Linetype": null, "EntityHandle": "AE8", "Text": "(12,498 SQ. FT.)" }, "geometry": { "type": "MultiPoint", "coordinates": [ [ -10859473.659172832965851, 3005701.692149349488318, 0.0 ] ] } },
{ "type": "Feature", "properties": { "Layer": "PLAT-TEXT-S2", "PaperSpace": null, "SubClasses": "AcDbEntity:AcDbMText", "Linetype": null, "EntityHandle": "AE9", "Text": "(12,747 SQ. FT.)" }, "geometry": { "type": "MultiPoint", "coordinates": [ [ -10859473.847405336797237, 3005666.152715027332306, 0.0 ] ] } },
{ "type": "Feature", "properties": { "Layer": "PLAT-TEXT-S2", "PaperSpace": null, "SubClasses": "AcDbEntity:AcDbMText", "Linetype": null, "EntityHandle": "AEA", "Text": "(13,719 SQ. FT.)" }, "geometry": { "type": "MultiPoint", "coordinates": [ [ -10859474.17886165715754, 3005631.367408468388021, 0.0 ] ] } },
{ "type": "Feature", "properties": { "Layer": "PLAT-TEXT-S2", "PaperSpace": null, "SubClasses": "AcDbEntity:AcDbMText", "Linetype": null, "EntityHandle": "AEB", "Text": "(13,862 SQ. FT.)" }, "geometry": { "type": "MultiPoint", "coordinates": [ [ -10859473.890903009101748, 3005597.110950182657689, 0.0 ] ] } },
{ "type": "Feature", "properties": { "Layer": "PLAT-TEXT-S2", "PaperSpace": null, "SubClasses": "AcDbEntity:AcDbMText", "Linetype": null, "EntityHandle": "AEC", "Text": "(13,855 SQ. FT.)" }, "geometry": { "type": "MultiPoint", "coordinates": [ [ -10859474.806012228131294, 3005565.047262338921428, 0.0 ] ] } },
{ "type": "Feature", "properties": { "Layer": "PLAT-TEXT-S2", "PaperSpace": null, "SubClasses": "AcDbEntity:AcDbMText", "Linetype": null, "EntityHandle": "AED", "Text": "(14,103 SQ. FT.)" }, "geometry": { "type": "MultiPoint", "coordinates": [ [ -10859471.921162445098162, 3005530.239449006970972, 0.0 ] ] } },
{ "type": "Feature", "properties": { "Layer": "PLAT-TEXT-S2", "PaperSpace": null, "SubClasses": "AcDbEntity:AcDbMText", "Linetype": null, "EntityHandle": "AEE", "Text": "(16,142 SQ. FT.)" }, "geometry": { "type": "MultiPoint", "coordinates": [ [ -10859470.950976667925715, 3005495.822064858861268, 0.0 ] ] } },
{ "type": "Feature", "properties": { "Layer": "PLAT-TEXT-S2", "PaperSpace": null, "SubClasses": "AcDbEntity:AcDbMText", "Linetype": null, "EntityHandle": "AEF", "Text": "(295,481 SQ. FT.)" }, "geometry": { "type": "MultiPoint", "coordinates": [ [ -10859400.362173905596137, 3005614.606898931320757, 0.0 ] ] } },
{ "type": "Feature", "properties": { "Layer": "PLAT-DIM-EASEMENT-S2", "PaperSpace": null, "SubClasses": "AcDbEntity:AcDbLine", "Linetype": null, "EntityHandle": "AF1", "Text": null }, "geometry": { "type": "MultiLineString", "coordinates": [ [ [ -10859529.552536154165864, 3005579.421817504800856, 0.0 ], [ -10859529.646300660446286, 3005581.460379129741341, 0.0 ] ] ] } },
{ "type": "Feature", "properties": { "Layer": "PLAT-DIM-EASEMENT-S2", "PaperSpace": null, "SubClasses": "AcDbEntity:AcDbLine", "Linetype": null, "EntityHandle": "AF2", "Text": null }, "geometry": { "type": "MultiLineString", "coordinates": [ [ [ -10859524.752065356820822, 3005579.645024962257594, 0.0 ], [ -10859529.552536154165864, 3005579.421817504800856, 0.0 ] ] ] } },
{ "type": "Feature", "properties": { "Layer": "PLAT-DIM-EASEMENT-S2", "PaperSpace": null, "SubClasses": "AcDbEntity:AcDbLine", "Linetype": null, "EntityHandle": "AF3", "Text": null }, "geometry": { "type": "MultiLineString", "coordinates": [ [ [ -10859515.880149062722921, 3005580.091301385313272, 0.0 ], [ -10859514.486222354695201, 3005580.156113591510803, 0.0 ] ] ] } },
{ "type": "Feature", "properties": { "Layer": "PLAT-DIM-EASEMENT-S2", "PaperSpace": null, "SubClasses": "AcDbEntity:AcDbTrace", "Linetype": null, "EntityHandle": "AF4", "Text": null }, "geometry": { "type": "MultiPolygon", "coordinates": [ [ [ [ -10859524.766161549836397, 3005579.951496705878526 ], [ -10859524.737969165667892, 3005579.338553223293275 ], [ -10859522.923183113336563, 3005579.730062054935843 ], [ -10859524.766161549836397, 3005579.951496705878526 ] ] ] ] } },
{ "type": "Feature", "properties": { "Layer": "PLAT-DIM-EASEMENT-S2", "PaperSpace": null, "SubClasses": "AcDbEntity:AcDbTrace", "Linetype": null, "EntityHandle": "AF5", "Text": null }, "geometry": { "type": "MultiPolygon", "coordinates": [ [ [ [ -10859515.894245063886046, 3005580.397773149888963 ], [ -10859515.866053063422441, 3005579.784829625859857 ], [ -10859517.709031395614147, 3005580.00626521371305 ], [ -10859515.894245063886046, 3005580.397773149888963 ] ] ] ] } },
{ "type": "Feature", "properties": { "Layer": "PLAT-EASEMENT-S2", "PaperSpace": null, "SubClasses": "AcDbEntity:AcDbLine", "Linetype": "HIDDEN2", "EntityHandle": "AF6", "Text": null }, "geometry": { "type": "MultiLineString", "coordinates": [ [ [ -10859460.478883435949683, 3005731.451165196020156, 0.0 ], [ -10859467.440757872536778, 3005762.761049065738916, 0.0 ] ] ] } },
{ "type": "Feature", "properties": { "Layer": "PLAT-EASEMENT-S2", "PaperSpace": null, "SubClasses": "AcDbEntity:AcDbLine", "Linetype": "HIDDEN2", "EntityHandle": "AF7", "Text": null }, "geometry": { "type": "MultiLineString", "coordinates": [ [ [ -10859455.271325208246708, 3005523.748180811293423, 0.0 ], [ -10859455.651816206052899, 3005477.350977586116642, 0.0 ] ] ] } },
{ "type": "Feature", "properties": { "Layer": "PLAT-EASEMENT-S2", "PaperSpace": null, "SubClasses": "AcDbEntity:AcDbLine", "Linetype": "HIDDEN2", "EntityHandle": "AF8", "Text": null }, "geometry": { "type": "MultiLineString", "coordinates": [ [ [ -10859460.478883435949683, 3005731.451165192760527, 0.0 ], [ -10859458.226748133078218, 3005578.491540304385126, 0.0 ] ] ] } },
{ "type": "Feature", "properties": { "Layer": "PLAT-EASEMENT-S2", "PaperSpace": null, "SubClasses": "AcDbEntity:AcDbLine", "Linetype": "HIDDEN2", "EntityHandle": "AF9", "Text": null }, "geometry": { "type": "MultiLineString", "coordinates": [ [ [ -10859455.271325208246708, 3005523.748180811293423, 0.0 ], [ -10859458.226748133078218, 3005578.491540304385126, 0.0 ] ] ] } },
{ "type": "Feature", "properties": { "Layer": "PLAT-DIM-EASEMENT-S2", "PaperSpace": null, "SubClasses": "AcDbEntity:AcDbMText", "Linetype": null, "EntityHandle": "AFA", "Text": "15 FT. ACCESS FOR RETENTION WALL MAINTENACE" }, "geometry": { "type": "MultiPoint", "coordinates": [ [ -10859460.956267327070236, 3005569.883293200284243, 0.0 ] ] } },
{ "type": "Feature", "properties": { "Layer": "PLAT-DIM-EASEMENT-S2", "PaperSpace": null, "SubClasses": "AcDbEntity:AcDbLine", "Linetype": null, "EntityHandle": "AFB", "Text": null }, "geometry": { "type": "MultiLineString", "coordinates": [ [ [ -10859462.335291050374508, 3005560.354471427854151, 0.0 ], [ -10859462.227916264906526, 3005558.453587155323476, 0.0 ] ] ] } },
{ "type": "Feature", "properties": { "Layer": "PLAT-DIM-EASEMENT-S2", "PaperSpace": null, "SubClasses": "AcDbEntity:AcDbLine", "Linetype": null, "EntityHandle": "AFC", "Text": null }, "geometry": { "type": "MultiLineString", "coordinates": [ [ [ -10859452.081717850640416, 3005559.007324332837015, 0.0 ], [ -10859462.227916264906526, 3005558.453587155323476, 0.0 ] ] ] } },
{ "type": "Feature", "properties": { "Layer": "PLAT-DIM-EASEMENT-S2", "PaperSpace": null, "SubClasses": "AcDbEntity:AcDbTrace", "Linetype": null, "EntityHandle": "AFD", "Text": null }, "geometry": { "type": "MultiPolygon", "coordinates": [ [ [ [ -10859453.311505621299148, 3005559.145041690673679 ], [ -10859453.289454037323594, 3005558.736577873583883 ], [ -10859452.081717850640416, 3005559.007324332837015 ], [ -10859453.311505621299148, 3005559.145041690673679 ] ] ] ] } },
{ "type": "Feature", "properties": { "Layer": "PLAT-DIM-EASEMENT-S2", "PaperSpace": null, "SubClasses": "AcDbEntity:AcDbTrace", "Linetype": null, "EntityHandle": "AFE", "Text": null }, "geometry": { "type": "MultiPolygon", "coordinates": [ [ [ [ -10859458.367628736421466, 3005558.459432770032436 ], [ -10859458.389680469408631, 3005558.867896573618054 ], [ -10859457.159892672672868, 3005558.730179666541517 ], [ -10859458.367628736421466, 3005558.459432770032436 ] ] ] ] } },
{ "type": "Feature", "properties": { "Layer": "PLAT-TEXT-S2", "PaperSpace": null, "SubClasses": "AcDbEntity:AcDbMText", "Linetype": null, "EntityHandle": "AFF", "Text": "(50 FT. PRIVATE ROAD & UTILITY EASEMENT)" }, "geometry": { "type": "MultiPoint", "coordinates": [ [ -10859512.627814222127199, 3005591.971890549175441, 0.0 ] ] } },
{ "type": "Feature", "properties": { "Layer": "PLAT-TEXT-S2", "PaperSpace": null, "SubClasses": "AcDbEntity:AcDbMText", "Linetype": null, "EntityHandle": "B00", "Text": "(50 FT. PRIVATE ROAD\n& UTILITY EASEMENT)" }, "geometry": { "type": "MultiPoint", "coordinates": [ [ -10859533.943414138630033, 3005747.565836247056723, 0.0 ] ] } },
{ "type": "Feature", "properties": { "Layer": "PLAT-DIM-S2", "PaperSpace": null, "SubClasses": "AcDbEntity:AcDbPolyline", "Linetype": null, "EntityHandle": "B01", "Text": null }, "geometry": { "type": "MultiLineString", "coordinates": [ [ [ -10859552.369610473513603, 3005482.641275886446238 ], [ -10859554.199635555967689, 3005482.586892279330641 ], [ -10859554.199635555967689, 3005482.586892279330641 ], [ -10859573.073728874325752, 3005482.160489074885845 ], [ -10859573.073728874325752, 3005482.160489074885845 ], [ -10859573.460704363882542, 3005482.14127215417102 ], [ -10859573.845489855855703, 3005482.095688368193805 ], [ -10859574.226310271769762, 3005482.023947999812663 ], [ -10859574.601408828049898, 3005481.926382001955062 ], [ -10859574.969055136665702, 3005481.803440462332219 ], [ -10859575.327553186565638, 3005481.655690528452396 ], [ -10859575.675249166786671, 3005481.483813792932779 ], [ -10859576.010539101436734, 3005481.288603158667684 ], [ -10859576.331876249983907, 3005481.070959158241749 ], [ -10859576.637778230011463, 3005480.831885821651667 ], [ -10859576.926833868026733, 3005480.57248603226617 ], [ -10859577.197709705680609, 3005480.293956442736089 ], [ -10859577.44915615208447, 3005479.9975819545798 ], [ -10859577.680013246834278, 3005479.684729791712016 ], [ -10859577.889216009527445, 3005479.356843191664666 ], [ -10859578.07579935900867, 3005479.01543474663049 ], [ -10859578.238902557641268, 3005478.662079431582242 ], [ -10859578.377773186191916, 3005478.298407330177724 ], [ -10859578.49177061393857, 3005477.926096113398671 ], [ -10859578.580368956550956, 3005477.546863315626979 ], [ -10859578.643159497529268, 3005477.162458395119756 ], [ -10859578.679852576926351, 3005476.774654678069055 ], [ -10859578.690278923138976, 3005476.385241155512631 ], [ -10859578.674390446394682, 3005475.996014254633337 ], [ -10859578.6322604380548, 3005475.608769538346678 ], [ -10859578.6322604380548, 3005475.608769538346678 ], [ -10859578.589300412684679, 3005475.227592093870044 ], [ -10859578.569215189665556, 3005474.844507094472647 ], [ -10859578.572077460587025, 3005474.460900989361107 ], [ -10859578.597876865416765, 3005474.078162115067244 ], [ -10859578.646520031616092, 3005473.697675662580878 ] ] ] } },
{ "type": "Feature", "properties": { "Layer": "PLAT-DIM-EASEMENT-S2", "PaperSpace": null, "SubClasses": "AcDbEntity:AcDbLine", "Linetype": null, "EntityHandle": "B02", "Text": null }, "geometry": { "type": "MultiLineString", "coordinates": [ [ [ -10859487.376044422388077, 3005558.949113328941166, 0.0 ], [ -10859487.27278515137732, 3005557.036516646854579, 0.0 ] ] ] } },
{ "type": "Feature", "properties": { "Layer": "PLAT-DIM-EASEMENT-S2", "PaperSpace": null, "SubClasses": "AcDbEntity:AcDbLine", "Linetype": null, "EntityHandle": "B03", "Text": null }, "geometry": { "type": "MultiLineString", "coordinates": [ [ [ -10859501.30344876460731, 3005556.270744168199599, 0.0 ], [ -10859503.131591023877263, 3005556.170965877827257, 0.0 ] ] ] } },
{ "type": "Feature", "properties": { "Layer": "PLAT-DIM-EASEMENT-S2", "PaperSpace": null, "SubClasses": "AcDbEntity:AcDbLine", "Linetype": null, "EntityHandle": "B04", "Text": null }, "geometry": { "type": "MultiLineString", "coordinates": [ [ [ -10859490.876266494393349, 3005556.839845414739102, 0.0 ], [ -10859487.27278515137732, 3005557.036516646854579, 0.0 ] ] ] } },
{ "type": "Feature", "properties": { "Layer": "PLAT-DIM-EASEMENT-S2", "PaperSpace": null, "SubClasses": "AcDbEntity:AcDbTrace", "Linetype": null, "EntityHandle": "B05", "Text": null }, "geometry": { "type": "MultiPolygon", "coordinates": [ [ [ [ -10859501.319988492876291, 3005556.577091921120882 ], [ -10859501.286909038200974, 3005555.964396425988525 ], [ -10859499.475306479260325, 3005556.370522218756378 ], [ -10859501.319988492876291, 3005556.577091921120882 ] ] ] ] } },
{ "type": "Feature", "properties": { "Layer": "PLAT-DIM-EASEMENT-S2", "PaperSpace": null, "SubClasses": "AcDbEntity:AcDbTrace", "Linetype": null, "EntityHandle": "B06", "Text": null }, "geometry": { "type": "MultiPolygon", "coordinates": [ [ [ [ -10859490.892805995419621, 3005557.146193194203079 ], [ -10859490.859726993367076, 3005556.53349764412269 ], [ -10859492.704408900812268, 3005556.740068487357348 ], [ -10859490.892805995419621, 3005557.146193194203079 ] ] ] ] } },
{ "type": "Feature", "properties": { "Layer": "PLAT-DIM-EASEMENT-S2", "PaperSpace": null, "SubClasses": "AcDbEntity:AcDbMText", "Linetype": null, "EntityHandle": "B07", "Text": "20 FT. ERHWSC EASEMENT" }, "geometry": { "type": "MultiPoint", "coordinates": [ [ -10859488.10769777558744, 3005558.136427895631641, 0.0 ] ] } },
{ "type": "Feature", "properties": { "Layer": "PLAT-DIM-EASEMENT-S2", "PaperSpace": null, "SubClasses": "AcDbEntity:AcDbMText", "Linetype": null, "EntityHandle": "B09", "Text": "15 FT. ERHWSC EASEMENT" }, "geometry": { "type": "MultiPoint", "coordinates": [ [ -10859530.387103691697121, 3005580.24283738154918, 0.0 ] ] } },
{ "type": "Feature", "properties": { "Layer": "PLAT-DIM-EASEMENT-S2", "PaperSpace": null, "SubClasses": "AcDbEntity:AcDbPolyline", "Linetype": null, "EntityHandle": "B0B", "Text": null }, "geometry": { "type": "MultiLineString", "coordinates": [ [ [ -10859517.540901986882091, 3005735.15086525445804 ], [ -10859518.929828802123666, 3005733.951514981221408 ], [ -10859518.929828802123666, 3005733.951514981221408 ], [ -10859521.073635675013065, 3005732.167914125137031 ], [ -10859523.281019812449813, 3005730.464512937236577 ], [ -10859523.281019812449813, 3005730.464512937236577 ], [ -10859523.364076551049948, 3005730.398315934929997 ], [ -10859523.442469224333763, 3005730.326599357184023 ], [ -10859523.515835711732507, 3005730.249694493133575 ], [ -10859523.583837099373341, 3005730.167956592515111 ], [ -10859523.646159263327718, 3005730.081763241905719 ], [ -10859523.702514316886663, 3005729.991512596607208 ], [ -10859523.752641927450895, 3005729.897621557116508 ], [ -10859523.796310542151332, 3005729.800523851066828 ], [ -10859523.833318438380957, 3005729.700668003410101 ], [ -10859523.863494658842683, 3005729.598515291232616 ], [ -10859523.886699810624123, 3005729.494537595193833 ], [ -10859523.902826700359583, 3005729.389215233270079 ], [ -10859523.911800829693675, 3005729.283034725114703 ], [ -10859523.913580745458603, 3005729.176486563403159 ], [ -10859523.908158225938678, 3005729.070062932558358 ], [ -10859523.895558319985867, 3005728.964255448430777 ], [ -10859523.895558319985867, 3005728.964255448430777 ], [ -10859523.830028690397739, 3005728.424268917180598 ], [ -10859523.798700239509344, 3005727.881190444342792 ] ] ] } },
{ "type": "Feature", "properties": { "Layer": "PLAT-DIM-EASEMENT-S2", "PaperSpace": null, "SubClasses": "AcDbEntity:AcDbLine", "Linetype": null, "EntityHandle": "B0C", "Text": null }, "geometry": { "type": "MultiLineString", "coordinates": [ [ [ -10859532.138771448284388, 3005603.873103945050389, 0.0 ], [ -10859532.16153752617538, 3005606.770036190748215, 0.0 ] ] ] } },
{ "type": "Feature", "properties": { "Layer": "PLAT-DIM-EASEMENT-S2", "PaperSpace": null, "SubClasses": "AcDbEntity:AcDbLine", "Linetype": null, "EntityHandle": "B0D", "Text": null }, "geometry": { "type": "MultiLineString", "coordinates": [ [ [ -10859521.589344305917621, 3005603.975252135656774, 0.0 ], [ -10859519.758589202538133, 3005603.992978196125478, 0.0 ] ] ] } },
{ "type": "Feature", "properties": { "Layer": "PLAT-DIM-EASEMENT-S2", "PaperSpace": null, "SubClasses": "AcDbEntity:AcDbLine", "Linetype": null, "EntityHandle": "B0E", "Text": null }, "geometry": { "type": "MultiLineString", "coordinates": [ [ [ -10859528.641141692176461, 3005603.906971743330359, 0.0 ], [ -10859532.138771448284388, 3005603.873103945050389, 0.0 ] ] ] } },
{ "type": "Feature", "properties": { "Layer": "PLAT-DIM-EASEMENT-S2", "PaperSpace": null, "SubClasses": "AcDbEntity:AcDbTrace", "Linetype": null, "EntityHandle": "B0F", "Text": null }, "geometry": { "type": "MultiPolygon", "coordinates": [ [ [ [ -10859521.592282684519887, 3005604.282037715427577 ], [ -10859521.586405925452709, 3005603.668466558214277 ], [ -10859523.420099401846528, 3005603.957525838166475 ], [ -10859521.592282684519887, 3005604.282037715427577 ] ] ] ] } },
{ "type": "Feature", "properties": { "Layer": "PLAT-DIM-EASEMENT-S2", "PaperSpace": null, "SubClasses": "AcDbEntity:AcDbTrace", "Linetype": null, "EntityHandle": "B10", "Text": null }, "geometry": { "type": "MultiPolygon", "coordinates": [ [ [ [ -10859528.644080225378275, 3005604.213757323101163 ], [ -10859528.638203158974648, 3005603.600186169613153 ], [ -10859526.810386607423425, 3005603.924698723014444 ], [ -10859528.644080225378275, 3005604.213757323101163 ] ] ] ] } },
{ "type": "Feature", "properties": { "Layer": "PLAT-DIM-EASEMENT-S2", "PaperSpace": null, "SubClasses": "AcDbEntity:AcDbMText", "Linetype": null, "EntityHandle": "B11", "Text": "10 FT. BPUB UTILITY EASEMENT" }, "geometry": { "type": "MultiPoint", "coordinates": [ [ -10859532.705038964748383, 3005604.144414242822677, 0.0 ] ] } },
{ "type": "Feature", "properties": { "Layer": "PLAT-EASEMENT-S2", "PaperSpace": null, "SubClasses": "AcDbEntity:AcDbLine", "Linetype": null, "EntityHandle": "B13", "Text": null }, "geometry": { "type": "MultiLineString", "coordinates": [ [ [ -10859494.365769976750016, 3005590.762963579967618, 0.0 ], [ -10859494.296793160960078, 3005588.215527783147991, 0.0 ] ] ] } },
{ "type": "Feature", "properties": { "Layer": "PLAT-DIM-EASEMENT-S2", "PaperSpace": null, "SubClasses": "AcDbEntity:AcDbLine", "Linetype": null, "EntityHandle": "B14", "Text": null }, "geometry": { "type": "MultiLineString", "coordinates": [ [ [ -10859487.553639490157366, 3005594.44712300458923, 0.0 ], [ -10859487.489676401019096, 3005592.084810879547149, 0.0 ] ] ] } },
{ "type": "Feature", "properties": { "Layer": "PLAT-DIM-EASEMENT-S2", "PaperSpace": null, "SubClasses": "AcDbEntity:AcDbLine", "Linetype": null, "EntityHandle": "B15", "Text": null }, "geometry": { "type": "MultiLineString", "coordinates": [ [ [ -10859496.22660293802619, 3005591.845662385225296, 0.0 ], [ -10859498.056763244792819, 3005591.795566265936941, 0.0 ] ] ] } },
{ "type": "Feature", "properties": { "Layer": "PLAT-DIM-EASEMENT-S2", "PaperSpace": null, "SubClasses": "AcDbEntity:AcDbLine", "Linetype": null, "EntityHandle": "B16", "Text": null }, "geometry": { "type": "MultiLineString", "coordinates": [ [ [ -10859489.17709644511342, 3005592.038622987922281, 0.0 ], [ -10859487.489676401019096, 3005592.084810879547149, 0.0 ] ] ] } },
{ "type": "Feature", "properties": { "Layer": "PLAT-DIM-EASEMENT-S2", "PaperSpace": null, "SubClasses": "AcDbEntity:AcDbTrace", "Linetype": null, "EntityHandle": "B17", "Text": null }, "geometry": { "type": "MultiPolygon", "coordinates": [ [ [ [ -10859496.234907099977136, 3005592.152348299976438 ], [ -10859496.218298774212599, 3005591.53897647978738 ], [ -10859494.396442616358399, 3005591.895758267026395 ], [ -10859496.234907099977136, 3005592.152348299976438 ] ] ] ] } },
{ "type": "Feature", "properties": { "Layer": "PLAT-DIM-EASEMENT-S2", "PaperSpace": null, "SubClasses": "AcDbEntity:AcDbTrace", "Linetype": null, "EntityHandle": "B18", "Text": null }, "geometry": { "type": "MultiPolygon", "coordinates": [ [ [ [ -10859489.185400454327464, 3005592.34530890872702 ], [ -10859489.168792434036732, 3005591.731937070842832 ], [ -10859491.007256802171469, 3005591.988527789711952 ], [ -10859489.185400454327464, 3005592.34530890872702 ] ] ] ] } },
{ "type": "Feature", "properties": { "Layer": "PLAT-DIM-EASEMENT-S2", "PaperSpace": null, "SubClasses": "AcDbEntity:AcDbMText", "Linetype": null, "EntityHandle": "B19", "Text": "10 FT. BPUB UTILITY EASEMENT" }, "geometry": { "type": "MultiPoint", "coordinates": [ [ -10859488.371281066909432, 3005592.147892235312611, 0.0 ] ] } },
{ "type": "Feature", "properties": { "Layer": "PLAT-DIM-EASEMENT-S2", "PaperSpace": null, "SubClasses": "AcDbEntity:AcDbLine", "Linetype": null, "EntityHandle": "B1B", "Text": null }, "geometry": { "type": "MultiLineString", "coordinates": [ [ [ -10859463.057509072124958, 3005486.417460802942514, 0.0 ], [ -10859460.841798102483153, 3005486.121810401789844, 0.0 ] ] ] } },
{ "type": "Feature", "properties": { "Layer": "PLAT-DIM-EASEMENT-S2", "PaperSpace": null, "SubClasses": "AcDbEntity:AcDbLine", "Linetype": null, "EntityHandle": "B1C", "Text": null }, "geometry": { "type": "MultiLineString", "coordinates": [ [ [ -10859462.130490534007549, 3005476.358530166558921, 0.0 ], [ -10859462.371350467205048, 3005474.533747186884284, 0.0 ] ] ] } },
{ "type": "Feature", "properties": { "Layer": "PLAT-DIM-EASEMENT-S2", "PaperSpace": null, "SubClasses": "AcDbEntity:AcDbLine", "Linetype": null, "EntityHandle": "B1D", "Text": null }, "geometry": { "type": "MultiLineString", "coordinates": [ [ [ -10859461.091223811730742, 3005484.232133422978222, 0.0 ], [ -10859460.841798102483153, 3005486.121810401789844, 0.0 ] ] ] } },
{ "type": "Feature", "properties": { "Layer": "PLAT-DIM-EASEMENT-S2", "PaperSpace": null, "SubClasses": "AcDbEntity:AcDbTrace", "Linetype": null, "EntityHandle": "B1E", "Text": null }, "geometry": { "type": "MultiPolygon", "coordinates": [ [ [ [ -10859462.43297565728426, 3005476.398891851305962 ], [ -10859461.828005412593484, 3005476.318168471101671 ], [ -10859461.889630537480116, 3005478.183313369750977 ], [ -10859462.43297565728426, 3005476.398891851305962 ] ] ] ] } },
{ "type": "Feature", "properties": { "Layer": "PLAT-DIM-EASEMENT-S2", "PaperSpace": null, "SubClasses": "AcDbEntity:AcDbTrace", "Linetype": null, "EntityHandle": "B1F", "Text": null }, "geometry": { "type": "MultiPolygon", "coordinates": [ [ [ [ -10859461.393709100782871, 3005484.272495150566101 ], [ -10859460.788738526403904, 3005484.191771681886166 ], [ -10859461.332084015011787, 3005482.407349454239011 ], [ -10859461.393709100782871, 3005484.272495150566101 ] ] ] ] } },
{ "type": "Feature", "properties": { "Layer": "PLAT-DIM-EASEMENT-S2", "PaperSpace": null, "SubClasses": "AcDbEntity:AcDbMText", "Linetype": null, "EntityHandle": "B20", "Text": "12.5 FT. DRAINAGE EASEMENT" }, "geometry": { "type": "MultiPoint", "coordinates": [ [ -10859467.165034594014287, 3005488.817846880294383, 0.0 ] ] } },
{ "type": "Feature", "properties": { "Layer": "PLAT-DIM-EASEMENT-S2", "PaperSpace": null, "SubClasses": "AcDbEntity:AcDbLine", "Linetype": null, "EntityHandle": "B21", "Text": null }, "geometry": { "type": "MultiLineString", "coordinates": [ [ [ -10859463.648302553221583, 3005646.573405377566814, 0.0 ], [ -10859465.830751994624734, 3005646.540920220781118, 0.0 ] ] ] } },
{ "type": "Feature", "properties": { "Layer": "PLAT-DIM-EASEMENT-S2", "PaperSpace": null, "SubClasses": "AcDbEntity:AcDbLine", "Linetype": null, "EntityHandle": "B22", "Text": null }, "geometry": { "type": "MultiLineString", "coordinates": [ [ [ -10859463.785545160993934, 3005655.894398289732635, 0.0 ], [ -10859463.81264628469944, 3005657.735002242494375, 0.0 ] ] ] } },
{ "type": "Feature", "properties": { "Layer": "PLAT-DIM-EASEMENT-S2", "PaperSpace": null, "SubClasses": "AcDbEntity:AcDbLine", "Linetype": null, "EntityHandle": "B23", "Text": null }, "geometry": { "type": "MultiLineString", "coordinates": [ [ [ -10859463.693702515214682, 3005649.656797777395695, 0.0 ], [ -10859463.648302555084229, 3005646.573405377566814, 0.0 ] ] ] } },
{ "type": "Feature", "properties": { "Layer": "PLAT-DIM-EASEMENT-S2", "PaperSpace": null, "SubClasses": "AcDbEntity:AcDbTrace", "Linetype": null, "EntityHandle": "B24", "Text": null }, "geometry": { "type": "MultiPolygon", "coordinates": [ [ [ [ -10859463.480437474325299, 3005655.898939708713442 ], [ -10859464.090652849525213, 3005655.889856864698231 ], [ -10859463.758444044739008, 3005654.053794578649104 ], [ -10859463.480437474325299, 3005655.898939708713442 ] ] ] ] } },
{ "type": "Feature", "properties": { "Layer": "PLAT-DIM-EASEMENT-S2", "PaperSpace": null, "SubClasses": "AcDbEntity:AcDbTrace", "Linetype": null, "EntityHandle": "B25", "Text": null }, "geometry": { "type": "MultiPolygon", "coordinates": [ [ [ [ -10859463.388594962656498, 3005649.661339194979519 ], [ -10859463.998810067772865, 3005649.652256357949227 ], [ -10859463.720803614705801, 3005651.497400928288698 ], [ -10859463.388594962656498, 3005649.661339194979519 ] ] ] ] } },
{ "type": "Feature", "properties": { "Layer": "PLAT-DIM-EASEMENT-S2", "PaperSpace": null, "SubClasses": "AcDbEntity:AcDbMText", "Linetype": null, "EntityHandle": "B26", "Text": "7.5'" }, "geometry": { "type": "MultiPoint", "coordinates": [ [ -10859461.060040256008506, 3005644.494425926823169, 0.0 ] ] } },
{ "type": "Feature", "properties": { "Layer": "PLAT-DIM-EASEMENT-S2", "PaperSpace": null, "SubClasses": "AcDbEntity:AcDbLine", "Linetype": null, "EntityHandle": "B27", "Text": null }, "geometry": { "type": "MultiLineString", "coordinates": [ [ [ -10859484.154377743601799, 3005661.468028433155268, 0.0 ], [ -10859486.48353599011898, 3005661.433356123045087, 0.0 ] ] ] } },
{ "type": "Feature", "properties": { "Layer": "PLAT-DIM-EASEMENT-S2", "PaperSpace": null, "SubClasses": "AcDbEntity:AcDbLine", "Linetype": null, "EntityHandle": "B28", "Text": null }, "geometry": { "type": "MultiLineString", "coordinates": [ [ [ -10859486.459755804389715, 3005659.81847351975739, 0.0 ], [ -10859486.48353599011898, 3005661.433356128167361, 0.0 ] ] ] } },
{ "type": "Feature", "properties": { "Layer": "PLAT-DIM-EASEMENT-S2", "PaperSpace": null, "SubClasses": "AcDbEntity:AcDbLine", "Linetype": null, "EntityHandle": "B29", "Text": null }, "geometry": { "type": "MultiLineString", "coordinates": [ [ [ -10859486.342806773260236, 3005651.876609053928405, 0.0 ], [ -10859486.325717002153397, 3005650.716063520871103, 0.0 ] ] ] } },
{ "type": "Feature", "properties": { "Layer": "PLAT-DIM-EASEMENT-S2", "PaperSpace": null, "SubClasses": "AcDbEntity:AcDbTrace", "Linetype": null, "EntityHandle": "B2A", "Text": null }, "geometry": { "type": "MultiPolygon", "coordinates": [ [ [ [ -10859486.154648039489985, 3005659.823015435133129 ], [ -10859486.764863567426801, 3005659.813931595999748 ], [ -10859486.432651724666357, 3005657.97786934254691 ], [ -10859486.154648039489985, 3005659.823015435133129 ] ] ] ] } },
{ "type": "Feature", "properties": { "Layer": "PLAT-DIM-EASEMENT-S2", "PaperSpace": null, "SubClasses": "AcDbEntity:AcDbTrace", "Linetype": null, "EntityHandle": "B2B", "Text": null }, "geometry": { "type": "MultiPolygon", "coordinates": [ [ [ [ -10859486.037699177861214, 3005651.881150959990919 ], [ -10859486.647914364933968, 3005651.872067137155682 ], [ -10859486.369910826906562, 3005653.717212443239987 ], [ -10859486.037699177861214, 3005651.881150959990919 ] ] ] ] } },
{ "type": "Feature", "properties": { "Layer": "PLAT-DIM-EASEMENT-S2", "PaperSpace": null, "SubClasses": "AcDbEntity:AcDbMText", "Linetype": null, "EntityHandle": "B2C", "Text": "12.5 FT. DRAINAGE \nEASEMENT" }, "geometry": { "type": "MultiPoint", "coordinates": [ [ -10859465.824773564934731, 3005660.898880372755229, 0.0 ] ] } },
{ "type": "Feature", "properties": { "Layer": "PLAT-DIM-EASEMENT-S2", "PaperSpace": null, "SubClasses": "AcDbEntity:AcDbLine", "Linetype": null, "EntityHandle": "B2D", "Text": null }, "geometry": { "type": "MultiLineString", "coordinates": [ [ [ -10859475.102253891527653, 3005753.835848951246589, 0.0 ], [ -10859472.973219009116292, 3005754.314413747750223, 0.0 ] ] ] } },
{ "type": "Feature", "properties": { "Layer": "PLAT-DIM-EASEMENT-S2", "PaperSpace": null, "SubClasses": "AcDbEntity:AcDbLine", "Linetype": null, "EntityHandle": "B2E", "Text": null }, "geometry": { "type": "MultiLineString", "coordinates": [ [ [ -10859473.544359195977449, 3005756.883014684077352, 0.0 ], [ -10859472.973219009116292, 3005754.314413747750223, 0.0 ] ] ] } },
{ "type": "Feature", "properties": { "Layer": "PLAT-DIM-EASEMENT-S2", "PaperSpace": null, "SubClasses": "AcDbEntity:AcDbLine", "Linetype": null, "EntityHandle": "B2F", "Text": null }, "geometry": { "type": "MultiLineString", "coordinates": [ [ [ -10859474.898063851520419, 3005762.971057516057044, 0.0 ], [ -10859475.167599348351359, 3005764.183244517538697, 0.0 ] ] ] } },
{ "type": "Feature", "properties": { "Layer": "PLAT-DIM-EASEMENT-S2", "PaperSpace": null, "SubClasses": "AcDbEntity:AcDbTrace", "Linetype": null, "EntityHandle": "B30", "Text": null }, "geometry": { "type": "MultiPolygon", "coordinates": [ [ [ [ -10859473.246567115187645, 3005756.949952423106879 ], [ -10859473.842151274904609, 3005756.816076944582164 ], [ -10859473.943812908604741, 3005758.679486081469804 ], [ -10859473.246567115187645, 3005756.949952423106879 ] ] ] ] } },
{ "type": "Feature", "properties": { "Layer": "PLAT-DIM-EASEMENT-S2", "PaperSpace": null, "SubClasses": "AcDbEntity:AcDbTrace", "Linetype": null, "EntityHandle": "B31", "Text": null }, "geometry": { "type": "MultiPolygon", "coordinates": [ [ [ [ -10859474.60027164965868, 3005763.037995307706296 ], [ -10859475.195856051519513, 3005762.904119711834937 ], [ -10859474.498609896749258, 3005761.17458560038358 ], [ -10859474.60027164965868, 3005763.037995307706296 ] ] ] ] } },
{ "type": "Feature", "properties": { "Layer": "PLAT-DIM-EASEMENT-S2", "PaperSpace": null, "SubClasses": "AcDbEntity:AcDbMText", "Linetype": null, "EntityHandle": "B32", "Text": "7.5 FT. DRAINAGE \nEASEMENT" }, "geometry": { "type": "MultiPoint", "coordinates": [ [ -10859481.77744903601706, 3005753.008563523646444, 0.0 ] ] } },
{ "type": "Feature", "properties": { "Layer": "PLAT-DIM-EASEMENT-S2", "PaperSpace": null, "SubClasses": "AcDbEntity:AcDbLine", "Linetype": null, "EntityHandle": "B33", "Text": null }, "geometry": { "type": "MultiLineString", "coordinates": [ [ [ -10859486.329182669520378, 3005769.078142569866031, 0.0 ], [ -10859488.499494824558496, 3005768.590297282673419, 0.0 ] ] ] } },
{ "type": "Feature", "properties": { "Layer": "PLAT-DIM-EASEMENT-S2", "PaperSpace": null, "SubClasses": "AcDbEntity:AcDbLine", "Linetype": null, "EntityHandle": "B34", "Text": null }, "geometry": { "type": "MultiLineString", "coordinates": [ [ [ -10859487.956578571349382, 3005766.148640681058168, 0.0 ], [ -10859488.499494824558496, 3005768.590297282673419, 0.0 ] ] ] } },
{ "type": "Feature", "properties": { "Layer": "PLAT-DIM-EASEMENT-S2", "PaperSpace": null, "SubClasses": "AcDbEntity:AcDbLine", "Linetype": null, "EntityHandle": "B35", "Text": null }, "geometry": { "type": "MultiLineString", "coordinates": [ [ [ -10859485.863135915249586, 3005756.73379939654842, 0.0 ], [ -10859485.531042035669088, 3005755.240272721275687, 0.0 ] ] ] } },
{ "type": "Feature", "properties": { "Layer": "PLAT-DIM-EASEMENT-S2", "PaperSpace": null, "SubClasses": "AcDbEntity:AcDbTrace", "Linetype": null, "EntityHandle": "B36", "Text": null }, "geometry": { "type": "MultiPolygon", "coordinates": [ [ [ [ -10859487.658786363899708, 3005766.215578769333661 ], [ -10859488.254370775073767, 3005766.08170259045437 ], [ -10859487.557122867554426, 3005764.352168744429946 ], [ -10859487.658786363899708, 3005766.215578769333661 ] ] ] ] } },
{ "type": "Feature", "properties": { "Layer": "PLAT-DIM-EASEMENT-S2", "PaperSpace": null, "SubClasses": "AcDbEntity:AcDbTrace", "Linetype": null, "EntityHandle": "B37", "Text": null }, "geometry": { "type": "MultiPolygon", "coordinates": [ [ [ [ -10859485.565343895927072, 3005756.8007373935543 ], [ -10859486.16092793084681, 3005756.666861391160637 ], [ -10859486.262591186910868, 3005758.530270421411842 ], [ -10859485.565343895927072, 3005756.8007373935543 ] ] ] ] } },
{ "type": "Feature", "properties": { "Layer": "PLAT-DIM-EASEMENT-S2", "PaperSpace": null, "SubClasses": "AcDbEntity:AcDbLine", "Linetype": null, "EntityHandle": "B38", "Text": null }, "geometry": { "type": "MultiLineString", "coordinates": [ [ [ -10859543.707552894949913, 3005489.107220525387675, 0.0 ], [ -10859541.153616696596146, 3005488.959303434472531, 0.0 ] ] ] } },
{ "type": "Feature", "properties": { "Layer": "PLAT-DIM-EASEMENT-S2", "PaperSpace": null, "SubClasses": "AcDbEntity:AcDbLine", "Linetype": null, "EntityHandle": "B39", "Text": null }, "geometry": { "type": "MultiLineString", "coordinates": [ [ [ -10859543.812840951606631, 3005487.269483103882521, 0.0 ], [ -10859543.707552894949913, 3005489.107220525387675, 0.0 ] ] ] } },
{ "type": "Feature", "properties": { "Layer": "PLAT-DIM-EASEMENT-S2", "PaperSpace": null, "SubClasses": "AcDbEntity:AcDbLine", "Linetype": null, "EntityHandle": "B3A", "Text": null }, "geometry": { "type": "MultiLineString", "coordinates": [ [ [ -10859544.218394692987204, 3005480.190793019719422, 0.0 ], [ -10859544.286031741648912, 3005479.010229764971882, 0.0 ] ] ] } },
{ "type": "Feature", "properties": { "Layer": "PLAT-DIM-EASEMENT-S2", "PaperSpace": null, "SubClasses": "AcDbEntity:AcDbTrace", "Linetype": null, "EntityHandle": "B3B", "Text": null }, "geometry": { "type": "MultiPolygon", "coordinates": [ [ [ [ -10859544.117473430931568, 3005487.287126560695469 ], [ -10859543.508208472281694, 3005487.251839641015977 ], [ -10859543.918128980323672, 3005485.431745921261609 ], [ -10859544.117473430931568, 3005487.287126560695469 ] ] ] ] } },
{ "type": "Feature", "properties": { "Layer": "PLAT-DIM-EASEMENT-S2", "PaperSpace": null, "SubClasses": "AcDbEntity:AcDbTrace", "Linetype": null, "EntityHandle": "B3C", "Text": null }, "geometry": { "type": "MultiPolygon", "coordinates": [ [ [ [ -10859544.523027019575238, 3005480.20843646209687 ], [ -10859543.913762366399169, 3005480.173149574082345 ], [ -10859544.113106742501259, 3005482.028529534582049 ], [ -10859544.523027019575238, 3005480.20843646209687 ] ] ] ] } },
{ "type": "Feature", "properties": { "Layer": "PLAT-DIM-EASEMENT-S2", "PaperSpace": null, "SubClasses": "AcDbEntity:AcDbMText", "Linetype": null, "EntityHandle": "B3D", "Text": "10 FT. BPUB UTILITY EASEMENT" }, "geometry": { "type": "MultiPoint", "coordinates": [ [ -10859533.897656992077827, 3005489.624402364715934, 0.0 ] ] } },
{ "type": "Feature", "properties": { "Layer": "PLAT-DIM-EASEMENT-S2", "PaperSpace": null, "SubClasses": "AcDbEntity:AcDbLine", "Linetype": null, "EntityHandle": "B3E", "Text": null }, "geometry": { "type": "MultiLineString", "coordinates": [ [ [ -10859492.26612744294107, 3005487.532194646541029, 0.0 ], [ -10859492.025271149352193, 3005489.356979801785201, 0.0 ] ] ] } },
{ "type": "Feature", "properties": { "Layer": "PLAT-DIM-EASEMENT-S2", "PaperSpace": null, "SubClasses": "AcDbEntity:AcDbLine", "Linetype": null, "EntityHandle": "B3F", "Text": null }, "geometry": { "type": "MultiLineString", "coordinates": [ [ [ -10859493.193869618698955, 3005480.503394707571715, 0.0 ], [ -10859493.371388472616673, 3005479.158468353562057, 0.0 ] ] ] } },
{ "type": "Feature", "properties": { "Layer": "PLAT-DIM-EASEMENT-S2", "PaperSpace": null, "SubClasses": "AcDbEntity:AcDbTrace", "Linetype": null, "EntityHandle": "B40", "Text": null }, "geometry": { "type": "MultiPolygon", "coordinates": [ [ [ [ -10859492.568612892180681, 3005487.572555709630251 ], [ -10859491.963641997426748, 3005487.491833570413291 ], [ -10859492.506983673200011, 3005485.70740971993655 ], [ -10859492.568612892180681, 3005487.572555709630251 ] ] ] ] } },
{ "type": "Feature", "properties": { "Layer": "PLAT-DIM-EASEMENT-S2", "PaperSpace": null, "SubClasses": "AcDbEntity:AcDbTrace", "Linetype": null, "EntityHandle": "B41", "Text": null }, "geometry": { "type": "MultiPolygon", "coordinates": [ [ [ [ -10859493.496354918926954, 3005480.54375573201105 ], [ -10859492.8913843203336, 3005480.463033671025187 ], [ -10859492.953013565391302, 3005482.328178980853409 ], [ -10859493.496354918926954, 3005480.54375573201105 ] ] ] ] } },
{ "type": "Feature", "properties": { "Layer": "PLAT-DIM-EASEMENT-S2", "PaperSpace": null, "SubClasses": "AcDbEntity:AcDbLine", "Linetype": null, "EntityHandle": "B42", "Text": null }, "geometry": { "type": "MultiLineString", "coordinates": [ [ [ -10859492.025271149352193, 3005489.356979801785201, 0.0 ], [ -10859488.925142558291554, 3005488.914841515012085, 0.0 ] ] ] } },
{ "type": "Feature", "properties": { "Layer": "PLAT-DIM-EASEMENT-S2", "PaperSpace": null, "SubClasses": "AcDbEntity:AcDbMText", "Linetype": null, "EntityHandle": "B43", "Text": "10 FT. BPUB UTILITY EASEMENT" }, "geometry": { "type": "MultiPoint", "coordinates": [ [ -10859481.932656716555357, 3005489.24112826725468, 0.0 ] ] } },
{ "type": "Feature", "properties": { "Layer": "PLAT-LOTLINE-S1", "PaperSpace": null, "SubClasses": "AcDbEntity:AcDbLine", "Linetype": null, "EntityHandle": "BEC", "Text": null }, "geometry": { "type": "MultiLineString", "coordinates": [ [ [ -10859374.653399234637618, 3005466.542786559090018, 0.0 ], [ -10859395.853397630155087, 3005305.944411433767527, 0.0 ] ] ] } },
{ "type": "Feature", "properties": { "Layer": "PLAT-BORDER-S1", "PaperSpace": null, "SubClasses": "AcDbEntity:AcDbLine", "Linetype": null, "EntityHandle": "BF4", "Text": null }, "geometry": { "type": "MultiLineString", "coordinates": [ [ [ -10859400.597572483122349, 3005192.279016932472587, 0.0 ], [ -10859472.91682687215507, 3005264.187132243998349, 0.0 ] ] ] } },
{ "type": "Feature", "properties": { "Layer": "PLAT-LOTLINE-S1", "PaperSpace": null, "SubClasses": "AcDbEntity:AcDbLine", "Linetype": null, "EntityHandle": "CA9", "Text": null }, "geometry": { "type": "MultiLineString", "coordinates": [ [ [ -10859435.698485665023327, 3005253.548437719233334, 0.0 ], [ -10859448.810326928272843, 3005240.217761819716543, 0.0 ] ] ] } },
{ "type": "Feature", "properties": { "Layer": "PLAT-LOTLINE-S1-PROPOSED", "PaperSpace": null, "SubClasses": "AcDbEntity:AcDbLine", "Linetype": "HIDDEN2", "EntityHandle": "CC0", "Text": null }, "geometry": { "type": "MultiLineString", "coordinates": [ [ [ -10859395.853397630155087, 3005305.944411433767527, 0.0 ], [ -10859406.590503312647343, 3005224.605871804058552, 0.0 ] ] ] } },
{ "type": "Feature", "properties": { "Layer": "PLAT-LOTLINE-S2", "PaperSpace": null, "SubClasses": "AcDbEntity:AcDbLine", "Linetype": null, "EntityHandle": "E0A", "Text": null }, "geometry": { "type": "MultiLineString", "coordinates": [ [ [ -10859517.768951455131173, 3005484.18483221065253, 0.0 ], [ -10859517.960420763120055, 3005480.513815125450492, 0.0 ] ] ] } },
{ "type": "Feature", "properties": { "Layer": "PLAT-LOTLINE-S1", "PaperSpace": null, "SubClasses": "AcDbEntity:AcDbLine", "Linetype": null, "EntityHandle": "FC0", "Text": null }, "geometry": { "type": "MultiLineString", "coordinates": [ [ [ -10859494.807926643639803, 3005312.321597309783101, 0.0 ], [ -10859523.39125107973814, 3005340.742129119113088, 0.0 ] ] ] } },
{ "type": "Feature", "properties": { "Layer": "PLAT-LOTLINE-S1", "PaperSpace": null, "SubClasses": "AcDbEntity:AcDbLine", "Linetype": null, "EntityHandle": "1036", "Text": null }, "geometry": { "type": "MultiLineString", "coordinates": [ [ [ -10859455.436625756323338, 3005282.760834645479918, 0.0 ], [ -10859460.978651547804475, 3005288.174084146972746, 0.0 ] ] ] } }
]
}
