<?xml version="1.0" encoding="utf-8" ?>
<kml xmlns="http://www.opengis.net/kml/2.2">
<Document id="root_doc">
<Schema name="lago_sec1sec2_map_vitto_20250623_RevA_non_hatch" id="lago_sec1sec2_map_vitto_20250623_RevA_non_hatch">
	<SimpleField name="Layer" type="string"></SimpleField>
	<SimpleField name="PaperSpace" type="int"></SimpleField>
	<SimpleField name="SubClasses" type="string"></SimpleField>
	<SimpleField name="Linetype" type="string"></SimpleField>
	<SimpleField name="EntityHandle" type="string"></SimpleField>
	<SimpleField name="Text" type="string"></SimpleField>
</Schema>
<Folder><name>lago_sec1sec2_map_vitto_20250623_RevA_non_hatch</name>
  <Placemark id="lago_sec1sec2_map_vitto_20250623_RevA_non_hatch.1">
	<Style><LineStyle><color>ff0000ff</color></LineStyle><PolyStyle><fill>0</fill></PolyStyle></Style>
	<ExtendedData><SchemaData schemaUrl="#lago_sec1sec2_map_vitto_20250623_RevA_non_hatch">
		<SimpleData name="Layer">PLAT-BORDER-S2</SimpleData>
		<SimpleData name="SubClasses">AcDbEntity:AcDbLine</SimpleData>
		<SimpleData name="EntityHandle">164</SimpleData>
	</SchemaData></ExtendedData>
      <MultiGeometry><LineString><coordinates>-97.552940356112,26.0538386169415,0 -97.5530084718548,26.0533749953352,0</coordinates></LineString></MultiGeometry>
  </Placemark>
  <Placemark id="lago_sec1sec2_map_vitto_20250623_RevA_non_hatch.2">
	<Style><LineStyle><color>ff0000ff</color></LineStyle><PolyStyle><fill>0</fill></PolyStyle></Style>
	<ExtendedData><SchemaData schemaUrl="#lago_sec1sec2_map_vitto_20250623_RevA_non_hatch">
		<SimpleData name="Layer">PLAT-EASEMENT-S2</SimpleData>
		<SimpleData name="SubClasses">AcDbEntity:AcDbLine</SimpleData>
		<SimpleData name="Linetype">HIDDEN2</SimpleData>
		<SimpleData name="EntityHandle">166</SimpleData>
	</SchemaData></ExtendedData>
      <MultiGeometry><LineString><coordinates>-97.5529452439391,26.0537007891421,0 -97.5529933757415,26.0533731857253,0</coordinates></LineString></MultiGeometry>
  </Placemark>
  <Placemark id="lago_sec1sec2_map_vitto_20250623_RevA_non_hatch.3">
	<Style><LineStyle><color>ff0000ff</color></LineStyle><PolyStyle><fill>0</fill></PolyStyle></Style>
	<ExtendedData><SchemaData schemaUrl="#lago_sec1sec2_map_vitto_20250623_RevA_non_hatch">
		<SimpleData name="Layer">PLAT-BORDER-S2</SimpleData>
		<SimpleData name="SubClasses">AcDbEntity:AcDbLine</SimpleData>
		<SimpleData name="EntityHandle">168</SimpleData>
	</SchemaData></ExtendedData>
      <MultiGeometry><LineString><coordinates>-97.5530084718548,26.0533749953352,0 -97.5530104775575,26.0533613437034,0</coordinates></LineString></MultiGeometry>
  </Placemark>
  <Placemark id="lago_sec1sec2_map_vitto_20250623_RevA_non_hatch.4">
	<Style><LineStyle><color>ff0000ff</color></LineStyle><PolyStyle><fill>0</fill></PolyStyle></Style>
	<ExtendedData><SchemaData schemaUrl="#lago_sec1sec2_map_vitto_20250623_RevA_non_hatch">
		<SimpleData name="Layer">PLAT-BORDER-S2</SimpleData>
		<SimpleData name="SubClasses">AcDbEntity:AcDbCircle:AcDbArc</SimpleData>
		<SimpleData name="EntityHandle">16A</SimpleData>
	</SchemaData></ExtendedData>
      <MultiGeometry><LineString><coordinates>-97.5530517052499,26.0524033652948,0 -97.5530599234491,26.0527232570694,0 -97.5530461632894,26.053042993497,0 -97.5530104775581,26.0533613436996,0</coordinates></LineString></MultiGeometry>
  </Placemark>
  <Placemark id="lago_sec1sec2_map_vitto_20250623_RevA_non_hatch.5">
	<Style><LineStyle><color>ff0000ff</color></LineStyle><PolyStyle><fill>0</fill></PolyStyle></Style>
	<ExtendedData><SchemaData schemaUrl="#lago_sec1sec2_map_vitto_20250623_RevA_non_hatch">
		<SimpleData name="Layer">PLAT-EASEMENT-S2</SimpleData>
		<SimpleData name="SubClasses">AcDbEntity:AcDbCircle:AcDbArc</SimpleData>
		<SimpleData name="Linetype">HIDDEN2</SimpleData>
		<SimpleData name="EntityHandle">16B</SimpleData>
	</SchemaData></ExtendedData>
      <MultiGeometry><LineString><coordinates>-97.553036499298,26.0524041108853,0 -97.5530446955345,26.052723149425,0 -97.5530309720343,26.0530420330295,0 -97.5529953814445,26.0533595341041,0</coordinates></LineString></MultiGeometry>
  </Placemark>
  <Placemark id="lago_sec1sec2_map_vitto_20250623_RevA_non_hatch.6">
	<Style><LineStyle><color>ff0000ff</color></LineStyle><PolyStyle><fill>0</fill></PolyStyle></Style>
	<ExtendedData><SchemaData schemaUrl="#lago_sec1sec2_map_vitto_20250623_RevA_non_hatch">
		<SimpleData name="Layer">PLAT-LOTLINE-S2</SimpleData>
		<SimpleData name="SubClasses">AcDbEntity:AcDbLine</SimpleData>
		<SimpleData name="EntityHandle">16C</SimpleData>
	</SchemaData></ExtendedData>
      <MultiGeometry><LineString><coordinates>-97.5521127724951,26.0520058229118,0 -97.5521393478367,26.0524480986556,0</coordinates></LineString></MultiGeometry>
  </Placemark>
  <Placemark id="lago_sec1sec2_map_vitto_20250623_RevA_non_hatch.7">
	<Style><LineStyle><color>ff0000ff</color></LineStyle><PolyStyle><fill>0</fill></PolyStyle></Style>
	<ExtendedData><SchemaData schemaUrl="#lago_sec1sec2_map_vitto_20250623_RevA_non_hatch">
		<SimpleData name="Layer">PLAT-BORDER-S2</SimpleData>
		<SimpleData name="SubClasses">AcDbEntity:AcDbLine</SimpleData>
		<SimpleData name="EntityHandle">16D</SimpleData>
	</SchemaData></ExtendedData>
      <MultiGeometry><LineString><coordinates>-97.5530251263944,26.0519610900339,0 -97.5530517052497,26.052403365291,0</coordinates></LineString></MultiGeometry>
  </Placemark>
  <Placemark id="lago_sec1sec2_map_vitto_20250623_RevA_non_hatch.8">
	<Style><LineStyle><color>ff0000ff</color></LineStyle><PolyStyle><fill>0</fill></PolyStyle></Style>
	<ExtendedData><SchemaData schemaUrl="#lago_sec1sec2_map_vitto_20250623_RevA_non_hatch">
		<SimpleData name="Layer">PLAT-EASEMENT-S2</SimpleData>
		<SimpleData name="SubClasses">AcDbEntity:AcDbLine</SimpleData>
		<SimpleData name="Linetype">HIDDEN2</SimpleData>
		<SimpleData name="EntityHandle">16E</SimpleData>
	</SchemaData></ExtendedData>
      <MultiGeometry><LineString><coordinates>-97.5530099205023,26.0519618356358,0 -97.5530364992987,26.0524041108958,0</coordinates></LineString></MultiGeometry>
  </Placemark>
  <Placemark id="lago_sec1sec2_map_vitto_20250623_RevA_non_hatch.9">
	<Style><LineStyle><color>ff0000ff</color></LineStyle><PolyStyle><fill>0</fill></PolyStyle></Style>
	<ExtendedData><SchemaData schemaUrl="#lago_sec1sec2_map_vitto_20250623_RevA_non_hatch">
		<SimpleData name="Layer">PLAT-BORDER-S2</SimpleData>
		<SimpleData name="SubClasses">AcDbEntity:AcDbCircle:AcDbArc</SimpleData>
		<SimpleData name="EntityHandle">16F</SimpleData>
	</SchemaData></ExtendedData>
      <MultiGeometry><LineString><coordinates>-97.5530251263944,26.0519610900332,0 -97.5530209175899,26.0518164272052,0 -97.5530256650041,26.051671777981,0</coordinates></LineString></MultiGeometry>
  </Placemark>
  <Placemark id="lago_sec1sec2_map_vitto_20250623_RevA_non_hatch.10">
	<Style><LineStyle><color>ff0000ff</color></LineStyle><PolyStyle><fill>0</fill></PolyStyle></Style>
	<ExtendedData><SchemaData schemaUrl="#lago_sec1sec2_map_vitto_20250623_RevA_non_hatch">
		<SimpleData name="Layer">PLAT-EASEMENT-S2</SimpleData>
		<SimpleData name="SubClasses">AcDbEntity:AcDbCircle:AcDbArc</SimpleData>
		<SimpleData name="Linetype">HIDDEN2</SimpleData>
		<SimpleData name="EntityHandle">170</SimpleData>
	</SchemaData></ExtendedData>
      <MultiGeometry><LineString><coordinates>-97.5530099205019,26.0519618356299,0 -97.5530056893511,26.0518164044187,0 -97.5530104619693,26.0516709868834,0</coordinates></LineString></MultiGeometry>
  </Placemark>
  <Placemark id="lago_sec1sec2_map_vitto_20250623_RevA_non_hatch.11">
	<Style><LineStyle><color>ff0000ff</color></LineStyle><PolyStyle><fill>0</fill></PolyStyle></Style>
	<ExtendedData><SchemaData schemaUrl="#lago_sec1sec2_map_vitto_20250623_RevA_non_hatch">
		<SimpleData name="Layer">PLAT-BORDER-S2</SimpleData>
		<SimpleData name="SubClasses">AcDbEntity:AcDbLine</SimpleData>
		<SimpleData name="EntityHandle">171</SimpleData>
	</SchemaData></ExtendedData>
      <MultiGeometry><LineString><coordinates>-97.5527216122743,26.0516559561266,0 -97.5525677922937,26.0516790884015,0</coordinates></LineString></MultiGeometry>
  </Placemark>
  <Placemark id="lago_sec1sec2_map_vitto_20250623_RevA_non_hatch.12">
	<Style><LineStyle><color>ff0000ff</color></LineStyle><PolyStyle><fill>0</fill></PolyStyle></Style>
	<ExtendedData><SchemaData schemaUrl="#lago_sec1sec2_map_vitto_20250623_RevA_non_hatch">
		<SimpleData name="Layer">PLAT-BORDER-S2</SimpleData>
		<SimpleData name="SubClasses">AcDbEntity:AcDbLine</SimpleData>
		<SimpleData name="EntityHandle">172</SimpleData>
	</SchemaData></ExtendedData>
      <MultiGeometry><LineString><coordinates>-97.5530256729301,26.0516717783935,0 -97.5527216122743,26.0516559561266,0</coordinates></LineString></MultiGeometry>
  </Placemark>
  <Placemark id="lago_sec1sec2_map_vitto_20250623_RevA_non_hatch.13">
	<Style><LineStyle><color>ff0000ff</color></LineStyle><PolyStyle><fill>0</fill></PolyStyle></Style>
	<ExtendedData><SchemaData schemaUrl="#lago_sec1sec2_map_vitto_20250623_RevA_non_hatch">
		<SimpleData name="Layer">PLAT-EASEMENT-S2</SimpleData>
		<SimpleData name="SubClasses">AcDbEntity:AcDbLine</SimpleData>
		<SimpleData name="Linetype">HIDDEN2</SimpleData>
		<SimpleData name="EntityHandle">173</SimpleData>
	</SchemaData></ExtendedData>
      <MultiGeometry><LineString><coordinates>-97.5530239213199,26.0516992438141,0 -97.552719860591,26.0516834215434,0</coordinates></LineString></MultiGeometry>
  </Placemark>
  <Placemark id="lago_sec1sec2_map_vitto_20250623_RevA_non_hatch.14">
	<Style><LineStyle><color>ff0000ff</color></LineStyle><PolyStyle><fill>0</fill></PolyStyle></Style>
	<ExtendedData><SchemaData schemaUrl="#lago_sec1sec2_map_vitto_20250623_RevA_non_hatch">
		<SimpleData name="Layer">PLAT-BORDER-S2</SimpleData>
		<SimpleData name="SubClasses">AcDbEntity:AcDbLine</SimpleData>
		<SimpleData name="EntityHandle">174</SimpleData>
	</SchemaData></ExtendedData>
      <MultiGeometry><LineString><coordinates>-97.5525677922937,26.0516790884015,0 -97.5521162502376,26.0516249579221,0</coordinates></LineString></MultiGeometry>
  </Placemark>
  <Placemark id="lago_sec1sec2_map_vitto_20250623_RevA_non_hatch.15">
	<Style><LineStyle><color>ff0000ff</color></LineStyle><PolyStyle><fill>0</fill></PolyStyle></Style>
	<ExtendedData><SchemaData schemaUrl="#lago_sec1sec2_map_vitto_20250623_RevA_non_hatch">
		<SimpleData name="Layer">PLAT-EASEMENT-S2</SimpleData>
		<SimpleData name="SubClasses">AcDbEntity:AcDbLine</SimpleData>
		<SimpleData name="Linetype">HIDDEN2</SimpleData>
		<SimpleData name="EntityHandle">175</SimpleData>
	</SchemaData></ExtendedData>
      <MultiGeometry><LineString><coordinates>-97.5525651870832,26.0517134663073,0 -97.5521159344299,26.051659610291,0</coordinates></LineString></MultiGeometry>
  </Placemark>
  <Placemark id="lago_sec1sec2_map_vitto_20250623_RevA_non_hatch.16">
	<Style><LineStyle><color>ff0000ff</color></LineStyle><PolyStyle><fill>0</fill></PolyStyle></Style>
	<ExtendedData><SchemaData schemaUrl="#lago_sec1sec2_map_vitto_20250623_RevA_non_hatch">
		<SimpleData name="Layer">PLAT-EASEMENT-S2</SimpleData>
		<SimpleData name="SubClasses">AcDbEntity:AcDbLine</SimpleData>
		<SimpleData name="Linetype">HIDDEN2</SimpleData>
		<SimpleData name="EntityHandle">176</SimpleData>
	</SchemaData></ExtendedData>
      <MultiGeometry><LineString><coordinates>-97.552565834184,26.0517066058377,0 -97.5521159977251,26.0516526798332,0</coordinates></LineString></MultiGeometry>
  </Placemark>
  <Placemark id="lago_sec1sec2_map_vitto_20250623_RevA_non_hatch.17">
	<Style><LineStyle><color>ff0000ff</color></LineStyle><PolyStyle><fill>0</fill></PolyStyle></Style>
	<ExtendedData><SchemaData schemaUrl="#lago_sec1sec2_map_vitto_20250623_RevA_non_hatch">
		<SimpleData name="Layer">PLAT-BORDER-S2</SimpleData>
		<SimpleData name="SubClasses">AcDbEntity:AcDbLine</SimpleData>
		<SimpleData name="EntityHandle">177</SimpleData>
	</SchemaData></ExtendedData>
      <MultiGeometry><LineString><coordinates>-97.5525798737597,26.0538707667711,0 -97.5509517664296,26.0541995321439,0</coordinates></LineString></MultiGeometry>
  </Placemark>
  <Placemark id="lago_sec1sec2_map_vitto_20250623_RevA_non_hatch.18">
	<Style><LineStyle><color>ff0000ff</color></LineStyle><PolyStyle><fill>0</fill></PolyStyle></Style>
	<ExtendedData><SchemaData schemaUrl="#lago_sec1sec2_map_vitto_20250623_RevA_non_hatch">
		<SimpleData name="Layer">PLAT-LOTLINE-S2</SimpleData>
		<SimpleData name="SubClasses">AcDbEntity:AcDbLine</SimpleData>
		<SimpleData name="EntityHandle">179</SimpleData>
	</SchemaData></ExtendedData>
      <MultiGeometry><LineString><coordinates>-97.5521596293972,26.0536859681064,0 -97.5521393478367,26.0524480986556,0</coordinates></LineString></MultiGeometry>
  </Placemark>
  <Placemark id="lago_sec1sec2_map_vitto_20250623_RevA_non_hatch.19">
	<Style><LineStyle><color>ff0000ff</color></LineStyle><PolyStyle><fill>0</fill></PolyStyle></Style>
	<ExtendedData><SchemaData schemaUrl="#lago_sec1sec2_map_vitto_20250623_RevA_non_hatch">
		<SimpleData name="Layer">PLAT-LOTLINE-S2</SimpleData>
		<SimpleData name="SubClasses">AcDbEntity:AcDbLine</SimpleData>
		<SimpleData name="EntityHandle">17A</SimpleData>
	</SchemaData></ExtendedData>
      <MultiGeometry><LineString><coordinates>-97.5521596293972,26.0536859681064,0 -97.5522231934701,26.0539427933693,0</coordinates></LineString></MultiGeometry>
  </Placemark>
  <Placemark id="lago_sec1sec2_map_vitto_20250623_RevA_non_hatch.20">
	<Style><LineStyle><color>ff0000ff</color></LineStyle><PolyStyle><fill>0</fill></PolyStyle></Style>
	<ExtendedData><SchemaData schemaUrl="#lago_sec1sec2_map_vitto_20250623_RevA_non_hatch">
		<SimpleData name="Layer">PLAT-BORDER-S2</SimpleData>
		<SimpleData name="SubClasses">AcDbEntity:AcDbCircle:AcDbArc</SimpleData>
		<SimpleData name="EntityHandle">17B</SimpleData>
	</SchemaData></ExtendedData>
      <MultiGeometry><LineString><coordinates>-97.5528870965156,26.0538407352897,0 -97.5528958646895,26.0538392069815,0 -97.5529047169616,26.0538381455271,0 -97.5529136228927,26.0538375545765,0 -97.552922551859,26.0538374361616,0 -97.5529314731576,26.0538377906896,0 -97.5529403561121,26.0538386169415,0</coordinates></LineString></MultiGeometry>
  </Placemark>
  <Placemark id="lago_sec1sec2_map_vitto_20250623_RevA_non_hatch.21">
	<Style><LineStyle><color>ff0000ff</color></LineStyle><PolyStyle><fill>0</fill></PolyStyle></Style>
	<ExtendedData><SchemaData schemaUrl="#lago_sec1sec2_map_vitto_20250623_RevA_non_hatch">
		<SimpleData name="Layer">PLAT-BORDER-S2</SimpleData>
		<SimpleData name="SubClasses">AcDbEntity:AcDbLine</SimpleData>
		<SimpleData name="EntityHandle">17C</SimpleData>
	</SchemaData></ExtendedData>
      <MultiGeometry><LineString><coordinates>-97.5528870965156,26.0538407352897,0 -97.5527806205752,26.0538622369736,0</coordinates></LineString></MultiGeometry>
  </Placemark>
  <Placemark id="lago_sec1sec2_map_vitto_20250623_RevA_non_hatch.22">
	<Style><LineStyle><color>ff0000ff</color></LineStyle><PolyStyle><fill>0</fill></PolyStyle></Style>
	<ExtendedData><SchemaData schemaUrl="#lago_sec1sec2_map_vitto_20250623_RevA_non_hatch">
		<SimpleData name="Layer">PLAT-BORDER-S2</SimpleData>
		<SimpleData name="SubClasses">AcDbEntity:AcDbLine</SimpleData>
		<SimpleData name="EntityHandle">17D</SimpleData>
	</SchemaData></ExtendedData>
      <MultiGeometry><LineString><coordinates>-97.5527806205752,26.0538622369736,0 -97.5527460031586,26.053911512708,0</coordinates></LineString></MultiGeometry>
  </Placemark>
  <Placemark id="lago_sec1sec2_map_vitto_20250623_RevA_non_hatch.23">
	<Style><LineStyle><color>ff0000ff</color></LineStyle><PolyStyle><fill>0</fill></PolyStyle></Style>
	<ExtendedData><SchemaData schemaUrl="#lago_sec1sec2_map_vitto_20250623_RevA_non_hatch">
		<SimpleData name="Layer">PLAT-BORDER-S2</SimpleData>
		<SimpleData name="SubClasses">AcDbEntity:AcDbLine</SimpleData>
		<SimpleData name="EntityHandle">17E</SimpleData>
	</SchemaData></ExtendedData>
      <MultiGeometry><LineString><coordinates>-97.5527460031586,26.053911512708,0 -97.5525973864167,26.053941524078,0</coordinates></LineString></MultiGeometry>
  </Placemark>
  <Placemark id="lago_sec1sec2_map_vitto_20250623_RevA_non_hatch.24">
	<Style><LineStyle><color>ff0000ff</color></LineStyle><PolyStyle><fill>0</fill></PolyStyle></Style>
	<ExtendedData><SchemaData schemaUrl="#lago_sec1sec2_map_vitto_20250623_RevA_non_hatch">
		<SimpleData name="Layer">PLAT-BORDER-S2</SimpleData>
		<SimpleData name="SubClasses">AcDbEntity:AcDbLine</SimpleData>
		<SimpleData name="EntityHandle">17F</SimpleData>
	</SchemaData></ExtendedData>
      <MultiGeometry><LineString><coordinates>-97.5525973864167,26.053941524078,0 -97.5525798737597,26.0538707667711,0</coordinates></LineString></MultiGeometry>
  </Placemark>
  <Placemark id="lago_sec1sec2_map_vitto_20250623_RevA_non_hatch.25">
	<Style><LineStyle><color>ff0000ff</color></LineStyle><PolyStyle><fill>0</fill></PolyStyle></Style>
	<ExtendedData><SchemaData schemaUrl="#lago_sec1sec2_map_vitto_20250623_RevA_non_hatch">
		<SimpleData name="Layer">PLAT-LOTLINE-S2</SimpleData>
		<SimpleData name="SubClasses">AcDbEntity:AcDbLine</SimpleData>
		<SimpleData name="EntityHandle">180</SimpleData>
	</SchemaData></ExtendedData>
      <MultiGeometry><LineString><coordinates>-97.5526951976132,26.0531940460263,0 -97.5530283610342,26.0532259102523,0</coordinates></LineString></MultiGeometry>
  </Placemark>
  <Placemark id="lago_sec1sec2_map_vitto_20250623_RevA_non_hatch.26">
	<Style><LineStyle><color>ff0000ff</color></LineStyle><PolyStyle><fill>0</fill></PolyStyle></Style>
	<ExtendedData><SchemaData schemaUrl="#lago_sec1sec2_map_vitto_20250623_RevA_non_hatch">
		<SimpleData name="Layer">PLAT-LOTLINE-S2</SimpleData>
		<SimpleData name="SubClasses">AcDbEntity:AcDbLine</SimpleData>
		<SimpleData name="EntityHandle">181</SimpleData>
	</SchemaData></ExtendedData>
      <MultiGeometry><LineString><coordinates>-97.5527134368857,26.0530021753135,0 -97.5530477367097,26.0530220786983,0</coordinates></LineString></MultiGeometry>
  </Placemark>
  <Placemark id="lago_sec1sec2_map_vitto_20250623_RevA_non_hatch.27">
	<Style><LineStyle><color>ff0000ff</color></LineStyle><PolyStyle><fill>0</fill></PolyStyle></Style>
	<ExtendedData><SchemaData schemaUrl="#lago_sec1sec2_map_vitto_20250623_RevA_non_hatch">
		<SimpleData name="Layer">PLAT-LOTLINE-S2</SimpleData>
		<SimpleData name="SubClasses">AcDbEntity:AcDbLine</SimpleData>
		<SimpleData name="EntityHandle">182</SimpleData>
	</SchemaData></ExtendedData>
      <MultiGeometry><LineString><coordinates>-97.5527232369726,26.0528098021491,0 -97.5530581471131,26.0528177133926,0</coordinates></LineString></MultiGeometry>
  </Placemark>
  <Placemark id="lago_sec1sec2_map_vitto_20250623_RevA_non_hatch.28">
	<Style><LineStyle><color>ff0000ff</color></LineStyle><PolyStyle><fill>0</fill></PolyStyle></Style>
	<ExtendedData><SchemaData schemaUrl="#lago_sec1sec2_map_vitto_20250623_RevA_non_hatch">
		<SimpleData name="Layer">PLAT-LOTLINE-S2</SimpleData>
		<SimpleData name="SubClasses">AcDbEntity:AcDbLine</SimpleData>
		<SimpleData name="EntityHandle">183</SimpleData>
	</SchemaData></ExtendedData>
      <MultiGeometry><LineString><coordinates>-97.5526943632916,26.0520401723337,0 -97.5530288931482,26.0520237694641,0</coordinates></LineString></MultiGeometry>
  </Placemark>
  <Placemark id="lago_sec1sec2_map_vitto_20250623_RevA_non_hatch.29">
	<Style><LineStyle><color>ff0000ff</color></LineStyle><PolyStyle><fill>0</fill></PolyStyle></Style>
	<ExtendedData><SchemaData schemaUrl="#lago_sec1sec2_map_vitto_20250623_RevA_non_hatch">
		<SimpleData name="Layer">PLAT-LOTLINE-S2</SimpleData>
		<SimpleData name="SubClasses">AcDbEntity:AcDbCircle:AcDbArc</SimpleData>
		<SimpleData name="EntityHandle">184</SimpleData>
	</SchemaData></ExtendedData>
      <MultiGeometry><LineString><coordinates>-97.552693047122,26.0536967468553,0 -97.5526789889817,26.053622257852,0 -97.5526704759684,26.0535470865159,0 -97.5526675461693,26.0534715692593,0 -97.5526702126848,26.0533960440419,0 -97.5526784635705,26.0533208488585,0</coordinates></LineString></MultiGeometry>
  </Placemark>
  <Placemark id="lago_sec1sec2_map_vitto_20250623_RevA_non_hatch.30">
	<Style><LineStyle><color>ff0000ff</color></LineStyle><PolyStyle><fill>0</fill></PolyStyle></Style>
	<ExtendedData><SchemaData schemaUrl="#lago_sec1sec2_map_vitto_20250623_RevA_non_hatch">
		<SimpleData name="Layer">PLAT-EASEMENT-S2</SimpleData>
		<SimpleData name="SubClasses">AcDbEntity:AcDbCircle:AcDbArc</SimpleData>
		<SimpleData name="Linetype">HIDDEN2</SimpleData>
		<SimpleData name="EntityHandle">185</SimpleData>
	</SchemaData></ExtendedData>
      <MultiGeometry><LineString><coordinates>-97.5527340788845,26.0536713706683,0 -97.5527222725905,26.0536028734998,0 -97.5527153182549,26.0535338363342,0 -97.5527132440869,26.0534645392957,0 -97.5527160584935,26.0533952635624,0 -97.5527237500462,26.0533262902254,0</coordinates></LineString></MultiGeometry>
  </Placemark>
  <Placemark id="lago_sec1sec2_map_vitto_20250623_RevA_non_hatch.31">
	<Style><LineStyle><color>ff0000ff</color></LineStyle><PolyStyle><fill>0</fill></PolyStyle></Style>
	<ExtendedData><SchemaData schemaUrl="#lago_sec1sec2_map_vitto_20250623_RevA_non_hatch">
		<SimpleData name="Layer">PLAT-EASEMENT-S2</SimpleData>
		<SimpleData name="SubClasses">AcDbEntity:AcDbCircle:AcDbArc</SimpleData>
		<SimpleData name="Linetype">HIDDEN2</SimpleData>
		<SimpleData name="EntityHandle">186</SimpleData>
	</SchemaData></ExtendedData>
      <MultiGeometry><LineString><coordinates>-97.5527616859371,26.053654796649,0 -97.552751282373,26.0535902396302,0 -97.5527452918409,26.0535252270366,0 -97.5527437369911,26.053460004764,0 -97.5527466236969,26.0533948195008,0 -97.5527539410324,26.0533299177952,0</coordinates></LineString></MultiGeometry>
  </Placemark>
  <Placemark id="lago_sec1sec2_map_vitto_20250623_RevA_non_hatch.32">
	<Style><LineStyle><color>ff0000ff</color></LineStyle><PolyStyle><fill>0</fill></PolyStyle></Style>
	<ExtendedData><SchemaData schemaUrl="#lago_sec1sec2_map_vitto_20250623_RevA_non_hatch">
		<SimpleData name="Layer">PLAT-LOTLINE-S2</SimpleData>
		<SimpleData name="SubClasses">AcDbEntity:AcDbCircle:AcDbArc</SimpleData>
		<SimpleData name="EntityHandle">18B</SimpleData>
	</SchemaData></ExtendedData>
      <MultiGeometry><LineString><coordinates>-97.5526918343988,26.0519980890275,0 -97.5526904924185,26.051950585565,0 -97.5526921792972,26.0519030910738,0 -97.552696889439,26.0518557629966,0 -97.5527046072262,26.0518087582241,0</coordinates></LineString></MultiGeometry>
  </Placemark>
  <Placemark id="lago_sec1sec2_map_vitto_20250623_RevA_non_hatch.33">
	<Style><LineStyle><color>ff0000ff</color></LineStyle><PolyStyle><fill>0</fill></PolyStyle></Style>
	<ExtendedData><SchemaData schemaUrl="#lago_sec1sec2_map_vitto_20250623_RevA_non_hatch">
		<SimpleData name="Layer">PLAT-DIM-EASEMENT-S2</SimpleData>
		<SimpleData name="SubClasses">AcDbEntity:AcDbCircle:AcDbArc</SimpleData>
		<SimpleData name="Linetype">HIDDEN2</SimpleData>
		<SimpleData name="EntityHandle">18C</SimpleData>
	</SchemaData></ExtendedData>
      <MultiGeometry><LineString><coordinates>-97.5527482294629,26.0518230617586,0 -97.5527495860199,26.0518159848901,0</coordinates></LineString></MultiGeometry>
  </Placemark>
  <Placemark id="lago_sec1sec2_map_vitto_20250623_RevA_non_hatch.34">
	<Style><LineStyle><color>ff0000ff</color></LineStyle><PolyStyle><fill>0</fill></PolyStyle></Style>
	<ExtendedData><SchemaData schemaUrl="#lago_sec1sec2_map_vitto_20250623_RevA_non_hatch">
		<SimpleData name="Layer">PLAT-DIM-EASEMENT-S2</SimpleData>
		<SimpleData name="SubClasses">AcDbEntity:AcDbCircle:AcDbArc</SimpleData>
		<SimpleData name="Linetype">HIDDEN2</SimpleData>
		<SimpleData name="EntityHandle">18D</SimpleData>
	</SchemaData></ExtendedData>
      <MultiGeometry><LineString><coordinates>-97.5527433159892,26.0518529071579,0 -97.5527451129452,26.0518410473397,0</coordinates></LineString></MultiGeometry>
  </Placemark>
  <Placemark id="lago_sec1sec2_map_vitto_20250623_RevA_non_hatch.35">
	<Style><LineStyle><color>ff0000ff</color></LineStyle><PolyStyle><fill>0</fill></PolyStyle></Style>
	<ExtendedData><SchemaData schemaUrl="#lago_sec1sec2_map_vitto_20250623_RevA_non_hatch">
		<SimpleData name="Layer">PLAT-DIM-EASEMENT-S2</SimpleData>
		<SimpleData name="SubClasses">AcDbEntity:AcDbCircle:AcDbArc</SimpleData>
		<SimpleData name="Linetype">HIDDEN2</SimpleData>
		<SimpleData name="EntityHandle">18E</SimpleData>
	</SchemaData></ExtendedData>
      <MultiGeometry><LineString><coordinates>-97.5527777335644,26.0518305038299,0 -97.5527795718856,26.0518208026594,0</coordinates></LineString></MultiGeometry>
  </Placemark>
  <Placemark id="lago_sec1sec2_map_vitto_20250623_RevA_non_hatch.36">
	<Style><LineStyle><color>ff0000ff</color></LineStyle><PolyStyle><fill>0</fill></PolyStyle></Style>
	<ExtendedData><SchemaData schemaUrl="#lago_sec1sec2_map_vitto_20250623_RevA_non_hatch">
		<SimpleData name="Layer">PLAT-DIM-EASEMENT-S2</SimpleData>
		<SimpleData name="SubClasses">AcDbEntity:AcDbCircle:AcDbArc</SimpleData>
		<SimpleData name="Linetype">HIDDEN2</SimpleData>
		<SimpleData name="EntityHandle">18F</SimpleData>
	</SchemaData></ExtendedData>
      <MultiGeometry><LineString><coordinates>-97.5527735218651,26.0518564294103,0 -97.5527747024277,26.0518484993398,0</coordinates></LineString></MultiGeometry>
  </Placemark>
  <Placemark id="lago_sec1sec2_map_vitto_20250623_RevA_non_hatch.37">
	<Style><LineStyle><color>ff0000ff</color></LineStyle><PolyStyle><fill>0</fill></PolyStyle></Style>
	<ExtendedData><SchemaData schemaUrl="#lago_sec1sec2_map_vitto_20250623_RevA_non_hatch">
		<SimpleData name="Layer">PLAT-EASEMENT-S2</SimpleData>
		<SimpleData name="SubClasses">AcDbEntity:AcDbCircle:AcDbArc</SimpleData>
		<SimpleData name="Linetype">HIDDEN2</SimpleData>
		<SimpleData name="EntityHandle">191</SimpleData>
	</SchemaData></ExtendedData>
      <MultiGeometry><LineString><coordinates>-97.5527374482909,26.0519957890564,0 -97.5527361914901,26.0519480835882,0 -97.5527381498088,26.0519003974108,0 -97.5527433159892,26.0518529071579,0</coordinates></LineString></MultiGeometry>
  </Placemark>
  <Placemark id="lago_sec1sec2_map_vitto_20250623_RevA_non_hatch.38">
	<Style><LineStyle><color>ff0000ff</color></LineStyle><PolyStyle><fill>0</fill></PolyStyle></Style>
	<ExtendedData><SchemaData schemaUrl="#lago_sec1sec2_map_vitto_20250623_RevA_non_hatch">
		<SimpleData name="Layer">PLAT-EASEMENT-S2</SimpleData>
		<SimpleData name="SubClasses">AcDbEntity:AcDbCircle:AcDbArc</SimpleData>
		<SimpleData name="Linetype">HIDDEN2</SimpleData>
		<SimpleData name="EntityHandle">192</SimpleData>
	</SchemaData></ExtendedData>
      <MultiGeometry><LineString><coordinates>-97.5527678600876,26.0519942979102,0 -97.5527666473728,26.0519482663183,0 -97.5527685369663,26.0519022533397,0 -97.5527735218651,26.0518564294103,0</coordinates></LineString></MultiGeometry>
  </Placemark>
  <Placemark id="lago_sec1sec2_map_vitto_20250623_RevA_non_hatch.39">
	<Style><LineStyle><color>ff0000ff</color></LineStyle><PolyStyle><fill>0</fill></PolyStyle></Style>
	<ExtendedData><SchemaData schemaUrl="#lago_sec1sec2_map_vitto_20250623_RevA_non_hatch">
		<SimpleData name="Layer">PLAT-LOTLINE-S2</SimpleData>
		<SimpleData name="SubClasses">AcDbEntity:AcDbCircle:AcDbArc</SimpleData>
		<SimpleData name="EntityHandle">193</SimpleData>
	</SchemaData></ExtendedData>
      <MultiGeometry><LineString><coordinates>-97.5527198921549,26.0516855828165,0 -97.5527144461397,26.0517473929058,0 -97.5527046072267,26.0518087582215,0</coordinates></LineString></MultiGeometry>
  </Placemark>
  <Placemark id="lago_sec1sec2_map_vitto_20250623_RevA_non_hatch.40">
	<Style><LineStyle><color>ff0000ff</color></LineStyle><PolyStyle><fill>0</fill></PolyStyle></Style>
	<ExtendedData><SchemaData schemaUrl="#lago_sec1sec2_map_vitto_20250623_RevA_non_hatch">
		<SimpleData name="Layer">PLAT-EASEMENT-S2</SimpleData>
		<SimpleData name="SubClasses">AcDbEntity:AcDbCircle:AcDbArc</SimpleData>
		<SimpleData name="Linetype">HIDDEN2</SimpleData>
		<SimpleData name="EntityHandle">194</SimpleData>
	</SchemaData></ExtendedData>
      <MultiGeometry><LineString><coordinates>-97.5527655259665,26.0516875305314,0 -97.5527598465763,26.0517519896264,0 -97.5527495860204,26.0518159848876,0</coordinates></LineString></MultiGeometry>
  </Placemark>
  <Placemark id="lago_sec1sec2_map_vitto_20250623_RevA_non_hatch.41">
	<Style><LineStyle><color>ff0000ff</color></LineStyle><PolyStyle><fill>0</fill></PolyStyle></Style>
	<ExtendedData><SchemaData schemaUrl="#lago_sec1sec2_map_vitto_20250623_RevA_non_hatch">
		<SimpleData name="Layer">PLAT-EASEMENT-S2</SimpleData>
		<SimpleData name="SubClasses">AcDbEntity:AcDbCircle:AcDbArc</SimpleData>
		<SimpleData name="Linetype">HIDDEN2</SimpleData>
		<SimpleData name="EntityHandle">195</SimpleData>
	</SchemaData></ExtendedData>
      <MultiGeometry><LineString><coordinates>-97.5527955870741,26.0516953064887,0 -97.5527897080269,26.0517582762051,0 -97.5527795718861,26.0518208026569,0</coordinates></LineString></MultiGeometry>
  </Placemark>
  <Placemark id="lago_sec1sec2_map_vitto_20250623_RevA_non_hatch.42">
	<Style><LineStyle><color>ff0000ff</color></LineStyle><PolyStyle><fill>0</fill></PolyStyle></Style>
	<ExtendedData><SchemaData schemaUrl="#lago_sec1sec2_map_vitto_20250623_RevA_non_hatch">
		<SimpleData name="Layer">PLAT-LOTLINE-S2</SimpleData>
		<SimpleData name="SubClasses">AcDbEntity:AcDbCircle:AcDbArc</SimpleData>
		<SimpleData name="EntityHandle">196</SimpleData>
	</SchemaData></ExtendedData>
      <MultiGeometry><LineString><coordinates>-97.5527172699613,26.0524213653044,0 -97.5527249007915,26.0527218617656,0 -97.5527119289102,26.0530222088215,0 -97.5526784038845,26.0533212550393,0</coordinates></LineString></MultiGeometry>
  </Placemark>
  <Placemark id="lago_sec1sec2_map_vitto_20250623_RevA_non_hatch.43">
	<Style><LineStyle><color>ff0000ff</color></LineStyle><PolyStyle><fill>0</fill></PolyStyle></Style>
	<ExtendedData><SchemaData schemaUrl="#lago_sec1sec2_map_vitto_20250623_RevA_non_hatch">
		<SimpleData name="Layer">PLAT-EASEMENT-S2</SimpleData>
		<SimpleData name="SubClasses">AcDbEntity:AcDbCircle:AcDbArc</SimpleData>
		<SimpleData name="Linetype">HIDDEN2</SimpleData>
		<SimpleData name="EntityHandle">197</SimpleData>
	</SchemaData></ExtendedData>
      <MultiGeometry><LineString><coordinates>-97.552762888643,26.052419142211,0 -97.5527705844613,26.0527221930717,0 -97.5527575024323,26.053025093264,0 -97.5527236925426,26.0533266815672,0</coordinates></LineString></MultiGeometry>
  </Placemark>
  <Placemark id="lago_sec1sec2_map_vitto_20250623_RevA_non_hatch.44">
	<Style><LineStyle><color>ff0000ff</color></LineStyle><PolyStyle><fill>0</fill></PolyStyle></Style>
	<ExtendedData><SchemaData schemaUrl="#lago_sec1sec2_map_vitto_20250623_RevA_non_hatch">
		<SimpleData name="Layer">PLAT-EASEMENT-S2</SimpleData>
		<SimpleData name="SubClasses">AcDbEntity:AcDbCircle:AcDbArc</SimpleData>
		<SimpleData name="Linetype">HIDDEN2</SimpleData>
		<SimpleData name="EntityHandle">198</SimpleData>
	</SchemaData></ExtendedData>
      <MultiGeometry><LineString><coordinates>-97.5527933010964,26.0524176601404,0 -97.5528010402413,26.0527224139341,0 -97.5527878847816,26.0530270162174,0 -97.5527538849838,26.0533302992442,0</coordinates></LineString></MultiGeometry>
  </Placemark>
  <Placemark id="lago_sec1sec2_map_vitto_20250623_RevA_non_hatch.45">
	<Style><LineStyle><color>ff0000ff</color></LineStyle><PolyStyle><fill>0</fill></PolyStyle></Style>
	<ExtendedData><SchemaData schemaUrl="#lago_sec1sec2_map_vitto_20250623_RevA_non_hatch">
		<SimpleData name="Layer">PLAT-LOTLINE-S2</SimpleData>
		<SimpleData name="SubClasses">AcDbEntity:AcDbLine</SimpleData>
		<SimpleData name="EntityHandle">1A5</SimpleData>
	</SchemaData></ExtendedData>
      <MultiGeometry><LineString><coordinates>-97.5530213213221,26.0518644479235,0 -97.5526980071787,26.0518476237672,0</coordinates></LineString></MultiGeometry>
  </Placemark>
  <Placemark id="lago_sec1sec2_map_vitto_20250623_RevA_non_hatch.46">
	<Style><LineStyle><color>ff0000ff</color></LineStyle><PolyStyle><fill>0</fill></PolyStyle></Style>
	<ExtendedData><SchemaData schemaUrl="#lago_sec1sec2_map_vitto_20250623_RevA_non_hatch">
		<SimpleData name="Layer">PLAT-EASEMENT-S2</SimpleData>
		<SimpleData name="SubClasses">AcDbEntity:AcDbCircle:AcDbArc</SimpleData>
		<SimpleData name="Linetype">HIDDEN2</SimpleData>
		<SimpleData name="EntityHandle">1A7</SimpleData>
	</SchemaData></ExtendedData>
      <MultiGeometry><LineString><coordinates>-97.5527655259664,26.0516875305328,0 -97.5527672212872,26.0516583307622,0</coordinates></LineString></MultiGeometry>
  </Placemark>
  <Placemark id="lago_sec1sec2_map_vitto_20250623_RevA_non_hatch.47">
	<Style><LineStyle><color>ff0000ff</color></LineStyle><PolyStyle><fill>0</fill></PolyStyle></Style>
	<ExtendedData><SchemaData schemaUrl="#lago_sec1sec2_map_vitto_20250623_RevA_non_hatch">
		<SimpleData name="Layer">PLAT-EASEMENT-S2</SimpleData>
		<SimpleData name="SubClasses">AcDbEntity:AcDbCircle:AcDbArc</SimpleData>
		<SimpleData name="Linetype">HIDDEN2</SimpleData>
		<SimpleData name="EntityHandle">1A8</SimpleData>
	</SchemaData></ExtendedData>
      <MultiGeometry><LineString><coordinates>-97.5527962974641,26.0516823191279,0 -97.5527976272967,26.0516599138477,0</coordinates></LineString></MultiGeometry>
  </Placemark>
  <Placemark id="lago_sec1sec2_map_vitto_20250623_RevA_non_hatch.48">
	<ExtendedData><SchemaData schemaUrl="#lago_sec1sec2_map_vitto_20250623_RevA_non_hatch">
		<SimpleData name="Layer">PLAT-TEXT-S2</SimpleData>
		<SimpleData name="SubClasses">AcDbEntity:AcDbText:AcDbText</SimpleData>
		<SimpleData name="EntityHandle">1A9</SimpleData>
		<SimpleData name="Text">11</SimpleData>
	</SchemaData></ExtendedData>
      <MultiGeometry><Point><coordinates>-97.5529144772313,26.0526954067435,0</coordinates></Point></MultiGeometry>
  </Placemark>
  <Placemark id="lago_sec1sec2_map_vitto_20250623_RevA_non_hatch.49">
	<ExtendedData><SchemaData schemaUrl="#lago_sec1sec2_map_vitto_20250623_RevA_non_hatch">
		<SimpleData name="Layer">PLAT-TEXT-S2</SimpleData>
		<SimpleData name="SubClasses">AcDbEntity:AcDbText:AcDbText</SimpleData>
		<SimpleData name="EntityHandle">1AB</SimpleData>
		<SimpleData name="Text">13</SimpleData>
	</SchemaData></ExtendedData>
      <MultiGeometry><Point><coordinates>-97.5528918787452,26.0530949309554,0</coordinates></Point></MultiGeometry>
  </Placemark>
  <Placemark id="lago_sec1sec2_map_vitto_20250623_RevA_non_hatch.50">
	<ExtendedData><SchemaData schemaUrl="#lago_sec1sec2_map_vitto_20250623_RevA_non_hatch">
		<SimpleData name="Layer">PLAT-TEXT-S2</SimpleData>
		<SimpleData name="SubClasses">AcDbEntity:AcDbText:AcDbText</SimpleData>
		<SimpleData name="EntityHandle">1AC</SimpleData>
		<SimpleData name="Text">14</SimpleData>
	</SchemaData></ExtendedData>
      <MultiGeometry><Point><coordinates>-97.5528643043792,26.0532771612695,0</coordinates></Point></MultiGeometry>
  </Placemark>
  <Placemark id="lago_sec1sec2_map_vitto_20250623_RevA_non_hatch.51">
	<Style><LineStyle><color>ff0000ff</color></LineStyle><PolyStyle><fill>0</fill></PolyStyle></Style>
	<ExtendedData><SchemaData schemaUrl="#lago_sec1sec2_map_vitto_20250623_RevA_non_hatch">
		<SimpleData name="Layer">PLAT-LOTLINE-S2</SimpleData>
		<SimpleData name="SubClasses">AcDbEntity:AcDbLine</SimpleData>
		<SimpleData name="EntityHandle">1AD</SimpleData>
	</SchemaData></ExtendedData>
      <MultiGeometry><LineString><coordinates>-97.5526710410404,26.0533853826122,0 -97.5530011322174,26.0534249518752,0</coordinates></LineString></MultiGeometry>
  </Placemark>
  <Placemark id="lago_sec1sec2_map_vitto_20250623_RevA_non_hatch.52">
	<ExtendedData><SchemaData schemaUrl="#lago_sec1sec2_map_vitto_20250623_RevA_non_hatch">
		<SimpleData name="Layer">PLAT-TEXT-S2</SimpleData>
		<SimpleData name="SubClasses">AcDbEntity:AcDbText:AcDbText</SimpleData>
		<SimpleData name="EntityHandle">1AE</SimpleData>
		<SimpleData name="Text">7</SimpleData>
	</SchemaData></ExtendedData>
      <MultiGeometry><Point><coordinates>-97.5528751020273,26.0519335713948,0</coordinates></Point></MultiGeometry>
  </Placemark>
  <Placemark id="lago_sec1sec2_map_vitto_20250623_RevA_non_hatch.53">
	<ExtendedData><SchemaData schemaUrl="#lago_sec1sec2_map_vitto_20250623_RevA_non_hatch">
		<SimpleData name="Layer">PLAT-TEXT-S2</SimpleData>
		<SimpleData name="SubClasses">AcDbEntity:AcDbText:AcDbText</SimpleData>
		<SimpleData name="EntityHandle">1AF</SimpleData>
		<SimpleData name="Text">8</SimpleData>
	</SchemaData></ExtendedData>
      <MultiGeometry><Point><coordinates>-97.5528796059507,26.0521099873838,0</coordinates></Point></MultiGeometry>
  </Placemark>
  <Placemark id="lago_sec1sec2_map_vitto_20250623_RevA_non_hatch.54">
	<ExtendedData><SchemaData schemaUrl="#lago_sec1sec2_map_vitto_20250623_RevA_non_hatch">
		<SimpleData name="Layer">PLAT-TEXT-S2</SimpleData>
		<SimpleData name="SubClasses">AcDbEntity:AcDbText:AcDbText</SimpleData>
		<SimpleData name="EntityHandle">1B0</SimpleData>
		<SimpleData name="Text">9</SimpleData>
	</SchemaData></ExtendedData>
      <MultiGeometry><Point><coordinates>-97.5528912344182,26.0523096987331,0</coordinates></Point></MultiGeometry>
  </Placemark>
  <Placemark id="lago_sec1sec2_map_vitto_20250623_RevA_non_hatch.55">
	<ExtendedData><SchemaData schemaUrl="#lago_sec1sec2_map_vitto_20250623_RevA_non_hatch">
		<SimpleData name="Layer">PLAT-TEXT-S2</SimpleData>
		<SimpleData name="SubClasses">AcDbEntity:AcDbText:AcDbText</SimpleData>
		<SimpleData name="EntityHandle">1B1</SimpleData>
		<SimpleData name="Text">10</SimpleData>
	</SchemaData></ExtendedData>
      <MultiGeometry><Point><coordinates>-97.5529023989415,26.0524948912036,0</coordinates></Point></MultiGeometry>
  </Placemark>
  <Placemark id="lago_sec1sec2_map_vitto_20250623_RevA_non_hatch.56">
	<ExtendedData><SchemaData schemaUrl="#lago_sec1sec2_map_vitto_20250623_RevA_non_hatch">
		<SimpleData name="Layer">PLAT-TEXT-S2</SimpleData>
		<SimpleData name="SubClasses">AcDbEntity:AcDbText:AcDbText</SimpleData>
		<SimpleData name="EntityHandle">1B2</SimpleData>
		<SimpleData name="Text">12</SimpleData>
	</SchemaData></ExtendedData>
      <MultiGeometry><Point><coordinates>-97.5529013998279,26.0529046271503,0</coordinates></Point></MultiGeometry>
  </Placemark>
  <Placemark id="lago_sec1sec2_map_vitto_20250623_RevA_non_hatch.57">
	<ExtendedData><SchemaData schemaUrl="#lago_sec1sec2_map_vitto_20250623_RevA_non_hatch">
		<SimpleData name="Layer">PLAT-TEXT-S2</SimpleData>
		<SimpleData name="SubClasses">AcDbEntity:AcDbText:AcDbText</SimpleData>
		<SimpleData name="EntityHandle">1B3</SimpleData>
		<SimpleData name="Text">15</SimpleData>
	</SchemaData></ExtendedData>
      <MultiGeometry><Point><coordinates>-97.5528288378348,26.0535267659977,0</coordinates></Point></MultiGeometry>
  </Placemark>
  <Placemark id="lago_sec1sec2_map_vitto_20250623_RevA_non_hatch.58">
	<ExtendedData><SchemaData schemaUrl="#lago_sec1sec2_map_vitto_20250623_RevA_non_hatch">
		<SimpleData name="Layer">PLAT-DIM-S2</SimpleData>
		<SimpleData name="SubClasses">AcDbEntity:AcDbText:AcDbText</SimpleData>
		<SimpleData name="EntityHandle">1B4</SimpleData>
		<SimpleData name="Text">N87°34'43&quot;W</SimpleData>
	</SchemaData></ExtendedData>
      <MultiGeometry><Point><coordinates>-97.5528137166474,26.0518445291504,0</coordinates></Point></MultiGeometry>
  </Placemark>
  <Placemark id="lago_sec1sec2_map_vitto_20250623_RevA_non_hatch.59">
	<Style><LineStyle><color>ff0000ff</color></LineStyle><PolyStyle><fill>0</fill></PolyStyle></Style>
	<ExtendedData><SchemaData schemaUrl="#lago_sec1sec2_map_vitto_20250623_RevA_non_hatch">
		<SimpleData name="Layer">PLAT-LOTLINE-S2</SimpleData>
		<SimpleData name="SubClasses">AcDbEntity:AcDbLine</SimpleData>
		<SimpleData name="EntityHandle">1B6</SimpleData>
	</SchemaData></ExtendedData>
      <MultiGeometry><LineString><coordinates>-97.5526918305944,26.0519980257638,0 -97.5527172699613,26.0524213653045,0</coordinates></LineString></MultiGeometry>
  </Placemark>
  <Placemark id="lago_sec1sec2_map_vitto_20250623_RevA_non_hatch.60">
	<Style><LineStyle><color>ff0000ff</color></LineStyle><PolyStyle><fill>0</fill></PolyStyle></Style>
	<ExtendedData><SchemaData schemaUrl="#lago_sec1sec2_map_vitto_20250623_RevA_non_hatch">
		<SimpleData name="Layer">PLAT-EASEMENT-S2</SimpleData>
		<SimpleData name="SubClasses">AcDbEntity:AcDbLine</SimpleData>
		<SimpleData name="Linetype">HIDDEN2</SimpleData>
		<SimpleData name="EntityHandle">1B7</SimpleData>
	</SchemaData></ExtendedData>
      <MultiGeometry><LineString><coordinates>-97.5527374482909,26.0519957890569,0 -97.5527627921275,26.0524175311855,0</coordinates></LineString></MultiGeometry>
  </Placemark>
  <Placemark id="lago_sec1sec2_map_vitto_20250623_RevA_non_hatch.61">
	<Style><LineStyle><color>ff0000ff</color></LineStyle><PolyStyle><fill>0</fill></PolyStyle></Style>
	<ExtendedData><SchemaData schemaUrl="#lago_sec1sec2_map_vitto_20250623_RevA_non_hatch">
		<SimpleData name="Layer">PLAT-EASEMENT-S2</SimpleData>
		<SimpleData name="SubClasses">AcDbEntity:AcDbLine</SimpleData>
		<SimpleData name="Linetype">HIDDEN2</SimpleData>
		<SimpleData name="EntityHandle">1B8</SimpleData>
	</SchemaData></ExtendedData>
      <MultiGeometry><LineString><coordinates>-97.5527678600877,26.0519942979107,0 -97.5527932040365,26.0524160400337,0</coordinates></LineString></MultiGeometry>
  </Placemark>
  <Placemark id="lago_sec1sec2_map_vitto_20250623_RevA_non_hatch.62">
	<Style><LineStyle><color>ff0000ff</color></LineStyle><PolyStyle><fill>0</fill></PolyStyle></Style>
	<ExtendedData><SchemaData schemaUrl="#lago_sec1sec2_map_vitto_20250623_RevA_non_hatch">
		<SimpleData name="Layer">PLAT-LOTLINE-S2</SimpleData>
		<SimpleData name="SubClasses">AcDbEntity:AcDbLine</SimpleData>
		<SimpleData name="EntityHandle">1B9</SimpleData>
	</SchemaData></ExtendedData>
      <MultiGeometry><LineString><coordinates>-97.5530517052497,26.052403365291,0 -97.5527171739894,26.0524197682307,0</coordinates></LineString></MultiGeometry>
  </Placemark>
  <Placemark id="lago_sec1sec2_map_vitto_20250623_RevA_non_hatch.63">
	<Style><LineStyle><color>ff0000ff</color></LineStyle><PolyStyle><fill>0</fill></PolyStyle></Style>
	<ExtendedData><SchemaData schemaUrl="#lago_sec1sec2_map_vitto_20250623_RevA_non_hatch">
		<SimpleData name="Layer">PLAT-LOTLINE-S2</SimpleData>
		<SimpleData name="SubClasses">AcDbEntity:AcDbLine</SimpleData>
		<SimpleData name="EntityHandle">1BA</SimpleData>
	</SchemaData></ExtendedData>
      <MultiGeometry><LineString><coordinates>-97.5530403142865,26.0522138187493,0 -97.5527057838733,26.0522302216469,0</coordinates></LineString></MultiGeometry>
  </Placemark>
  <Placemark id="lago_sec1sec2_map_vitto_20250623_RevA_non_hatch.64">
	<ExtendedData><SchemaData schemaUrl="#lago_sec1sec2_map_vitto_20250623_RevA_non_hatch">
		<SimpleData name="Layer">PLAT-DIM-S2</SimpleData>
		<SimpleData name="SubClasses">AcDbEntity:AcDbText:AcDbText</SimpleData>
		<SimpleData name="EntityHandle">1BB</SimpleData>
		<SimpleData name="Text">N86°01'02&quot;E</SimpleData>
	</SchemaData></ExtendedData>
      <MultiGeometry><Point><coordinates>-97.5528045283815,26.0520277603041,0</coordinates></Point></MultiGeometry>
  </Placemark>
  <Placemark id="lago_sec1sec2_map_vitto_20250623_RevA_non_hatch.65">
	<ExtendedData><SchemaData schemaUrl="#lago_sec1sec2_map_vitto_20250623_RevA_non_hatch">
		<SimpleData name="Layer">PLAT-DIM-S2</SimpleData>
		<SimpleData name="SubClasses">AcDbEntity:AcDbText:AcDbText</SimpleData>
		<SimpleData name="EntityHandle">1BC</SimpleData>
		<SimpleData name="Text">N86°01'02&quot;E</SimpleData>
	</SchemaData></ExtendedData>
      <MultiGeometry><Point><coordinates>-97.5528274665643,26.0522163919909,0</coordinates></Point></MultiGeometry>
  </Placemark>
  <Placemark id="lago_sec1sec2_map_vitto_20250623_RevA_non_hatch.66">
	<ExtendedData><SchemaData schemaUrl="#lago_sec1sec2_map_vitto_20250623_RevA_non_hatch">
		<SimpleData name="Layer">PLAT-DIM-S2</SimpleData>
		<SimpleData name="SubClasses">AcDbEntity:AcDbText:AcDbText</SimpleData>
		<SimpleData name="EntityHandle">1BD</SimpleData>
		<SimpleData name="Text">N86°01'02&quot;E</SimpleData>
	</SchemaData></ExtendedData>
      <MultiGeometry><Point><coordinates>-97.5527803651082,26.0524072491212,0</coordinates></Point></MultiGeometry>
  </Placemark>
  <Placemark id="lago_sec1sec2_map_vitto_20250623_RevA_non_hatch.67">
	<ExtendedData><SchemaData schemaUrl="#lago_sec1sec2_map_vitto_20250623_RevA_non_hatch">
		<SimpleData name="Layer">PLAT-DIM-S2</SimpleData>
		<SimpleData name="SubClasses">AcDbEntity:AcDbText:AcDbText</SimpleData>
		<SimpleData name="EntityHandle">1BE</SimpleData>
		<SimpleData name="Text">N88°20'58&quot;E</SimpleData>
	</SchemaData></ExtendedData>
      <MultiGeometry><Point><coordinates>-97.5528336553339,26.0526073731032,0</coordinates></Point></MultiGeometry>
  </Placemark>
  <Placemark id="lago_sec1sec2_map_vitto_20250623_RevA_non_hatch.68">
	<ExtendedData><SchemaData schemaUrl="#lago_sec1sec2_map_vitto_20250623_RevA_non_hatch">
		<SimpleData name="Layer">PLAT-DIM-S2</SimpleData>
		<SimpleData name="SubClasses">AcDbEntity:AcDbText:AcDbText</SimpleData>
		<SimpleData name="EntityHandle">1BF</SimpleData>
		<SimpleData name="Text">N89°22'39&quot;W</SimpleData>
	</SchemaData></ExtendedData>
      <MultiGeometry><Point><coordinates>-97.5528436682912,26.0528061099649,0</coordinates></Point></MultiGeometry>
  </Placemark>
  <Placemark id="lago_sec1sec2_map_vitto_20250623_RevA_non_hatch.69">
	<ExtendedData><SchemaData schemaUrl="#lago_sec1sec2_map_vitto_20250623_RevA_non_hatch">
		<SimpleData name="Layer">PLAT-DIM-S2</SimpleData>
		<SimpleData name="SubClasses">AcDbEntity:AcDbText:AcDbText</SimpleData>
		<SimpleData name="EntityHandle">1C0</SimpleData>
		<SimpleData name="Text">N87°06'17&quot;W</SimpleData>
	</SchemaData></ExtendedData>
      <MultiGeometry><Point><coordinates>-97.5528116603919,26.0529986007541,0</coordinates></Point></MultiGeometry>
  </Placemark>
  <Placemark id="lago_sec1sec2_map_vitto_20250623_RevA_non_hatch.70">
	<ExtendedData><SchemaData schemaUrl="#lago_sec1sec2_map_vitto_20250623_RevA_non_hatch">
		<SimpleData name="Layer">PLAT-DIM-S2</SimpleData>
		<SimpleData name="SubClasses">AcDbEntity:AcDbText:AcDbText</SimpleData>
		<SimpleData name="EntityHandle">1C1</SimpleData>
		<SimpleData name="Text">N84°49'54&quot;W</SimpleData>
	</SchemaData></ExtendedData>
      <MultiGeometry><Point><coordinates>-97.5528248491939,26.0531877496561,0</coordinates></Point></MultiGeometry>
  </Placemark>
  <Placemark id="lago_sec1sec2_map_vitto_20250623_RevA_non_hatch.71">
	<Style><LineStyle><color>ff0000ff</color></LineStyle><PolyStyle><fill>0</fill></PolyStyle></Style>
	<ExtendedData><SchemaData schemaUrl="#lago_sec1sec2_map_vitto_20250623_RevA_non_hatch">
		<SimpleData name="Layer">PLAT-LOTLINE-S2</SimpleData>
		<SimpleData name="SubClasses">AcDbEntity:AcDbCircle:AcDbArc</SimpleData>
		<SimpleData name="EntityHandle">1C2</SimpleData>
	</SchemaData></ExtendedData>
      <MultiGeometry><LineString><coordinates>-97.5528538711451,26.0537064943369,0 -97.5528714074729,26.0537034377242,0 -97.5528891119963,26.053701314818,0 -97.552906923837,26.0537001329182,0 -97.5529247817481,26.0536998960887,0 -97.5529426243239,26.0537006051439,0 -97.5529603902117,26.0537022576457,0</coordinates></LineString></MultiGeometry>
  </Placemark>
  <Placemark id="lago_sec1sec2_map_vitto_20250623_RevA_non_hatch.72">
	<Style><LineStyle><color>ff0000ff</color></LineStyle><PolyStyle><fill>0</fill></PolyStyle></Style>
	<ExtendedData><SchemaData schemaUrl="#lago_sec1sec2_map_vitto_20250623_RevA_non_hatch">
		<SimpleData name="Layer">PLAT-EASEMENT-S2</SimpleData>
		<SimpleData name="SubClasses">AcDbEntity:AcDbCircle:AcDbArc</SimpleData>
		<SimpleData name="Linetype">HIDDEN2</SimpleData>
		<SimpleData name="EntityHandle">1C3</SimpleData>
	</SchemaData></ExtendedData>
      <MultiGeometry><LineString><coordinates>-97.5528439035492,26.0536662220501,0 -97.5528640703193,26.0536627069467,0 -97.5528844305139,26.0536602656055,0 -97.5529049141235,26.0536589064212,0 -97.5529254507137,26.0536586340674,0 -97.5529459696685,26.0536594494806,0 -97.5529664004322,26.0536613498569,0</coordinates></LineString></MultiGeometry>
  </Placemark>
  <Placemark id="lago_sec1sec2_map_vitto_20250623_RevA_non_hatch.73">
	<Style><LineStyle><color>ff0000ff</color></LineStyle><PolyStyle><fill>0</fill></PolyStyle></Style>
	<ExtendedData><SchemaData schemaUrl="#lago_sec1sec2_map_vitto_20250623_RevA_non_hatch">
		<SimpleData name="Layer">PLAT-EASEMENT-S2</SimpleData>
		<SimpleData name="SubClasses">AcDbEntity:AcDbCircle:AcDbArc</SimpleData>
		<SimpleData name="Linetype">HIDDEN2</SimpleData>
		<SimpleData name="EntityHandle">1C4</SimpleData>
	</SchemaData></ExtendedData>
      <MultiGeometry><LineString><coordinates>-97.5528372584892,26.0536393738585,0 -97.5528591788864,26.0536355530949,0 -97.5528813095276,26.0536328994638,0 -97.5529035743152,26.05363142209,0 -97.5529258966906,26.0536311260533,0 -97.5529481998969,26.0536320123718,0 -97.5529704072434,26.0536340779977,0</coordinates></LineString></MultiGeometry>
  </Placemark>
  <Placemark id="lago_sec1sec2_map_vitto_20250623_RevA_non_hatch.74">
	<Style><LineStyle><color>ff0000ff</color></LineStyle><PolyStyle><fill>0</fill></PolyStyle></Style>
	<ExtendedData><SchemaData schemaUrl="#lago_sec1sec2_map_vitto_20250623_RevA_non_hatch">
		<SimpleData name="Layer">PLAT-LOTLINE-S2</SimpleData>
		<SimpleData name="SubClasses">AcDbEntity:AcDbLine</SimpleData>
		<SimpleData name="EntityHandle">1C5</SimpleData>
	</SchemaData></ExtendedData>
      <MultiGeometry><LineString><coordinates>-97.552853871145,26.0537064943369,0 -97.5527473953238,26.0537279959951,0</coordinates></LineString></MultiGeometry>
  </Placemark>
  <Placemark id="lago_sec1sec2_map_vitto_20250623_RevA_non_hatch.75">
	<Style><LineStyle><color>ff0000ff</color></LineStyle><PolyStyle><fill>0</fill></PolyStyle></Style>
	<ExtendedData><SchemaData schemaUrl="#lago_sec1sec2_map_vitto_20250623_RevA_non_hatch">
		<SimpleData name="Layer">PLAT-EASEMENT-S2</SimpleData>
		<SimpleData name="SubClasses">AcDbEntity:AcDbLine</SimpleData>
		<SimpleData name="Linetype">HIDDEN2</SimpleData>
		<SimpleData name="EntityHandle">1C6</SimpleData>
	</SchemaData></ExtendedData>
      <MultiGeometry><LineString><coordinates>-97.5528439035491,26.0536662220501,0 -97.5527559530838,26.0536839827158,0</coordinates></LineString></MultiGeometry>
  </Placemark>
  <Placemark id="lago_sec1sec2_map_vitto_20250623_RevA_non_hatch.76">
	<Style><LineStyle><color>ff0000ff</color></LineStyle><PolyStyle><fill>0</fill></PolyStyle></Style>
	<ExtendedData><SchemaData schemaUrl="#lago_sec1sec2_map_vitto_20250623_RevA_non_hatch">
		<SimpleData name="Layer">PLAT-EASEMENT-S2</SimpleData>
		<SimpleData name="SubClasses">AcDbEntity:AcDbLine</SimpleData>
		<SimpleData name="Linetype">HIDDEN2</SimpleData>
		<SimpleData name="EntityHandle">1C7</SimpleData>
	</SchemaData></ExtendedData>
      <MultiGeometry><LineString><coordinates>-97.5528372584891,26.0536393738586,0 -97.5527616554479,26.0536546410961,0</coordinates></LineString></MultiGeometry>
  </Placemark>
  <Placemark id="lago_sec1sec2_map_vitto_20250623_RevA_non_hatch.77">
	<Style><LineStyle><color>ff0000ff</color></LineStyle><PolyStyle><fill>0</fill></PolyStyle></Style>
	<ExtendedData><SchemaData schemaUrl="#lago_sec1sec2_map_vitto_20250623_RevA_non_hatch">
		<SimpleData name="Layer">PLAT-LOTLINE-S2</SimpleData>
		<SimpleData name="SubClasses">AcDbEntity:AcDbLine</SimpleData>
		<SimpleData name="EntityHandle">1C8</SimpleData>
	</SchemaData></ExtendedData>
      <MultiGeometry><LineString><coordinates>-97.5526930328209,26.0536966838665,0 -97.5527473953238,26.0537279959951,0</coordinates></LineString></MultiGeometry>
  </Placemark>
  <Placemark id="lago_sec1sec2_map_vitto_20250623_RevA_non_hatch.78">
	<Style><LineStyle><color>ff0000ff</color></LineStyle><PolyStyle><fill>0</fill></PolyStyle></Style>
	<ExtendedData><SchemaData schemaUrl="#lago_sec1sec2_map_vitto_20250623_RevA_non_hatch">
		<SimpleData name="Layer">PLAT-EASEMENT-S2</SimpleData>
		<SimpleData name="SubClasses">AcDbEntity:AcDbLine</SimpleData>
		<SimpleData name="Linetype">HIDDEN2</SimpleData>
		<SimpleData name="EntityHandle">1C9</SimpleData>
	</SchemaData></ExtendedData>
      <MultiGeometry><LineString><coordinates>-97.5527340819162,26.0536713851958,0 -97.5527559530838,26.0536839827158,0</coordinates></LineString></MultiGeometry>
  </Placemark>
  <Placemark id="lago_sec1sec2_map_vitto_20250623_RevA_non_hatch.79">
	<ExtendedData><SchemaData schemaUrl="#lago_sec1sec2_map_vitto_20250623_RevA_non_hatch">
		<SimpleData name="Layer">PLAT-DIM-S2</SimpleData>
		<SimpleData name="SubClasses">AcDbEntity:AcDbMText</SimpleData>
		<SimpleData name="EntityHandle">1CA</SimpleData>
		<SimpleData name="Text">109.33'</SimpleData>
	</SchemaData></ExtendedData>
      <MultiGeometry><Point><coordinates>-97.5529011402794,26.0534020102543,0</coordinates></Point></MultiGeometry>
  </Placemark>
  <Placemark id="lago_sec1sec2_map_vitto_20250623_RevA_non_hatch.80">
	<ExtendedData><SchemaData schemaUrl="#lago_sec1sec2_map_vitto_20250623_RevA_non_hatch">
		<SimpleData name="Layer">PLAT-DIM-S2</SimpleData>
		<SimpleData name="SubClasses">AcDbEntity:AcDbText:AcDbText</SimpleData>
		<SimpleData name="EntityHandle">1CB</SimpleData>
		<SimpleData name="Text">N83°18'58&quot;W</SimpleData>
	</SchemaData></ExtendedData>
      <MultiGeometry><Point><coordinates>-97.5527582152696,26.0533898536464,0</coordinates></Point></MultiGeometry>
  </Placemark>
  <Placemark id="lago_sec1sec2_map_vitto_20250623_RevA_non_hatch.81">
	<ExtendedData><SchemaData schemaUrl="#lago_sec1sec2_map_vitto_20250623_RevA_non_hatch">
		<SimpleData name="Layer">PLAT-DIM-S2</SimpleData>
		<SimpleData name="SubClasses">AcDbEntity:AcDbMText</SimpleData>
		<SimpleData name="EntityHandle">1CC</SimpleData>
		<SimpleData name="Text">L=113.75'</SimpleData>
	</SchemaData></ExtendedData>
      <MultiGeometry><Point><coordinates>-97.5526847117589,26.0535480889298,0</coordinates></Point></MultiGeometry>
  </Placemark>
  <Placemark id="lago_sec1sec2_map_vitto_20250623_RevA_non_hatch.82">
	<ExtendedData><SchemaData schemaUrl="#lago_sec1sec2_map_vitto_20250623_RevA_non_hatch">
		<SimpleData name="Layer">PLAT-DIM-S2</SimpleData>
		<SimpleData name="SubClasses">AcDbEntity:AcDbMText</SimpleData>
		<SimpleData name="EntityHandle">1CD</SimpleData>
		<SimpleData name="Text">L=76.30'</SimpleData>
	</SchemaData></ExtendedData>
      <MultiGeometry><Point><coordinates>-97.5530303345526,26.0525117830113,0</coordinates></Point></MultiGeometry>
  </Placemark>
  <Placemark id="lago_sec1sec2_map_vitto_20250623_RevA_non_hatch.83">
	<ExtendedData><SchemaData schemaUrl="#lago_sec1sec2_map_vitto_20250623_RevA_non_hatch">
		<SimpleData name="Layer">PLAT-DIM-S2</SimpleData>
		<SimpleData name="SubClasses">AcDbEntity:AcDbMText</SimpleData>
		<SimpleData name="EntityHandle">1CE</SimpleData>
		<SimpleData name="Text">L=74.37'</SimpleData>
	</SchemaData></ExtendedData>
      <MultiGeometry><Point><coordinates>-97.5530293585851,26.0529247789217,0</coordinates></Point></MultiGeometry>
  </Placemark>
  <Placemark id="lago_sec1sec2_map_vitto_20250623_RevA_non_hatch.84">
	<ExtendedData><SchemaData schemaUrl="#lago_sec1sec2_map_vitto_20250623_RevA_non_hatch">
		<SimpleData name="Layer">PLAT-DIM-S2</SimpleData>
		<SimpleData name="SubClasses">AcDbEntity:AcDbMText</SimpleData>
		<SimpleData name="EntityHandle">1CF</SimpleData>
		<SimpleData name="Text">L=74.37'</SimpleData>
	</SchemaData></ExtendedData>
      <MultiGeometry><Point><coordinates>-97.5530148983275,26.0531283895651,0</coordinates></Point></MultiGeometry>
  </Placemark>
  <Placemark id="lago_sec1sec2_map_vitto_20250623_RevA_non_hatch.85">
	<ExtendedData><SchemaData schemaUrl="#lago_sec1sec2_map_vitto_20250623_RevA_non_hatch">
		<SimpleData name="Layer">PLAT-DIM-S2</SimpleData>
		<SimpleData name="SubClasses">AcDbEntity:AcDbMText</SimpleData>
		<SimpleData name="EntityHandle">1D0</SimpleData>
		<SimpleData name="Text">L=49.57'</SimpleData>
	</SchemaData></ExtendedData>
      <MultiGeometry><Point><coordinates>-97.5529941277841,26.0533104020645,0</coordinates></Point></MultiGeometry>
  </Placemark>
  <Placemark id="lago_sec1sec2_map_vitto_20250623_RevA_non_hatch.86">
	<ExtendedData><SchemaData schemaUrl="#lago_sec1sec2_map_vitto_20250623_RevA_non_hatch">
		<SimpleData name="Layer">PLAT-DIM-S2</SimpleData>
		<SimpleData name="SubClasses">AcDbEntity:AcDbMText</SimpleData>
		<SimpleData name="EntityHandle">1D1</SimpleData>
		<SimpleData name="Text">L=54.78'</SimpleData>
	</SchemaData></ExtendedData>
      <MultiGeometry><Point><coordinates>-97.5527056495849,26.0519218388493,0</coordinates></Point></MultiGeometry>
  </Placemark>
  <Placemark id="lago_sec1sec2_map_vitto_20250623_RevA_non_hatch.87">
	<Style><LineStyle><color>ff0000ff</color></LineStyle><PolyStyle><fill>0</fill></PolyStyle></Style>
	<ExtendedData><SchemaData schemaUrl="#lago_sec1sec2_map_vitto_20250623_RevA_non_hatch">
		<SimpleData name="Layer">PLAT-CL-S2</SimpleData>
		<SimpleData name="SubClasses">AcDbEntity:AcDbCircle:AcDbArc</SimpleData>
		<SimpleData name="Linetype">CENTER2</SimpleData>
		<SimpleData name="EntityHandle">1D2</SimpleData>
	</SchemaData></ExtendedData>
      <MultiGeometry><LineString><coordinates>-97.5526233620174,26.0537312372432,0 -97.5526086116621,26.0536621811163,0 -97.552598371719,26.0535924622945,0 -97.5525926774515,26.0535223209274,0 -97.5525915484654,26.0534519986198,0 -97.5525949886412,26.053381737599,0 -97.5526029861205,26.0533117798812,0</coordinates></LineString></MultiGeometry>
  </Placemark>
  <Placemark id="lago_sec1sec2_map_vitto_20250623_RevA_non_hatch.88">
	<Style><LineStyle><color>ff0000ff</color></LineStyle><PolyStyle><fill>0</fill></PolyStyle></Style>
	<ExtendedData><SchemaData schemaUrl="#lago_sec1sec2_map_vitto_20250623_RevA_non_hatch">
		<SimpleData name="Layer">PLAT-CL-S2</SimpleData>
		<SimpleData name="SubClasses">AcDbEntity:AcDbCircle:AcDbArc</SimpleData>
		<SimpleData name="Linetype">CENTER2</SimpleData>
		<SimpleData name="EntityHandle">1D4</SimpleData>
	</SchemaData></ExtendedData>
      <MultiGeometry><LineString><coordinates>-97.5526158010961,26.0520017535751,0 -97.5526143516285,26.0519503085485,0 -97.5526161812378,26.0518988734066,0 -97.5526212838586,26.0518476185417,0 -97.5526296425827,26.0517967137485,0</coordinates></LineString></MultiGeometry>
  </Placemark>
  <Placemark id="lago_sec1sec2_map_vitto_20250623_RevA_non_hatch.89">
	<Style><LineStyle><color>ff0000ff</color></LineStyle><PolyStyle><fill>0</fill></PolyStyle></Style>
	<ExtendedData><SchemaData schemaUrl="#lago_sec1sec2_map_vitto_20250623_RevA_non_hatch">
		<SimpleData name="Layer">PLAT-CL-S2</SimpleData>
		<SimpleData name="SubClasses">AcDbEntity:AcDbLine</SimpleData>
		<SimpleData name="Linetype">CENTER2</SimpleData>
		<SimpleData name="EntityHandle">1D5</SimpleData>
	</SchemaData></ExtendedData>
      <MultiGeometry><LineString><coordinates>-97.5526233620175,26.0537312372437,0 -97.5526716947974,26.0539265184127,0</coordinates></LineString></MultiGeometry>
  </Placemark>
  <Placemark id="lago_sec1sec2_map_vitto_20250623_RevA_non_hatch.90">
	<ExtendedData><SchemaData schemaUrl="#lago_sec1sec2_map_vitto_20250623_RevA_non_hatch">
		<SimpleData name="Layer">PLAT-TEXT-S2</SimpleData>
		<SimpleData name="SubClasses">AcDbEntity:AcDbText:AcDbText</SimpleData>
		<SimpleData name="EntityHandle">1D6</SimpleData>
		<SimpleData name="Text">L GIUSEPPE VERDI</SimpleData>
	</SchemaData></ExtendedData>
      <MultiGeometry><Point><coordinates>-97.5526810852282,26.0525654644029,0</coordinates></Point></MultiGeometry>
  </Placemark>
  <Placemark id="lago_sec1sec2_map_vitto_20250623_RevA_non_hatch.91">
	<Style><LineStyle><color>ff0000ff</color></LineStyle><PolyStyle><fill>0</fill></PolyStyle></Style>
	<ExtendedData><SchemaData schemaUrl="#lago_sec1sec2_map_vitto_20250623_RevA_non_hatch">
		<SimpleData name="Layer">PLAT-CL-S2</SimpleData>
		<SimpleData name="SubClasses">AcDbEntity:AcDbLine</SimpleData>
		<SimpleData name="Linetype">CENTER2</SimpleData>
		<SimpleData name="EntityHandle">1DA</SimpleData>
	</SchemaData></ExtendedData>
      <MultiGeometry><LineString><coordinates>-97.5526158010961,26.0520017535756,0 -97.5526411444793,26.0524234956551,0</coordinates></LineString></MultiGeometry>
  </Placemark>
  <Placemark id="lago_sec1sec2_map_vitto_20250623_RevA_non_hatch.92">
	<Style><LineStyle><color>ff0000ff</color></LineStyle><PolyStyle><fill>0</fill></PolyStyle></Style>
	<ExtendedData><SchemaData schemaUrl="#lago_sec1sec2_map_vitto_20250623_RevA_non_hatch">
		<SimpleData name="Layer">PLAT-CL-S2</SimpleData>
		<SimpleData name="SubClasses">AcDbEntity:AcDbCircle:AcDbArc</SimpleData>
		<SimpleData name="Linetype">CENTER2</SimpleData>
		<SimpleData name="EntityHandle">1DB</SimpleData>
	</SchemaData></ExtendedData>
      <MultiGeometry><LineString><coordinates>-97.5526411444795,26.0524234956583,0 -97.5526487697655,26.0527203500878,0 -97.552635999491,26.0530170602968,0 -97.5526028826584,26.053312484051,0</coordinates></LineString></MultiGeometry>
  </Placemark>
  <Placemark id="lago_sec1sec2_map_vitto_20250623_RevA_non_hatch.93">
	<ExtendedData><SchemaData schemaUrl="#lago_sec1sec2_map_vitto_20250623_RevA_non_hatch">
		<SimpleData name="Layer">PLAT-DIM-S2</SimpleData>
		<SimpleData name="SubClasses">AcDbEntity:AcDbMText</SimpleData>
		<SimpleData name="EntityHandle">1DC</SimpleData>
		<SimpleData name="Text">R=325.00'</SimpleData>
	</SchemaData></ExtendedData>
      <MultiGeometry><Point><coordinates>-97.5526301651727,26.0519079699938,0</coordinates></Point></MultiGeometry>
  </Placemark>
  <Placemark id="lago_sec1sec2_map_vitto_20250623_RevA_non_hatch.94">
	<ExtendedData><SchemaData schemaUrl="#lago_sec1sec2_map_vitto_20250623_RevA_non_hatch">
		<SimpleData name="Layer">PLAT-DIM-S2</SimpleData>
		<SimpleData name="SubClasses">AcDbEntity:AcDbMText</SimpleData>
		<SimpleData name="EntityHandle">1DD</SimpleData>
		<SimpleData name="Text">L=74.83'</SimpleData>
	</SchemaData></ExtendedData>
      <MultiGeometry><Point><coordinates>-97.5526030343776,26.0519076034185,0</coordinates></Point></MultiGeometry>
  </Placemark>
  <Placemark id="lago_sec1sec2_map_vitto_20250623_RevA_non_hatch.95">
	<ExtendedData><SchemaData schemaUrl="#lago_sec1sec2_map_vitto_20250623_RevA_non_hatch">
		<SimpleData name="Layer">PLAT-DIM-S2</SimpleData>
		<SimpleData name="SubClasses">AcDbEntity:AcDbMText</SimpleData>
		<SimpleData name="EntityHandle">1DE</SimpleData>
		<SimpleData name="Text">N03Â°58'58&quot;W</SimpleData>
	</SchemaData></ExtendedData>
      <MultiGeometry><Point><coordinates>-97.5526414752053,26.0521581848731,0</coordinates></Point></MultiGeometry>
  </Placemark>
  <Placemark id="lago_sec1sec2_map_vitto_20250623_RevA_non_hatch.96">
	<Style><LineStyle><color>ff0000ff</color></LineStyle><PolyStyle><fill>0</fill></PolyStyle></Style>
	<ExtendedData><SchemaData schemaUrl="#lago_sec1sec2_map_vitto_20250623_RevA_non_hatch">
		<SimpleData name="Layer">PLAT-CL-S2</SimpleData>
		<SimpleData name="SubClasses">AcDbEntity:AcDbCircle:AcDbArc</SimpleData>
		<SimpleData name="Linetype">CENTER2</SimpleData>
		<SimpleData name="EntityHandle">1DF</SimpleData>
	</SchemaData></ExtendedData>
      <MultiGeometry><LineString><coordinates>-97.5528704838205,26.053773614814,0 -97.5528836360739,26.0537713223531,0 -97.5528969144742,26.0537697301725,0 -97.5529102733628,26.053768843747,0 -97.5529236668042,26.0537686661248,0 -97.5529370487441,26.0537691979165,0 -97.5529503731678,26.0537704372936,0</coordinates></LineString></MultiGeometry>
  </Placemark>
  <Placemark id="lago_sec1sec2_map_vitto_20250623_RevA_non_hatch.97">
	<Style><LineStyle><color>ff0000ff</color></LineStyle><PolyStyle><fill>0</fill></PolyStyle></Style>
	<ExtendedData><SchemaData schemaUrl="#lago_sec1sec2_map_vitto_20250623_RevA_non_hatch">
		<SimpleData name="Layer">PLAT-CL-S2</SimpleData>
		<SimpleData name="SubClasses">AcDbEntity:AcDbLine</SimpleData>
		<SimpleData name="Linetype">CENTER2</SimpleData>
		<SimpleData name="EntityHandle">1E0</SimpleData>
	</SchemaData></ExtendedData>
      <MultiGeometry><LineString><coordinates>-97.5528704838205,26.053773614814,0 -97.5526451146777,26.0538191256085,0</coordinates></LineString></MultiGeometry>
  </Placemark>
  <Placemark id="lago_sec1sec2_map_vitto_20250623_RevA_non_hatch.98">
	<ExtendedData><SchemaData schemaUrl="#lago_sec1sec2_map_vitto_20250623_RevA_non_hatch">
		<SimpleData name="Layer">PLAT-DIM-S2</SimpleData>
		<SimpleData name="SubClasses">AcDbEntity:AcDbMText</SimpleData>
		<SimpleData name="EntityHandle">1E1</SimpleData>
		<SimpleData name="Text">R=1,739.58'</SimpleData>
	</SchemaData></ExtendedData>
      <MultiGeometry><Point><coordinates>-97.5526331135284,26.0527709641981,0</coordinates></Point></MultiGeometry>
  </Placemark>
  <Placemark id="lago_sec1sec2_map_vitto_20250623_RevA_non_hatch.99">
	<ExtendedData><SchemaData schemaUrl="#lago_sec1sec2_map_vitto_20250623_RevA_non_hatch">
		<SimpleData name="Layer">PLAT-DIM-S2</SimpleData>
		<SimpleData name="SubClasses">AcDbEntity:AcDbMText</SimpleData>
		<SimpleData name="EntityHandle">1E2</SimpleData>
		<SimpleData name="Text">L=323.85'</SimpleData>
	</SchemaData></ExtendedData>
      <MultiGeometry><Point><coordinates>-97.5526294577484,26.0529298142188,0</coordinates></Point></MultiGeometry>
  </Placemark>
  <Placemark id="lago_sec1sec2_map_vitto_20250623_RevA_non_hatch.100">
	<ExtendedData><SchemaData schemaUrl="#lago_sec1sec2_map_vitto_20250623_RevA_non_hatch">
		<SimpleData name="Layer">PLAT-DIM-S2</SimpleData>
		<SimpleData name="SubClasses">AcDbEntity:AcDbMText</SimpleData>
		<SimpleData name="EntityHandle">1E3</SimpleData>
		<SimpleData name="Text">L=153.41'</SimpleData>
	</SchemaData></ExtendedData>
      <MultiGeometry><Point><coordinates>-97.5525796868771,26.0535265878691,0</coordinates></Point></MultiGeometry>
  </Placemark>
  <Placemark id="lago_sec1sec2_map_vitto_20250623_RevA_non_hatch.101">
	<ExtendedData><SchemaData schemaUrl="#lago_sec1sec2_map_vitto_20250623_RevA_non_hatch">
		<SimpleData name="Layer">PLAT-DIM-S2</SimpleData>
		<SimpleData name="SubClasses">AcDbEntity:AcDbMText</SimpleData>
		<SimpleData name="EntityHandle">1E4</SimpleData>
		<SimpleData name="Text">R=435.58'</SimpleData>
	</SchemaData></ExtendedData>
      <MultiGeometry><Point><coordinates>-97.5526110011116,26.0535290662643,0</coordinates></Point></MultiGeometry>
  </Placemark>
  <Placemark id="lago_sec1sec2_map_vitto_20250623_RevA_non_hatch.102">
	<ExtendedData><SchemaData schemaUrl="#lago_sec1sec2_map_vitto_20250623_RevA_non_hatch">
		<SimpleData name="Layer">PLAT-DIM-S2</SimpleData>
		<SimpleData name="SubClasses">AcDbEntity:AcDbMText</SimpleData>
		<SimpleData name="EntityHandle">1E5</SimpleData>
		<SimpleData name="Text">32.74'</SimpleData>
	</SchemaData></ExtendedData>
      <MultiGeometry><Point><coordinates>-97.5526496710734,26.0537774457224,0</coordinates></Point></MultiGeometry>
  </Placemark>
  <Placemark id="lago_sec1sec2_map_vitto_20250623_RevA_non_hatch.103">
	<ExtendedData><SchemaData schemaUrl="#lago_sec1sec2_map_vitto_20250623_RevA_non_hatch">
		<SimpleData name="Layer">PLAT-DIM-S2</SimpleData>
		<SimpleData name="SubClasses">AcDbEntity:AcDbMText</SimpleData>
		<SimpleData name="EntityHandle">1E6</SimpleData>
		<SimpleData name="Text">S76Â°31'20&quot;W
75.82'</SimpleData>
	</SchemaData></ExtendedData>
      <MultiGeometry><Point><coordinates>-97.5527665020135,26.053768143,0</coordinates></Point></MultiGeometry>
  </Placemark>
  <Placemark id="lago_sec1sec2_map_vitto_20250623_RevA_non_hatch.104">
	<ExtendedData><SchemaData schemaUrl="#lago_sec1sec2_map_vitto_20250623_RevA_non_hatch">
		<SimpleData name="Layer">PLAT-TEXT-S2</SimpleData>
		<SimpleData name="SubClasses">AcDbEntity:AcDbText:AcDbText</SimpleData>
		<SimpleData name="EntityHandle">1E7</SimpleData>
		<SimpleData name="Text">L GIACOMO PUCCINI</SimpleData>
	</SchemaData></ExtendedData>
      <MultiGeometry><Point><coordinates>-97.5529119199756,26.0538049601406,0</coordinates></Point></MultiGeometry>
  </Placemark>
  <Placemark id="lago_sec1sec2_map_vitto_20250623_RevA_non_hatch.105">
	<ExtendedData><SchemaData schemaUrl="#lago_sec1sec2_map_vitto_20250623_RevA_non_hatch">
		<SimpleData name="Layer">PLAT-DIM-S2</SimpleData>
		<SimpleData name="SubClasses">AcDbEntity:AcDbMText</SimpleData>
		<SimpleData name="EntityHandle">1E8</SimpleData>
		<SimpleData name="Text">40.00'</SimpleData>
	</SchemaData></ExtendedData>
      <MultiGeometry><Point><coordinates>-97.5526780837052,26.0538988296249,0</coordinates></Point></MultiGeometry>
  </Placemark>
  <Placemark id="lago_sec1sec2_map_vitto_20250623_RevA_non_hatch.106">
	<ExtendedData><SchemaData schemaUrl="#lago_sec1sec2_map_vitto_20250623_RevA_non_hatch">
		<SimpleData name="Layer">PLAT-DIM-S2</SimpleData>
		<SimpleData name="SubClasses">AcDbEntity:AcDbMText</SimpleData>
		<SimpleData name="EntityHandle">1E9</SimpleData>
		<SimpleData name="Text">N13Â°28'40&quot;W</SimpleData>
	</SchemaData></ExtendedData>
      <MultiGeometry><Point><coordinates>-97.5526185297726,26.0537836752262,0</coordinates></Point></MultiGeometry>
  </Placemark>
  <Placemark id="lago_sec1sec2_map_vitto_20250623_RevA_non_hatch.107">
	<Style><LineStyle><color>ff0000ff</color></LineStyle><PolyStyle><fill>0</fill></PolyStyle></Style>
	<ExtendedData><SchemaData schemaUrl="#lago_sec1sec2_map_vitto_20250623_RevA_non_hatch">
		<SimpleData name="Layer">PLAT-LOTLINE-S2</SimpleData>
		<SimpleData name="SubClasses">AcDbEntity:AcDbCircle:AcDbArc</SimpleData>
		<SimpleData name="EntityHandle">1ED</SimpleData>
	</SchemaData></ExtendedData>
      <MultiGeometry><LineString><coordinates>-97.5525491634123,26.0537466855549,0 -97.5525335241063,26.0536735963911,0 -97.5525226635539,26.0535998037871,0 -97.5525166192318,26.0535255624417,0 -97.5525154119925,26.0534511286023,0 -97.5525190459936,26.05337675918,0 -97.5525275086826,26.053302710863,0</coordinates></LineString></MultiGeometry>
  </Placemark>
  <Placemark id="lago_sec1sec2_map_vitto_20250623_RevA_non_hatch.108">
	<Style><LineStyle><color>ff0000ff</color></LineStyle><PolyStyle><fill>0</fill></PolyStyle></Style>
	<ExtendedData><SchemaData schemaUrl="#lago_sec1sec2_map_vitto_20250623_RevA_non_hatch">
		<SimpleData name="Layer">PLAT-DIM-EASEMENT-S2</SimpleData>
		<SimpleData name="SubClasses">AcDbEntity:AcDbCircle:AcDbArc</SimpleData>
		<SimpleData name="Linetype">HIDDEN2</SimpleData>
		<SimpleData name="EntityHandle">1EE</SimpleData>
	</SchemaData></ExtendedData>
      <MultiGeometry><LineString><coordinates>-97.5524637664402,26.0533200319281,0 -97.552467126741,26.0532954556192,0</coordinates></LineString></MultiGeometry>
  </Placemark>
  <Placemark id="lago_sec1sec2_map_vitto_20250623_RevA_non_hatch.109">
	<Style><LineStyle><color>ff0000ff</color></LineStyle><PolyStyle><fill>0</fill></PolyStyle></Style>
	<ExtendedData><SchemaData schemaUrl="#lago_sec1sec2_map_vitto_20250623_RevA_non_hatch">
		<SimpleData name="Layer">PLAT-DIM-EASEMENT-S2</SimpleData>
		<SimpleData name="SubClasses">AcDbEntity:AcDbCircle:AcDbArc</SimpleData>
		<SimpleData name="Linetype">HIDDEN2</SimpleData>
		<SimpleData name="EntityHandle">1EF</SimpleData>
	</SchemaData></ExtendedData>
      <MultiGeometry><LineString><coordinates>-97.5524335055439,26.0533169156842,0 -97.5524369357731,26.0532918279875,0</coordinates></LineString></MultiGeometry>
  </Placemark>
  <Placemark id="lago_sec1sec2_map_vitto_20250623_RevA_non_hatch.110">
	<Style><LineStyle><color>ff0000ff</color></LineStyle><PolyStyle><fill>0</fill></PolyStyle></Style>
	<ExtendedData><SchemaData schemaUrl="#lago_sec1sec2_map_vitto_20250623_RevA_non_hatch">
		<SimpleData name="Layer">PLAT-EASEMENT-S2</SimpleData>
		<SimpleData name="SubClasses">AcDbEntity:AcDbCircle:AcDbArc</SimpleData>
		<SimpleData name="Linetype">HIDDEN2</SimpleData>
		<SimpleData name="EntityHandle">1F1</SimpleData>
	</SchemaData></ExtendedData>
      <MultiGeometry><LineString><coordinates>-97.5524897215518,26.0537587092602,0 -97.5524715647508,26.0536719929809,0 -97.5524598531556,26.0535843757433,0 -97.5524546389357,26.05349624795,0 -97.5524559453092,26.053408002278,0 -97.5524637664402,26.0533200319281,0</coordinates></LineString></MultiGeometry>
  </Placemark>
  <Placemark id="lago_sec1sec2_map_vitto_20250623_RevA_non_hatch.111">
	<Style><LineStyle><color>ff0000ff</color></LineStyle><PolyStyle><fill>0</fill></PolyStyle></Style>
	<ExtendedData><SchemaData schemaUrl="#lago_sec1sec2_map_vitto_20250623_RevA_non_hatch">
		<SimpleData name="Layer">PLAT-EASEMENT-S2</SimpleData>
		<SimpleData name="SubClasses">AcDbEntity:AcDbCircle:AcDbArc</SimpleData>
		<SimpleData name="Linetype">HIDDEN2</SimpleData>
		<SimpleData name="EntityHandle">1F2</SimpleData>
	</SchemaData></ExtendedData>
      <MultiGeometry><LineString><coordinates>-97.5524600006168,26.0537647211033,0 -97.5524414660281,26.0536762004112,0 -97.5524295107592,26.0535867600148,0 -97.5524241880647,26.0534967984405,0 -97.5524255216456,26.053406716536,0 -97.5524335055439,26.0533169156842,0</coordinates></LineString></MultiGeometry>
  </Placemark>
  <Placemark id="lago_sec1sec2_map_vitto_20250623_RevA_non_hatch.112">
	<Style><LineStyle><color>ff0000ff</color></LineStyle><PolyStyle><fill>0</fill></PolyStyle></Style>
	<ExtendedData><SchemaData schemaUrl="#lago_sec1sec2_map_vitto_20250623_RevA_non_hatch">
		<SimpleData name="Layer">PLAT-LOTLINE-S2</SimpleData>
		<SimpleData name="SubClasses">AcDbEntity:AcDbCircle:AcDbArc</SimpleData>
		<SimpleData name="EntityHandle">1F3</SimpleData>
	</SchemaData></ExtendedData>
      <MultiGeometry><LineString><coordinates>-97.5525397760312,26.0520055551537,0 -97.5525382104616,26.0519501344457,0 -97.5525401785607,26.0518947242081,0 -97.552545673799,26.0518395081241,0 -97.552554677955,26.0517846692327,0</coordinates></LineString></MultiGeometry>
  </Placemark>
  <Placemark id="lago_sec1sec2_map_vitto_20250623_RevA_non_hatch.113">
	<Style><LineStyle><color>ff0000ff</color></LineStyle><PolyStyle><fill>0</fill></PolyStyle></Style>
	<ExtendedData><SchemaData schemaUrl="#lago_sec1sec2_map_vitto_20250623_RevA_non_hatch">
		<SimpleData name="Layer">PLAT-EASEMENT-S2</SimpleData>
		<SimpleData name="SubClasses">AcDbEntity:AcDbCircle:AcDbArc</SimpleData>
		<SimpleData name="Linetype">HIDDEN2</SimpleData>
		<SimpleData name="EntityHandle">1F4</SimpleData>
	</SchemaData></ExtendedData>
      <MultiGeometry><LineString><coordinates>-97.5524789526786,26.0520085415578,0 -97.5524772976792,26.0519499539515,0 -97.5524793782723,26.0518913774156,0 -97.5524851875551,26.0518330061293,0 -97.5524947062643,26.0517750335911,0</coordinates></LineString></MultiGeometry>
  </Placemark>
  <Placemark id="lago_sec1sec2_map_vitto_20250623_RevA_non_hatch.114">
	<Style><LineStyle><color>ff0000ff</color></LineStyle><PolyStyle><fill>0</fill></PolyStyle></Style>
	<ExtendedData><SchemaData schemaUrl="#lago_sec1sec2_map_vitto_20250623_RevA_non_hatch">
		<SimpleData name="Layer">PLAT-EASEMENT-S2</SimpleData>
		<SimpleData name="SubClasses">AcDbEntity:AcDbCircle:AcDbArc</SimpleData>
		<SimpleData name="Linetype">HIDDEN2</SimpleData>
		<SimpleData name="EntityHandle">1F5</SimpleData>
	</SchemaData></ExtendedData>
      <MultiGeometry><LineString><coordinates>-97.5524485410011,26.05201003475,0 -97.5524468412881,26.0519498636944,0 -97.5524489781295,26.0518897040094,0 -97.5524549444357,26.051829755122,0 -97.5524647204227,26.0517702157607,0</coordinates></LineString></MultiGeometry>
  </Placemark>
  <Placemark id="lago_sec1sec2_map_vitto_20250623_RevA_non_hatch.115">
	<Style><LineStyle><color>ff0000ff</color></LineStyle><PolyStyle><fill>0</fill></PolyStyle></Style>
	<ExtendedData><SchemaData schemaUrl="#lago_sec1sec2_map_vitto_20250623_RevA_non_hatch">
		<SimpleData name="Layer">PLAT-LOTLINE-S2</SimpleData>
		<SimpleData name="SubClasses">AcDbEntity:AcDbCircle:AcDbArc</SimpleData>
		<SimpleData name="EntityHandle">1F9</SimpleData>
	</SchemaData></ExtendedData>
      <MultiGeometry><LineString><coordinates>-97.5525677922937,26.0516790884015,0 -97.5525631115528,26.0517320689858,0 -97.5525546779555,26.0517846692301,0</coordinates></LineString></MultiGeometry>
  </Placemark>
  <Placemark id="lago_sec1sec2_map_vitto_20250623_RevA_non_hatch.116">
	<Style><LineStyle><color>ff0000ff</color></LineStyle><PolyStyle><fill>0</fill></PolyStyle></Style>
	<ExtendedData><SchemaData schemaUrl="#lago_sec1sec2_map_vitto_20250623_RevA_non_hatch">
		<SimpleData name="Layer">PLAT-EASEMENT-S2</SimpleData>
		<SimpleData name="SubClasses">AcDbEntity:AcDbCircle:AcDbArc</SimpleData>
		<SimpleData name="Linetype">HIDDEN2</SimpleData>
		<SimpleData name="EntityHandle">1FA</SimpleData>
	</SchemaData></ExtendedData>
      <MultiGeometry><LineString><coordinates>-97.5525071776041,26.051671822052,0 -97.5525028619046,26.0517236201029,0 -97.5524947051116,26.0517750394462,0</coordinates></LineString></MultiGeometry>
  </Placemark>
  <Placemark id="lago_sec1sec2_map_vitto_20250623_RevA_non_hatch.117">
	<Style><LineStyle><color>ff0000ff</color></LineStyle><PolyStyle><fill>0</fill></PolyStyle></Style>
	<ExtendedData><SchemaData schemaUrl="#lago_sec1sec2_map_vitto_20250623_RevA_non_hatch">
		<SimpleData name="Layer">PLAT-EASEMENT-S2</SimpleData>
		<SimpleData name="SubClasses">AcDbEntity:AcDbCircle:AcDbArc</SimpleData>
		<SimpleData name="Linetype">HIDDEN2</SimpleData>
		<SimpleData name="EntityHandle">1FB</SimpleData>
	</SchemaData></ExtendedData>
      <MultiGeometry><LineString><coordinates>-97.5524768573869,26.0516681873181,0 -97.5524727339326,26.0517193948091,0 -97.5524647186935,26.0517702245446,0</coordinates></LineString></MultiGeometry>
  </Placemark>
  <Placemark id="lago_sec1sec2_map_vitto_20250623_RevA_non_hatch.118">
	<Style><LineStyle><color>ff0000ff</color></LineStyle><PolyStyle><fill>0</fill></PolyStyle></Style>
	<ExtendedData><SchemaData schemaUrl="#lago_sec1sec2_map_vitto_20250623_RevA_non_hatch">
		<SimpleData name="Layer">PLAT-CL-S2</SimpleData>
		<SimpleData name="SubClasses">AcDbEntity:AcDbCircle:AcDbArc</SimpleData>
		<SimpleData name="Linetype">CENTER2</SimpleData>
		<SimpleData name="EntityHandle">1FC</SimpleData>
	</SchemaData></ExtendedData>
      <MultiGeometry><LineString><coordinates>-97.5526444733718,26.0516675567114,0 -97.5526418419424,26.0517108086475,0 -97.5526368944762,26.0517538947024,0 -97.5526296425832,26.0517967137459,0</coordinates></LineString></MultiGeometry>
  </Placemark>
  <Placemark id="lago_sec1sec2_map_vitto_20250623_RevA_non_hatch.119">
	<Style><LineStyle><color>ff0000ff</color></LineStyle><PolyStyle><fill>0</fill></PolyStyle></Style>
	<ExtendedData><SchemaData schemaUrl="#lago_sec1sec2_map_vitto_20250623_RevA_non_hatch">
		<SimpleData name="Layer">PLAT-LOTLINE-S2</SimpleData>
		<SimpleData name="SubClasses">AcDbEntity:AcDbCircle:AcDbArc</SimpleData>
		<SimpleData name="EntityHandle">1FD</SimpleData>
	</SchemaData></ExtendedData>
      <MultiGeometry><LineString><coordinates>-97.552565207676,26.0524287755085,0 -97.552572621088,26.0527208478647,0 -97.5525600031662,26.0530127745896,0 -97.5525274021598,26.0533034358375,0</coordinates></LineString></MultiGeometry>
  </Placemark>
  <Placemark id="lago_sec1sec2_map_vitto_20250623_RevA_non_hatch.120">
	<Style><LineStyle><color>ff0000ff</color></LineStyle><PolyStyle><fill>0</fill></PolyStyle></Style>
	<ExtendedData><SchemaData schemaUrl="#lago_sec1sec2_map_vitto_20250623_RevA_non_hatch">
		<SimpleData name="Layer">PLAT-EASEMENT-S2</SimpleData>
		<SimpleData name="SubClasses">AcDbEntity:AcDbCircle:AcDbArc</SimpleData>
		<SimpleData name="Linetype">HIDDEN2</SimpleData>
		<SimpleData name="EntityHandle">1FE</SimpleData>
	</SchemaData></ExtendedData>
      <MultiGeometry><LineString><coordinates>-97.5525043827564,26.0524317395437,0 -97.5525117095393,26.0527204049773,0 -97.5524992386473,26.0530089264695,0 -97.5524670177695,26.0532961972373,0</coordinates></LineString></MultiGeometry>
  </Placemark>
  <Placemark id="lago_sec1sec2_map_vitto_20250623_RevA_non_hatch.121">
	<Style><LineStyle><color>ff0000ff</color></LineStyle><PolyStyle><fill>0</fill></PolyStyle></Style>
	<ExtendedData><SchemaData schemaUrl="#lago_sec1sec2_map_vitto_20250623_RevA_non_hatch">
		<SimpleData name="Layer">PLAT-EASEMENT-S2</SimpleData>
		<SimpleData name="SubClasses">AcDbEntity:AcDbCircle:AcDbArc</SimpleData>
		<SimpleData name="Linetype">HIDDEN2</SimpleData>
		<SimpleData name="EntityHandle">1FF</SimpleData>
	</SchemaData></ExtendedData>
      <MultiGeometry><LineString><coordinates>-97.5524739702954,26.0524332215514,0 -97.5524812537651,26.0527201835236,0 -97.5524688563895,26.0530070023995,0 -97.5524368255773,26.0532925779274,0</coordinates></LineString></MultiGeometry>
  </Placemark>
  <Placemark id="lago_sec1sec2_map_vitto_20250623_RevA_non_hatch.122">
	<ExtendedData><SchemaData schemaUrl="#lago_sec1sec2_map_vitto_20250623_RevA_non_hatch">
		<SimpleData name="Layer">PLAT-TEXT-S2</SimpleData>
		<SimpleData name="SubClasses">AcDbEntity:AcDbText:AcDbText</SimpleData>
		<SimpleData name="EntityHandle">209</SimpleData>
		<SimpleData name="Text">8</SimpleData>
	</SchemaData></ExtendedData>
      <MultiGeometry><Point><coordinates>-97.552308263004,26.0518081643386,0</coordinates></Point></MultiGeometry>
  </Placemark>
  <Placemark id="lago_sec1sec2_map_vitto_20250623_RevA_non_hatch.123">
	<ExtendedData><SchemaData schemaUrl="#lago_sec1sec2_map_vitto_20250623_RevA_non_hatch">
		<SimpleData name="Layer">PLAT-TEXT-S2</SimpleData>
		<SimpleData name="SubClasses">AcDbEntity:AcDbText:AcDbText</SimpleData>
		<SimpleData name="EntityHandle">20A</SimpleData>
		<SimpleData name="Text">9</SimpleData>
	</SchemaData></ExtendedData>
      <MultiGeometry><Point><coordinates>-97.5523196937111,26.0520729016076,0</coordinates></Point></MultiGeometry>
  </Placemark>
  <Placemark id="lago_sec1sec2_map_vitto_20250623_RevA_non_hatch.124">
	<ExtendedData><SchemaData schemaUrl="#lago_sec1sec2_map_vitto_20250623_RevA_non_hatch">
		<SimpleData name="Layer">PLAT-TEXT-S2</SimpleData>
		<SimpleData name="SubClasses">AcDbEntity:AcDbText:AcDbText</SimpleData>
		<SimpleData name="EntityHandle">20B</SimpleData>
		<SimpleData name="Text">11</SimpleData>
	</SchemaData></ExtendedData>
      <MultiGeometry><Point><coordinates>-97.5523365804653,26.0526140822896,0</coordinates></Point></MultiGeometry>
  </Placemark>
  <Placemark id="lago_sec1sec2_map_vitto_20250623_RevA_non_hatch.125">
	<ExtendedData><SchemaData schemaUrl="#lago_sec1sec2_map_vitto_20250623_RevA_non_hatch">
		<SimpleData name="Layer">PLAT-TEXT-S2</SimpleData>
		<SimpleData name="SubClasses">AcDbEntity:AcDbText:AcDbText</SimpleData>
		<SimpleData name="EntityHandle">20C</SimpleData>
		<SimpleData name="Text">12</SimpleData>
	</SchemaData></ExtendedData>
      <MultiGeometry><Point><coordinates>-97.5523422145553,26.0528876816738,0</coordinates></Point></MultiGeometry>
  </Placemark>
  <Placemark id="lago_sec1sec2_map_vitto_20250623_RevA_non_hatch.126">
	<ExtendedData><SchemaData schemaUrl="#lago_sec1sec2_map_vitto_20250623_RevA_non_hatch">
		<SimpleData name="Layer">PLAT-TEXT-S2</SimpleData>
		<SimpleData name="SubClasses">AcDbEntity:AcDbText:AcDbText</SimpleData>
		<SimpleData name="EntityHandle">20D</SimpleData>
		<SimpleData name="Text">14</SimpleData>
	</SchemaData></ExtendedData>
      <MultiGeometry><Point><coordinates>-97.5523339808849,26.0534544663129,0</coordinates></Point></MultiGeometry>
  </Placemark>
  <Placemark id="lago_sec1sec2_map_vitto_20250623_RevA_non_hatch.127">
	<ExtendedData><SchemaData schemaUrl="#lago_sec1sec2_map_vitto_20250623_RevA_non_hatch">
		<SimpleData name="Layer">PLAT-TEXT-S2</SimpleData>
		<SimpleData name="SubClasses">AcDbEntity:AcDbText:AcDbText</SimpleData>
		<SimpleData name="EntityHandle">20E</SimpleData>
		<SimpleData name="Text">13</SimpleData>
	</SchemaData></ExtendedData>
      <MultiGeometry><Point><coordinates>-97.5523364571467,26.0531711353168,0</coordinates></Point></MultiGeometry>
  </Placemark>
  <Placemark id="lago_sec1sec2_map_vitto_20250623_RevA_non_hatch.128">
	<Style><LineStyle><color>ff0000ff</color></LineStyle><PolyStyle><fill>0</fill></PolyStyle></Style>
	<ExtendedData><SchemaData schemaUrl="#lago_sec1sec2_map_vitto_20250623_RevA_non_hatch">
		<SimpleData name="Layer">PLAT-LOTLINE-S2</SimpleData>
		<SimpleData name="SubClasses">AcDbEntity:AcDbLine</SimpleData>
		<SimpleData name="EntityHandle">20F</SimpleData>
	</SchemaData></ExtendedData>
      <MultiGeometry><LineString><coordinates>-97.5525382048698,26.0519527917566,0 -97.5521131037801,26.0519695493182,0</coordinates></LineString></MultiGeometry>
  </Placemark>
  <Placemark id="lago_sec1sec2_map_vitto_20250623_RevA_non_hatch.129">
	<Style><LineStyle><color>ff0000ff</color></LineStyle><PolyStyle><fill>0</fill></PolyStyle></Style>
	<ExtendedData><SchemaData schemaUrl="#lago_sec1sec2_map_vitto_20250623_RevA_non_hatch">
		<SimpleData name="Layer">PLAT-LOTLINE-S2</SimpleData>
		<SimpleData name="SubClasses">AcDbEntity:AcDbLine</SimpleData>
		<SimpleData name="EntityHandle">210</SimpleData>
	</SchemaData></ExtendedData>
      <MultiGeometry><LineString><coordinates>-97.5525531171353,26.052227571362,0 -97.552127351147,26.0522484461461,0</coordinates></LineString></MultiGeometry>
  </Placemark>
  <Placemark id="lago_sec1sec2_map_vitto_20250623_RevA_non_hatch.130">
	<Style><LineStyle><color>ff0000ff</color></LineStyle><PolyStyle><fill>0</fill></PolyStyle></Style>
	<ExtendedData><SchemaData schemaUrl="#lago_sec1sec2_map_vitto_20250623_RevA_non_hatch">
		<SimpleData name="Layer">PLAT-LOTLINE-S2</SimpleData>
		<SimpleData name="SubClasses">AcDbEntity:AcDbLine</SimpleData>
		<SimpleData name="EntityHandle">211</SimpleData>
	</SchemaData></ExtendedData>
      <MultiGeometry><LineString><coordinates>-97.5525689626058,26.0525023083603,0 -97.5521404789343,26.0525171350324,0</coordinates></LineString></MultiGeometry>
  </Placemark>
  <Placemark id="lago_sec1sec2_map_vitto_20250623_RevA_non_hatch.131">
	<Style><LineStyle><color>ff0000ff</color></LineStyle><PolyStyle><fill>0</fill></PolyStyle></Style>
	<ExtendedData><SchemaData schemaUrl="#lago_sec1sec2_map_vitto_20250623_RevA_non_hatch">
		<SimpleData name="Layer">PLAT-LOTLINE-S2</SimpleData>
		<SimpleData name="SubClasses">AcDbEntity:AcDbLine</SimpleData>
		<SimpleData name="EntityHandle">212</SimpleData>
	</SchemaData></ExtendedData>
      <MultiGeometry><LineString><coordinates>-97.5525242882378,26.0533262643954,0 -97.552153817031,26.0533312175308,0</coordinates></LineString></MultiGeometry>
  </Placemark>
  <Placemark id="lago_sec1sec2_map_vitto_20250623_RevA_non_hatch.132">
	<Style><LineStyle><color>ff0000ff</color></LineStyle><PolyStyle><fill>0</fill></PolyStyle></Style>
	<ExtendedData><SchemaData schemaUrl="#lago_sec1sec2_map_vitto_20250623_RevA_non_hatch">
		<SimpleData name="Layer">PLAT-LOTLINE-S2</SimpleData>
		<SimpleData name="SubClasses">AcDbEntity:AcDbLine</SimpleData>
		<SimpleData name="EntityHandle">213</SimpleData>
	</SchemaData></ExtendedData>
      <MultiGeometry><LineString><coordinates>-97.5525567606782,26.0530521831105,0 -97.5521493345012,26.0530576303809,0</coordinates></LineString></MultiGeometry>
  </Placemark>
  <Placemark id="lago_sec1sec2_map_vitto_20250623_RevA_non_hatch.133">
	<Style><LineStyle><color>ff0000ff</color></LineStyle><PolyStyle><fill>0</fill></PolyStyle></Style>
	<ExtendedData><SchemaData schemaUrl="#lago_sec1sec2_map_vitto_20250623_RevA_non_hatch">
		<SimpleData name="Layer">PLAT-LOTLINE-S2</SimpleData>
		<SimpleData name="SubClasses">AcDbEntity:AcDbLine</SimpleData>
		<SimpleData name="EntityHandle">214</SimpleData>
	</SchemaData></ExtendedData>
      <MultiGeometry><LineString><coordinates>-97.5525717415748,26.0527774065002,0 -97.5521448367719,26.0527831142283,0</coordinates></LineString></MultiGeometry>
  </Placemark>
  <Placemark id="lago_sec1sec2_map_vitto_20250623_RevA_non_hatch.134">
	<Style><LineStyle><color>ff0000ff</color></LineStyle><PolyStyle><fill>0</fill></PolyStyle></Style>
	<ExtendedData><SchemaData schemaUrl="#lago_sec1sec2_map_vitto_20250623_RevA_non_hatch">
		<SimpleData name="Layer">PLAT-LOTLINE-S2</SimpleData>
		<SimpleData name="SubClasses">AcDbEntity:AcDbLine</SimpleData>
		<SimpleData name="EntityHandle">215</SimpleData>
	</SchemaData></ExtendedData>
      <MultiGeometry><LineString><coordinates>-97.5521587945534,26.0536350145862,0 -97.5525227812804,26.0536008306056,0</coordinates></LineString></MultiGeometry>
  </Placemark>
  <Placemark id="lago_sec1sec2_map_vitto_20250623_RevA_non_hatch.135">
	<Style><LineStyle><color>ff0000ff</color></LineStyle><PolyStyle><fill>0</fill></PolyStyle></Style>
	<ExtendedData><SchemaData schemaUrl="#lago_sec1sec2_map_vitto_20250623_RevA_non_hatch">
		<SimpleData name="Layer">PLAT-LOTLINE-S2</SimpleData>
		<SimpleData name="SubClasses">AcDbEntity:AcDbLine</SimpleData>
		<SimpleData name="EntityHandle">216</SimpleData>
	</SchemaData></ExtendedData>
      <MultiGeometry><LineString><coordinates>-97.5525490542311,26.0537462447951,0 -97.5525798737597,26.0538707667711,0</coordinates></LineString></MultiGeometry>
  </Placemark>
  <Placemark id="lago_sec1sec2_map_vitto_20250623_RevA_non_hatch.136">
	<Style><LineStyle><color>ff0000ff</color></LineStyle><PolyStyle><fill>0</fill></PolyStyle></Style>
	<ExtendedData><SchemaData schemaUrl="#lago_sec1sec2_map_vitto_20250623_RevA_non_hatch">
		<SimpleData name="Layer">PLAT-EASEMENT-S2</SimpleData>
		<SimpleData name="SubClasses">AcDbEntity:AcDbLine</SimpleData>
		<SimpleData name="Linetype">HIDDEN2</SimpleData>
		<SimpleData name="EntityHandle">217</SimpleData>
	</SchemaData></ExtendedData>
      <MultiGeometry><LineString><coordinates>-97.5524896076092,26.0537582492779,0 -97.5525204270761,26.0538827712673,0</coordinates></LineString></MultiGeometry>
  </Placemark>
  <Placemark id="lago_sec1sec2_map_vitto_20250623_RevA_non_hatch.137">
	<Style><LineStyle><color>ff0000ff</color></LineStyle><PolyStyle><fill>0</fill></PolyStyle></Style>
	<ExtendedData><SchemaData schemaUrl="#lago_sec1sec2_map_vitto_20250623_RevA_non_hatch">
		<SimpleData name="Layer">PLAT-EASEMENT-S2</SimpleData>
		<SimpleData name="SubClasses">AcDbEntity:AcDbLine</SimpleData>
		<SimpleData name="Linetype">HIDDEN2</SimpleData>
		<SimpleData name="EntityHandle">218</SimpleData>
	</SchemaData></ExtendedData>
      <MultiGeometry><LineString><coordinates>-97.5524598842936,26.0537642515099,0 -97.5524907037296,26.0538887735059,0</coordinates></LineString></MultiGeometry>
  </Placemark>
  <Placemark id="lago_sec1sec2_map_vitto_20250623_RevA_non_hatch.138">
	<ExtendedData><SchemaData schemaUrl="#lago_sec1sec2_map_vitto_20250623_RevA_non_hatch">
		<SimpleData name="Layer">PLAT-DIM-S2</SimpleData>
		<SimpleData name="SubClasses">AcDbEntity:AcDbMText</SimpleData>
		<SimpleData name="Linetype">Continuous</SimpleData>
		<SimpleData name="EntityHandle">219</SimpleData>
		<SimpleData name="Text">46.38'</SimpleData>
	</SchemaData></ExtendedData>
      <MultiGeometry><Point><coordinates>-97.5525476905974,26.0538147704455,0</coordinates></Point></MultiGeometry>
  </Placemark>
  <Placemark id="lago_sec1sec2_map_vitto_20250623_RevA_non_hatch.139">
	<ExtendedData><SchemaData schemaUrl="#lago_sec1sec2_map_vitto_20250623_RevA_non_hatch">
		<SimpleData name="Layer">PLAT-DIM-S2</SimpleData>
		<SimpleData name="SubClasses">AcDbEntity:AcDbText:AcDbText</SimpleData>
		<SimpleData name="EntityHandle">21A</SimpleData>
		<SimpleData name="Text">S86°37'31&quot;W</SimpleData>
	</SchemaData></ExtendedData>
      <MultiGeometry><Point><coordinates>-97.5521949619597,26.0519572197492,0</coordinates></Point></MultiGeometry>
  </Placemark>
  <Placemark id="lago_sec1sec2_map_vitto_20250623_RevA_non_hatch.140">
	<Style><LineStyle><color>ff0000ff</color></LineStyle><PolyStyle><fill>0</fill></PolyStyle></Style>
	<ExtendedData><SchemaData schemaUrl="#lago_sec1sec2_map_vitto_20250623_RevA_non_hatch">
		<SimpleData name="Layer">PLAT-LOTLINE-S2</SimpleData>
		<SimpleData name="SubClasses">AcDbEntity:AcDbLine</SimpleData>
		<SimpleData name="EntityHandle">21B</SimpleData>
	</SchemaData></ExtendedData>
      <MultiGeometry><LineString><coordinates>-97.5525397715929,26.0520054813461,0 -97.552565207676,26.0524287755085,0</coordinates></LineString></MultiGeometry>
  </Placemark>
  <Placemark id="lago_sec1sec2_map_vitto_20250623_RevA_non_hatch.141">
	<Style><LineStyle><color>ff0000ff</color></LineStyle><PolyStyle><fill>0</fill></PolyStyle></Style>
	<ExtendedData><SchemaData schemaUrl="#lago_sec1sec2_map_vitto_20250623_RevA_non_hatch">
		<SimpleData name="Layer">PLAT-EASEMENT-S2</SimpleData>
		<SimpleData name="SubClasses">AcDbEntity:AcDbLine</SimpleData>
		<SimpleData name="Linetype">HIDDEN2</SimpleData>
		<SimpleData name="EntityHandle">21C</SimpleData>
	</SchemaData></ExtendedData>
      <MultiGeometry><LineString><coordinates>-97.5524789479867,26.0520084635327,0 -97.5525042908646,26.0524302056374,0</coordinates></LineString></MultiGeometry>
  </Placemark>
  <Placemark id="lago_sec1sec2_map_vitto_20250623_RevA_non_hatch.142">
	<Style><LineStyle><color>ff0000ff</color></LineStyle><PolyStyle><fill>0</fill></PolyStyle></Style>
	<ExtendedData><SchemaData schemaUrl="#lago_sec1sec2_map_vitto_20250623_RevA_non_hatch">
		<SimpleData name="Layer">PLAT-EASEMENT-S2</SimpleData>
		<SimpleData name="SubClasses">AcDbEntity:AcDbLine</SimpleData>
		<SimpleData name="Linetype">HIDDEN2</SimpleData>
		<SimpleData name="EntityHandle">21D</SimpleData>
	</SchemaData></ExtendedData>
      <MultiGeometry><LineString><coordinates>-97.5524485361825,26.052009954616,0 -97.5524738789481,26.0524316967264,0</coordinates></LineString></MultiGeometry>
  </Placemark>
  <Placemark id="lago_sec1sec2_map_vitto_20250623_RevA_non_hatch.143">
	<ExtendedData><SchemaData schemaUrl="#lago_sec1sec2_map_vitto_20250623_RevA_non_hatch">
		<SimpleData name="Layer">PLAT-DIM-S2</SimpleData>
		<SimpleData name="SubClasses">AcDbEntity:AcDbText:AcDbText</SimpleData>
		<SimpleData name="EntityHandle">21E</SimpleData>
		<SimpleData name="Text">S86°01'02&quot;W</SimpleData>
	</SchemaData></ExtendedData>
      <MultiGeometry><Point><coordinates>-97.5522199216029,26.0522331675651,0</coordinates></Point></MultiGeometry>
  </Placemark>
  <Placemark id="lago_sec1sec2_map_vitto_20250623_RevA_non_hatch.144">
	<ExtendedData><SchemaData schemaUrl="#lago_sec1sec2_map_vitto_20250623_RevA_non_hatch">
		<SimpleData name="Layer">PLAT-DIM-S2</SimpleData>
		<SimpleData name="SubClasses">AcDbEntity:AcDbText:AcDbText</SimpleData>
		<SimpleData name="EntityHandle">21F</SimpleData>
		<SimpleData name="Text">S86°55'49&quot;W</SimpleData>
	</SchemaData></ExtendedData>
      <MultiGeometry><Point><coordinates>-97.552225080208,26.0525059974654,0</coordinates></Point></MultiGeometry>
  </Placemark>
  <Placemark id="lago_sec1sec2_map_vitto_20250623_RevA_non_hatch.145">
	<ExtendedData><SchemaData schemaUrl="#lago_sec1sec2_map_vitto_20250623_RevA_non_hatch">
		<SimpleData name="Layer">PLAT-DIM-S2</SimpleData>
		<SimpleData name="SubClasses">AcDbEntity:AcDbText:AcDbText</SimpleData>
		<SimpleData name="EntityHandle">220</SimpleData>
		<SimpleData name="Text">S88°16'34&quot;W</SimpleData>
	</SchemaData></ExtendedData>
      <MultiGeometry><Point><coordinates>-97.5522641508194,26.0527739078643,0</coordinates></Point></MultiGeometry>
  </Placemark>
  <Placemark id="lago_sec1sec2_map_vitto_20250623_RevA_non_hatch.146">
	<ExtendedData><SchemaData schemaUrl="#lago_sec1sec2_map_vitto_20250623_RevA_non_hatch">
		<SimpleData name="Layer">PLAT-DIM-S2</SimpleData>
		<SimpleData name="SubClasses">AcDbEntity:AcDbText:AcDbText</SimpleData>
		<SimpleData name="EntityHandle">221</SimpleData>
		<SimpleData name="Text">S88°16'34&quot;W</SimpleData>
	</SchemaData></ExtendedData>
      <MultiGeometry><Point><coordinates>-97.5522479126196,26.0530504198855,0</coordinates></Point></MultiGeometry>
  </Placemark>
  <Placemark id="lago_sec1sec2_map_vitto_20250623_RevA_non_hatch.147">
	<ExtendedData><SchemaData schemaUrl="#lago_sec1sec2_map_vitto_20250623_RevA_non_hatch">
		<SimpleData name="Layer">PLAT-DIM-S2</SimpleData>
		<SimpleData name="SubClasses">AcDbEntity:AcDbText:AcDbText</SimpleData>
		<SimpleData name="EntityHandle">222</SimpleData>
		<SimpleData name="Text">S88°16'34&quot;W</SimpleData>
	</SchemaData></ExtendedData>
      <MultiGeometry><Point><coordinates>-97.5522332928546,26.0533225684253,0</coordinates></Point></MultiGeometry>
  </Placemark>
  <Placemark id="lago_sec1sec2_map_vitto_20250623_RevA_non_hatch.148">
	<ExtendedData><SchemaData schemaUrl="#lago_sec1sec2_map_vitto_20250623_RevA_non_hatch">
		<SimpleData name="Layer">PLAT-DIM-S2</SimpleData>
		<SimpleData name="SubClasses">AcDbEntity:AcDbText:AcDbText</SimpleData>
		<SimpleData name="EntityHandle">223</SimpleData>
		<SimpleData name="Text">S83°11'18&quot;W</SimpleData>
	</SchemaData></ExtendedData>
      <MultiGeometry><Point><coordinates>-97.5522409771661,26.0536190832018,0</coordinates></Point></MultiGeometry>
  </Placemark>
  <Placemark id="lago_sec1sec2_map_vitto_20250623_RevA_non_hatch.149">
	<Style><LineStyle><color>ff0000ff</color></LineStyle><PolyStyle><fill>0</fill></PolyStyle></Style>
	<ExtendedData><SchemaData schemaUrl="#lago_sec1sec2_map_vitto_20250623_RevA_non_hatch">
		<SimpleData name="Layer">PLAT-EASEMENT-S2</SimpleData>
		<SimpleData name="SubClasses">AcDbEntity:AcDbLine</SimpleData>
		<SimpleData name="Linetype">HIDDEN2</SimpleData>
		<SimpleData name="EntityHandle">224</SimpleData>
	</SchemaData></ExtendedData>
      <MultiGeometry><LineString><coordinates>-97.5525536263187,26.0530866174901,0 -97.5521498978726,26.0530920153166,0</coordinates></LineString></MultiGeometry>
  </Placemark>
  <Placemark id="lago_sec1sec2_map_vitto_20250623_RevA_non_hatch.150">
	<Style><LineStyle><color>ff0000ff</color></LineStyle><PolyStyle><fill>0</fill></PolyStyle></Style>
	<ExtendedData><SchemaData schemaUrl="#lago_sec1sec2_map_vitto_20250623_RevA_non_hatch">
		<SimpleData name="Layer">PLAT-EASEMENT-S2</SimpleData>
		<SimpleData name="SubClasses">AcDbEntity:AcDbLine</SimpleData>
		<SimpleData name="Linetype">HIDDEN2</SimpleData>
		<SimpleData name="EntityHandle">225</SimpleData>
	</SchemaData></ExtendedData>
      <MultiGeometry><LineString><coordinates>-97.5525585062948,26.0530315242879,0 -97.5521489964785,26.0530369994195,0</coordinates></LineString></MultiGeometry>
  </Placemark>
  <Placemark id="lago_sec1sec2_map_vitto_20250623_RevA_non_hatch.151">
	<Style><LineStyle><color>ff0000ff</color></LineStyle><PolyStyle><fill>0</fill></PolyStyle></Style>
	<ExtendedData><SchemaData schemaUrl="#lago_sec1sec2_map_vitto_20250623_RevA_non_hatch">
		<SimpleData name="Layer">PLAT-EASEMENT-S2</SimpleData>
		<SimpleData name="SubClasses">AcDbEntity:AcDbLine</SimpleData>
		<SimpleData name="Linetype">HIDDEN2</SimpleData>
		<SimpleData name="EntityHandle">226</SimpleData>
	</SchemaData></ExtendedData>
      <MultiGeometry><LineString><coordinates>-97.5525748900021,26.0538506306175,0 -97.5522182097724,26.0539226572027,0</coordinates></LineString></MultiGeometry>
  </Placemark>
  <Placemark id="lago_sec1sec2_map_vitto_20250623_RevA_non_hatch.152">
	<ExtendedData><SchemaData schemaUrl="#lago_sec1sec2_map_vitto_20250623_RevA_non_hatch">
		<SimpleData name="Layer">PLAT-DIM-EASEMENT-S2</SimpleData>
		<SimpleData name="SubClasses">AcDbEntity:AcDbMText</SimpleData>
		<SimpleData name="EntityHandle">227</SimpleData>
		<SimpleData name="Text">7.5 FT. DRAINAGE 
EASEMENT</SimpleData>
	</SchemaData></ExtendedData>
      <MultiGeometry><Point><coordinates>-97.5522569722099,26.0529921283117,0</coordinates></Point></MultiGeometry>
  </Placemark>
  <Placemark id="lago_sec1sec2_map_vitto_20250623_RevA_non_hatch.153">
	<ExtendedData><SchemaData schemaUrl="#lago_sec1sec2_map_vitto_20250623_RevA_non_hatch">
		<SimpleData name="Layer">PLAT-DIM-S2</SimpleData>
		<SimpleData name="SubClasses">AcDbEntity:AcDbMText</SimpleData>
		<SimpleData name="EntityHandle">228</SimpleData>
		<SimpleData name="Text">N03Â°58'58&quot;W  161.00'</SimpleData>
	</SchemaData></ExtendedData>
      <MultiGeometry><Point><coordinates>-97.5530825292781,26.0520034946351,0</coordinates></Point></MultiGeometry>
  </Placemark>
  <Placemark id="lago_sec1sec2_map_vitto_20250623_RevA_non_hatch.154">
	<ExtendedData><SchemaData schemaUrl="#lago_sec1sec2_map_vitto_20250623_RevA_non_hatch">
		<SimpleData name="Layer">PLAT-DIM-S2</SimpleData>
		<SimpleData name="SubClasses">AcDbEntity:AcDbMText</SimpleData>
		<SimpleData name="EntityHandle">229</SimpleData>
		<SimpleData name="Text">R=940.93'
L=105.22'
(CH:N00°46'45&quot;W
105.16')</SimpleData>
	</SchemaData></ExtendedData>
      <MultiGeometry><Point><coordinates>-97.5532117584813,26.0516853551814,0</coordinates></Point></MultiGeometry>
  </Placemark>
  <Placemark id="lago_sec1sec2_map_vitto_20250623_RevA_non_hatch.155">
	<ExtendedData><SchemaData schemaUrl="#lago_sec1sec2_map_vitto_20250623_RevA_non_hatch">
		<SimpleData name="Layer">PLAT-DIM-S2</SimpleData>
		<SimpleData name="SubClasses">AcDbEntity:AcDbMText</SimpleData>
		<SimpleData name="EntityHandle">22A</SimpleData>
		<SimpleData name="Text">R=1,874.58'
L=348.98'
(CH:N01°21'02&quot;E 348.48')</SimpleData>
	</SchemaData></ExtendedData>
      <MultiGeometry><Point><coordinates>-97.5532023079165,26.0526945668622,0</coordinates></Point></MultiGeometry>
  </Placemark>
  <Placemark id="lago_sec1sec2_map_vitto_20250623_RevA_non_hatch.156">
	<ExtendedData><SchemaData schemaUrl="#lago_sec1sec2_map_vitto_20250623_RevA_non_hatch">
		<SimpleData name="Layer">PLAT-DIM-S2</SimpleData>
		<SimpleData name="SubClasses">AcDbEntity:AcDbMText</SimpleData>
		<SimpleData name="Linetype">Continuous</SimpleData>
		<SimpleData name="EntityHandle">22B</SimpleData>
		<SimpleData name="Text">N87Â°34'43&quot;W   100.00'</SimpleData>
	</SchemaData></ExtendedData>
      <MultiGeometry><Point><coordinates>-97.5528851759999,26.051578204143,0</coordinates></Point></MultiGeometry>
  </Placemark>
  <Placemark id="lago_sec1sec2_map_vitto_20250623_RevA_non_hatch.157">
	<ExtendedData><SchemaData schemaUrl="#lago_sec1sec2_map_vitto_20250623_RevA_non_hatch">
		<SimpleData name="Layer">PLAT-DIM-S2</SimpleData>
		<SimpleData name="SubClasses">AcDbEntity:AcDbMText</SimpleData>
		<SimpleData name="Linetype">Continuous</SimpleData>
		<SimpleData name="EntityHandle">22C</SimpleData>
		<SimpleData name="Text">N83Â°18'58&quot;W   405.44'</SimpleData>
	</SchemaData></ExtendedData>
      <MultiGeometry><Point><coordinates>-97.5521046679573,26.0515411433914,30.085</coordinates></Point></MultiGeometry>
  </Placemark>
  <Placemark id="lago_sec1sec2_map_vitto_20250623_RevA_non_hatch.158">
	<ExtendedData><SchemaData schemaUrl="#lago_sec1sec2_map_vitto_20250623_RevA_non_hatch">
		<SimpleData name="Layer">PLAT-DIM-S2</SimpleData>
		<SimpleData name="SubClasses">AcDbEntity:AcDbMText</SimpleData>
		<SimpleData name="EntityHandle">22D</SimpleData>
		<SimpleData name="Text">N03Â°58'58&quot;W     161.00'</SimpleData>
	</SchemaData></ExtendedData>
      <MultiGeometry><Point><coordinates>-97.552102101234,26.0522516001185,0</coordinates></Point></MultiGeometry>
  </Placemark>
  <Placemark id="lago_sec1sec2_map_vitto_20250623_RevA_non_hatch.159">
	<ExtendedData><SchemaData schemaUrl="#lago_sec1sec2_map_vitto_20250623_RevA_non_hatch">
		<SimpleData name="Layer">PLAT-DIM-S2</SimpleData>
		<SimpleData name="SubClasses">AcDbEntity:AcDbMText</SimpleData>
		<SimpleData name="EntityHandle">22E</SimpleData>
		<SimpleData name="Text">N01Â°43'26&quot;W     450.00'</SimpleData>
	</SchemaData></ExtendedData>
      <MultiGeometry><Point><coordinates>-97.5521282756896,26.0530417121053,0</coordinates></Point></MultiGeometry>
  </Placemark>
  <Placemark id="lago_sec1sec2_map_vitto_20250623_RevA_non_hatch.160">
	<Style><LineStyle><color>ff0000ff</color></LineStyle><PolyStyle><fill>0</fill></PolyStyle></Style>
	<ExtendedData><SchemaData schemaUrl="#lago_sec1sec2_map_vitto_20250623_RevA_non_hatch">
		<SimpleData name="Layer">PLAT-EASEMENT-S2</SimpleData>
		<SimpleData name="SubClasses">AcDbEntity:AcDbLine</SimpleData>
		<SimpleData name="Linetype">HIDDEN2</SimpleData>
		<SimpleData name="EntityHandle">22F</SimpleData>
	</SchemaData></ExtendedData>
      <MultiGeometry><LineString><coordinates>-97.5525915025343,26.0539177511291,0 -97.5522348221049,26.0539897777576,0</coordinates></LineString></MultiGeometry>
  </Placemark>
  <Placemark id="lago_sec1sec2_map_vitto_20250623_RevA_non_hatch.161">
	<Style><LineStyle><color>ff0000ff</color></LineStyle><PolyStyle><fill>0</fill></PolyStyle></Style>
	<ExtendedData><SchemaData schemaUrl="#lago_sec1sec2_map_vitto_20250623_RevA_non_hatch">
		<SimpleData name="Layer">PLAT-EASEMENT-S2</SimpleData>
		<SimpleData name="SubClasses">AcDbEntity:AcDbLine</SimpleData>
		<SimpleData name="Linetype">HIDDEN2</SimpleData>
		<SimpleData name="EntityHandle">231</SimpleData>
	</SchemaData></ExtendedData>
      <MultiGeometry><LineString><coordinates>-97.5529323424588,26.0538931606599,0 -97.5529403561121,26.0538386169415,0</coordinates></LineString></MultiGeometry>
  </Placemark>
  <Placemark id="lago_sec1sec2_map_vitto_20250623_RevA_non_hatch.162">
	<ExtendedData><SchemaData schemaUrl="#lago_sec1sec2_map_vitto_20250623_RevA_non_hatch">
		<SimpleData name="Layer">PLAT-DIM-S2</SimpleData>
		<SimpleData name="SubClasses">AcDbEntity:AcDbMText</SimpleData>
		<SimpleData name="EntityHandle">234</SimpleData>
		<SimpleData name="Text">S00°24'12&quot;E 138.45'</SimpleData>
	</SchemaData></ExtendedData>
      <MultiGeometry><Point><coordinates>-97.5521072306232,26.0517496253206,0</coordinates></Point></MultiGeometry>
  </Placemark>
  <Placemark id="lago_sec1sec2_map_vitto_20250623_RevA_non_hatch.163">
	<ExtendedData><SchemaData schemaUrl="#lago_sec1sec2_map_vitto_20250623_RevA_non_hatch">
		<SimpleData name="Layer">PLAT-DIM-EASEMENT-S2</SimpleData>
		<SimpleData name="SubClasses">AcDbEntity:AcDbMText</SimpleData>
		<SimpleData name="EntityHandle">235</SimpleData>
		<SimpleData name="Text">12.5 FT. DRAINAGE 
EASEMENT</SimpleData>
	</SchemaData></ExtendedData>
      <MultiGeometry><Point><coordinates>-97.5524344637645,26.0539915414629,0</coordinates></Point></MultiGeometry>
  </Placemark>
  <Placemark id="lago_sec1sec2_map_vitto_20250623_RevA_non_hatch.164">
	<Style><LineStyle><color>ff0000ff</color></LineStyle><PolyStyle><fill>0</fill></PolyStyle></Style>
	<ExtendedData><SchemaData schemaUrl="#lago_sec1sec2_map_vitto_20250623_RevA_non_hatch">
		<SimpleData name="Layer">PLAT-EASEMENT-S2</SimpleData>
		<SimpleData name="SubClasses">AcDbEntity:AcDbLine</SimpleData>
		<SimpleData name="Linetype">HIDDEN2</SimpleData>
		<SimpleData name="EntityHandle">236</SimpleData>
	</SchemaData></ExtendedData>
      <MultiGeometry><LineString><coordinates>-97.5529003866858,26.0538944316694,0 -97.5527493256854,26.0539249368065,0</coordinates></LineString></MultiGeometry>
  </Placemark>
  <Placemark id="lago_sec1sec2_map_vitto_20250623_RevA_non_hatch.165">
	<Style><LineStyle><color>ff0000ff</color></LineStyle><PolyStyle><fill>0</fill></PolyStyle></Style>
	<ExtendedData><SchemaData schemaUrl="#lago_sec1sec2_map_vitto_20250623_RevA_non_hatch">
		<SimpleData name="Layer">PLAT-EASEMENT-S2</SimpleData>
		<SimpleData name="SubClasses">AcDbEntity:AcDbCircle:AcDbArc</SimpleData>
		<SimpleData name="Linetype">HIDDEN2</SimpleData>
		<SimpleData name="EntityHandle">237</SimpleData>
	</SchemaData></ExtendedData>
      <MultiGeometry><LineString><coordinates>-97.5529003866858,26.0538944316694,0 -97.5529056475926,26.053893514684,0 -97.5529109589583,26.0538928778111,0 -97.5529163025195,26.0538925232406,0 -97.5529216599019,26.0538924521916,0 -97.5529270126836,26.0538926649085,0 -97.5529323424588,26.0538931606599,0</coordinates></LineString></MultiGeometry>
  </Placemark>
  <Placemark id="lago_sec1sec2_map_vitto_20250623_RevA_non_hatch.166">
	<Style><LineStyle><color>ff0000ff</color></LineStyle><PolyStyle><fill>0</fill></PolyStyle></Style>
	<ExtendedData><SchemaData schemaUrl="#lago_sec1sec2_map_vitto_20250623_RevA_non_hatch">
		<SimpleData name="Layer">PLAT-EASEMENT-S2</SimpleData>
		<SimpleData name="SubClasses">AcDbEntity:AcDbLine</SimpleData>
		<SimpleData name="Linetype">HIDDEN2</SimpleData>
		<SimpleData name="EntityHandle">238</SimpleData>
	</SchemaData></ExtendedData>
      <MultiGeometry><LineString><coordinates>-97.5527460031586,26.053911512708,0 -97.5527493256854,26.0539249368065,0</coordinates></LineString></MultiGeometry>
  </Placemark>
  <Placemark id="lago_sec1sec2_map_vitto_20250623_RevA_non_hatch.167">
	<ExtendedData><SchemaData schemaUrl="#lago_sec1sec2_map_vitto_20250623_RevA_non_hatch">
		<SimpleData name="Layer">PLAT-DIM-EASEMENT-S2</SimpleData>
		<SimpleData name="SubClasses">AcDbEntity:AcDbMText</SimpleData>
		<SimpleData name="EntityHandle">239</SimpleData>
		<SimpleData name="Text">20 FT. ERHWSC 
NONFENCE
EASEMENT</SimpleData>
	</SchemaData></ExtendedData>
      <MultiGeometry><Point><coordinates>-97.5528047353285,26.0540071510609,0</coordinates></Point></MultiGeometry>
  </Placemark>
  <Placemark id="lago_sec1sec2_map_vitto_20250623_RevA_non_hatch.168">
	<ExtendedData><SchemaData schemaUrl="#lago_sec1sec2_map_vitto_20250623_RevA_non_hatch">
		<SimpleData name="Layer">PLAT-DIM-S2</SimpleData>
		<SimpleData name="SubClasses">AcDbEntity:AcDbMText</SimpleData>
		<SimpleData name="EntityHandle">23A</SimpleData>
		<SimpleData name="Text">R=75.00'
L=26.39'</SimpleData>
	</SchemaData></ExtendedData>
      <MultiGeometry><Point><coordinates>-97.5529059651872,26.0537589196345,0</coordinates></Point></MultiGeometry>
  </Placemark>
  <Placemark id="lago_sec1sec2_map_vitto_20250623_RevA_non_hatch.169">
	<ExtendedData><SchemaData schemaUrl="#lago_sec1sec2_map_vitto_20250623_RevA_non_hatch">
		<SimpleData name="Layer">PLAT-DIM-S2</SimpleData>
		<SimpleData name="SubClasses">AcDbEntity:AcDbMText</SimpleData>
		<SimpleData name="EntityHandle">23B</SimpleData>
		<SimpleData name="Text">35.82'</SimpleData>
	</SchemaData></ExtendedData>
      <MultiGeometry><Point><coordinates>-97.5528083955536,26.0536994539187,0</coordinates></Point></MultiGeometry>
  </Placemark>
  <Placemark id="lago_sec1sec2_map_vitto_20250623_RevA_non_hatch.170">
	<ExtendedData><SchemaData schemaUrl="#lago_sec1sec2_map_vitto_20250623_RevA_non_hatch">
		<SimpleData name="Layer">PLAT-DIM-S2</SimpleData>
		<SimpleData name="SubClasses">AcDbEntity:AcDbMText</SimpleData>
		<SimpleData name="EntityHandle">23C</SimpleData>
		<SimpleData name="Text">R=100.00'
L=35.19'</SimpleData>
	</SchemaData></ExtendedData>
      <MultiGeometry><Point><coordinates>-97.55290611368,26.053695708275,0</coordinates></Point></MultiGeometry>
  </Placemark>
  <Placemark id="lago_sec1sec2_map_vitto_20250623_RevA_non_hatch.171">
	<ExtendedData><SchemaData schemaUrl="#lago_sec1sec2_map_vitto_20250623_RevA_non_hatch">
		<SimpleData name="Layer">PLAT-DIM-S2</SimpleData>
		<SimpleData name="SubClasses">AcDbEntity:AcDbMText</SimpleData>
		<SimpleData name="EntityHandle">23D</SimpleData>
		<SimpleData name="Text">L=23.59'</SimpleData>
	</SchemaData></ExtendedData>
      <MultiGeometry><Point><coordinates>-97.5526929784261,26.0533527546941,0</coordinates></Point></MultiGeometry>
  </Placemark>
  <Placemark id="lago_sec1sec2_map_vitto_20250623_RevA_non_hatch.172">
	<ExtendedData><SchemaData schemaUrl="#lago_sec1sec2_map_vitto_20250623_RevA_non_hatch">
		<SimpleData name="Layer">PLAT-DIM-S2</SimpleData>
		<SimpleData name="SubClasses">AcDbEntity:AcDbMText</SimpleData>
		<SimpleData name="EntityHandle">23E</SimpleData>
		<SimpleData name="Text">L=70.00'</SimpleData>
	</SchemaData></ExtendedData>
      <MultiGeometry><Point><coordinates>-97.5527309687754,26.0531000140095,0</coordinates></Point></MultiGeometry>
  </Placemark>
  <Placemark id="lago_sec1sec2_map_vitto_20250623_RevA_non_hatch.173">
	<Style><LineStyle><color>ff0000ff</color></LineStyle><PolyStyle><fill>0</fill></PolyStyle></Style>
	<ExtendedData><SchemaData schemaUrl="#lago_sec1sec2_map_vitto_20250623_RevA_non_hatch">
		<SimpleData name="Layer">PLAT-LOTLINE-S2</SimpleData>
		<SimpleData name="SubClasses">AcDbEntity:AcDbLine</SimpleData>
		<SimpleData name="EntityHandle">23F</SimpleData>
	</SchemaData></ExtendedData>
      <MultiGeometry><LineString><coordinates>-97.5527245824942,26.0526172292664,0 -97.5530595759099,26.0526131359406,0</coordinates></LineString></MultiGeometry>
  </Placemark>
  <Placemark id="lago_sec1sec2_map_vitto_20250623_RevA_non_hatch.174">
	<ExtendedData><SchemaData schemaUrl="#lago_sec1sec2_map_vitto_20250623_RevA_non_hatch">
		<SimpleData name="Layer">PLAT-DIM-S2</SimpleData>
		<SimpleData name="SubClasses">AcDbEntity:AcDbMText</SimpleData>
		<SimpleData name="EntityHandle">240</SimpleData>
		<SimpleData name="Text">L=70.00'</SimpleData>
	</SchemaData></ExtendedData>
      <MultiGeometry><Point><coordinates>-97.5527326546036,26.0529186983688,0</coordinates></Point></MultiGeometry>
  </Placemark>
  <Placemark id="lago_sec1sec2_map_vitto_20250623_RevA_non_hatch.175">
	<ExtendedData><SchemaData schemaUrl="#lago_sec1sec2_map_vitto_20250623_RevA_non_hatch">
		<SimpleData name="Layer">PLAT-DIM-S2</SimpleData>
		<SimpleData name="SubClasses">AcDbEntity:AcDbMText</SimpleData>
		<SimpleData name="EntityHandle">241</SimpleData>
		<SimpleData name="Text">L=70.00'</SimpleData>
	</SchemaData></ExtendedData>
      <MultiGeometry><Point><coordinates>-97.552742180166,26.0527198587044,0</coordinates></Point></MultiGeometry>
  </Placemark>
  <Placemark id="lago_sec1sec2_map_vitto_20250623_RevA_non_hatch.176">
	<ExtendedData><SchemaData schemaUrl="#lago_sec1sec2_map_vitto_20250623_RevA_non_hatch">
		<SimpleData name="Layer">PLAT-DIM-S2</SimpleData>
		<SimpleData name="SubClasses">AcDbEntity:AcDbMText</SimpleData>
		<SimpleData name="EntityHandle">242</SimpleData>
		<SimpleData name="Text">L=74.37'</SimpleData>
	</SchemaData></ExtendedData>
      <MultiGeometry><Point><coordinates>-97.5530352592887,26.0527211106377,0</coordinates></Point></MultiGeometry>
  </Placemark>
  <Placemark id="lago_sec1sec2_map_vitto_20250623_RevA_non_hatch.177">
	<ExtendedData><SchemaData schemaUrl="#lago_sec1sec2_map_vitto_20250623_RevA_non_hatch">
		<SimpleData name="Layer">PLAT-DIM-S2</SimpleData>
		<SimpleData name="SubClasses">AcDbEntity:AcDbMText</SimpleData>
		<SimpleData name="EntityHandle">243</SimpleData>
		<SimpleData name="Text">L=71.82'</SimpleData>
	</SchemaData></ExtendedData>
      <MultiGeometry><Point><coordinates>-97.5527346091755,26.0525057451321,0</coordinates></Point></MultiGeometry>
  </Placemark>
  <Placemark id="lago_sec1sec2_map_vitto_20250623_RevA_non_hatch.178">
	<ExtendedData><SchemaData schemaUrl="#lago_sec1sec2_map_vitto_20250623_RevA_non_hatch">
		<SimpleData name="Layer">PLAT-DIM-S2</SimpleData>
		<SimpleData name="SubClasses">AcDbEntity:AcDbMText</SimpleData>
		<SimpleData name="EntityHandle">244</SimpleData>
		<SimpleData name="Text">69.18'</SimpleData>
	</SchemaData></ExtendedData>
      <MultiGeometry><Point><coordinates>-97.5527157241551,26.0521412060103,0</coordinates></Point></MultiGeometry>
  </Placemark>
  <Placemark id="lago_sec1sec2_map_vitto_20250623_RevA_non_hatch.179">
	<ExtendedData><SchemaData schemaUrl="#lago_sec1sec2_map_vitto_20250623_RevA_non_hatch">
		<SimpleData name="Layer">PLAT-DIM-S2</SimpleData>
		<SimpleData name="SubClasses">AcDbEntity:AcDbMText</SimpleData>
		<SimpleData name="EntityHandle">245</SimpleData>
		<SimpleData name="Text">15.34'</SimpleData>
	</SchemaData></ExtendedData>
      <MultiGeometry><Point><coordinates>-97.5527093866986,26.0520167895585,0</coordinates></Point></MultiGeometry>
  </Placemark>
  <Placemark id="lago_sec1sec2_map_vitto_20250623_RevA_non_hatch.180">
	<ExtendedData><SchemaData schemaUrl="#lago_sec1sec2_map_vitto_20250623_RevA_non_hatch">
		<SimpleData name="Layer">PLAT-DIM-S2</SimpleData>
		<SimpleData name="SubClasses">AcDbEntity:AcDbMText</SimpleData>
		<SimpleData name="EntityHandle">246</SimpleData>
		<SimpleData name="Text">69.18'</SimpleData>
	</SchemaData></ExtendedData>
      <MultiGeometry><Point><coordinates>-97.5530116549856,26.0521219112089,0</coordinates></Point></MultiGeometry>
  </Placemark>
  <Placemark id="lago_sec1sec2_map_vitto_20250623_RevA_non_hatch.181">
	<ExtendedData><SchemaData schemaUrl="#lago_sec1sec2_map_vitto_20250623_RevA_non_hatch">
		<SimpleData name="Layer">PLAT-DIM-S2</SimpleData>
		<SimpleData name="SubClasses">AcDbEntity:AcDbMText</SimpleData>
		<SimpleData name="EntityHandle">247</SimpleData>
		<SimpleData name="Text">69.00'</SimpleData>
	</SchemaData></ExtendedData>
      <MultiGeometry><Point><coordinates>-97.5530223511869,26.0523100414531,0</coordinates></Point></MultiGeometry>
  </Placemark>
  <Placemark id="lago_sec1sec2_map_vitto_20250623_RevA_non_hatch.182">
	<ExtendedData><SchemaData schemaUrl="#lago_sec1sec2_map_vitto_20250623_RevA_non_hatch">
		<SimpleData name="Layer">PLAT-DIM-S2</SimpleData>
		<SimpleData name="SubClasses">AcDbEntity:AcDbMText</SimpleData>
		<SimpleData name="EntityHandle">248</SimpleData>
		<SimpleData name="Text">69.00'</SimpleData>
	</SchemaData></ExtendedData>
      <MultiGeometry><Point><coordinates>-97.5527254854287,26.0523322017773,0</coordinates></Point></MultiGeometry>
  </Placemark>
  <Placemark id="lago_sec1sec2_map_vitto_20250623_RevA_non_hatch.183">
	<ExtendedData><SchemaData schemaUrl="#lago_sec1sec2_map_vitto_20250623_RevA_non_hatch">
		<SimpleData name="Layer">PLAT-DIM-S2</SimpleData>
		<SimpleData name="SubClasses">AcDbEntity:AcDbMText</SimpleData>
		<SimpleData name="EntityHandle">249</SimpleData>
		<SimpleData name="Text">22.82'</SimpleData>
	</SchemaData></ExtendedData>
      <MultiGeometry><Point><coordinates>-97.5530024430018,26.0519960760932,0</coordinates></Point></MultiGeometry>
  </Placemark>
  <Placemark id="lago_sec1sec2_map_vitto_20250623_RevA_non_hatch.184">
	<ExtendedData><SchemaData schemaUrl="#lago_sec1sec2_map_vitto_20250623_RevA_non_hatch">
		<SimpleData name="Layer">PLAT-DIM-S2</SimpleData>
		<SimpleData name="SubClasses">AcDbEntity:AcDbMText</SimpleData>
		<SimpleData name="EntityHandle">24A</SimpleData>
		<SimpleData name="Text">L=35.15'</SimpleData>
	</SchemaData></ExtendedData>
      <MultiGeometry><Point><coordinates>-97.5529999956437,26.0519143454246,0</coordinates></Point></MultiGeometry>
  </Placemark>
  <Placemark id="lago_sec1sec2_map_vitto_20250623_RevA_non_hatch.185">
	<ExtendedData><SchemaData schemaUrl="#lago_sec1sec2_map_vitto_20250623_RevA_non_hatch">
		<SimpleData name="Layer">PLAT-DIM-S2</SimpleData>
		<SimpleData name="SubClasses">AcDbEntity:AcDbMText</SimpleData>
		<SimpleData name="EntityHandle">24B</SimpleData>
		<SimpleData name="Text">110.00'</SimpleData>
	</SchemaData></ExtendedData>
      <MultiGeometry><Point><coordinates>-97.5529431211639,26.0520131584762,0</coordinates></Point></MultiGeometry>
  </Placemark>
  <Placemark id="lago_sec1sec2_map_vitto_20250623_RevA_non_hatch.186">
	<ExtendedData><SchemaData schemaUrl="#lago_sec1sec2_map_vitto_20250623_RevA_non_hatch">
		<SimpleData name="Layer">PLAT-DIM-S2</SimpleData>
		<SimpleData name="SubClasses">AcDbEntity:AcDbMText</SimpleData>
		<SimpleData name="EntityHandle">24C</SimpleData>
		<SimpleData name="Text">106.33'</SimpleData>
	</SchemaData></ExtendedData>
      <MultiGeometry><Point><coordinates>-97.5529577895941,26.0518449355276,0</coordinates></Point></MultiGeometry>
  </Placemark>
  <Placemark id="lago_sec1sec2_map_vitto_20250623_RevA_non_hatch.187">
	<ExtendedData><SchemaData schemaUrl="#lago_sec1sec2_map_vitto_20250623_RevA_non_hatch">
		<SimpleData name="Layer">PLAT-DIM-S2</SimpleData>
		<SimpleData name="SubClasses">AcDbEntity:AcDbMText</SimpleData>
		<SimpleData name="EntityHandle">24D</SimpleData>
		<SimpleData name="Text">110.00'</SimpleData>
	</SchemaData></ExtendedData>
      <MultiGeometry><Point><coordinates>-97.5529641171264,26.0522025466434,0</coordinates></Point></MultiGeometry>
  </Placemark>
  <Placemark id="lago_sec1sec2_map_vitto_20250623_RevA_non_hatch.188">
	<ExtendedData><SchemaData schemaUrl="#lago_sec1sec2_map_vitto_20250623_RevA_non_hatch">
		<SimpleData name="Layer">PLAT-DIM-S2</SimpleData>
		<SimpleData name="SubClasses">AcDbEntity:AcDbMText</SimpleData>
		<SimpleData name="EntityHandle">24E</SimpleData>
		<SimpleData name="Text">110.00'</SimpleData>
	</SchemaData></ExtendedData>
      <MultiGeometry><Point><coordinates>-97.5529238013557,26.0523933847466,0</coordinates></Point></MultiGeometry>
  </Placemark>
  <Placemark id="lago_sec1sec2_map_vitto_20250623_RevA_non_hatch.189">
	<ExtendedData><SchemaData schemaUrl="#lago_sec1sec2_map_vitto_20250623_RevA_non_hatch">
		<SimpleData name="Layer">PLAT-DIM-S2</SimpleData>
		<SimpleData name="SubClasses">AcDbEntity:AcDbMText</SimpleData>
		<SimpleData name="EntityHandle">24F</SimpleData>
		<SimpleData name="Text">110.00'</SimpleData>
	</SchemaData></ExtendedData>
      <MultiGeometry><Point><coordinates>-97.5529749614612,26.0525979419358,0</coordinates></Point></MultiGeometry>
  </Placemark>
  <Placemark id="lago_sec1sec2_map_vitto_20250623_RevA_non_hatch.190">
	<ExtendedData><SchemaData schemaUrl="#lago_sec1sec2_map_vitto_20250623_RevA_non_hatch">
		<SimpleData name="Layer">PLAT-DIM-S2</SimpleData>
		<SimpleData name="SubClasses">AcDbEntity:AcDbMText</SimpleData>
		<SimpleData name="EntityHandle">250</SimpleData>
		<SimpleData name="Text">110.00'</SimpleData>
	</SchemaData></ExtendedData>
      <MultiGeometry><Point><coordinates>-97.5529862652121,26.0528031212927,0</coordinates></Point></MultiGeometry>
  </Placemark>
  <Placemark id="lago_sec1sec2_map_vitto_20250623_RevA_non_hatch.191">
	<ExtendedData><SchemaData schemaUrl="#lago_sec1sec2_map_vitto_20250623_RevA_non_hatch">
		<SimpleData name="Layer">PLAT-DIM-S2</SimpleData>
		<SimpleData name="SubClasses">AcDbEntity:AcDbMText</SimpleData>
		<SimpleData name="EntityHandle">251</SimpleData>
		<SimpleData name="Text">110.00'</SimpleData>
	</SchemaData></ExtendedData>
      <MultiGeometry><Point><coordinates>-97.5529484242676,26.0530005316599,0</coordinates></Point></MultiGeometry>
  </Placemark>
  <Placemark id="lago_sec1sec2_map_vitto_20250623_RevA_non_hatch.192">
	<ExtendedData><SchemaData schemaUrl="#lago_sec1sec2_map_vitto_20250623_RevA_non_hatch">
		<SimpleData name="Layer">PLAT-DIM-S2</SimpleData>
		<SimpleData name="SubClasses">AcDbEntity:AcDbMText</SimpleData>
		<SimpleData name="EntityHandle">252</SimpleData>
		<SimpleData name="Text">110.00'</SimpleData>
	</SchemaData></ExtendedData>
      <MultiGeometry><Point><coordinates>-97.5528744233756,26.0532014113489,0</coordinates></Point></MultiGeometry>
  </Placemark>
  <Placemark id="lago_sec1sec2_map_vitto_20250623_RevA_non_hatch.193">
	<ExtendedData><SchemaData schemaUrl="#lago_sec1sec2_map_vitto_20250623_RevA_non_hatch">
		<SimpleData name="Layer">PLAT-DIM-S2</SimpleData>
		<SimpleData name="SubClasses">AcDbEntity:AcDbMText</SimpleData>
		<SimpleData name="EntityHandle">253</SimpleData>
		<SimpleData name="Text">L=70.06'</SimpleData>
	</SchemaData></ExtendedData>
      <MultiGeometry><Point><coordinates>-97.5529985735677,26.051762496759,0</coordinates></Point></MultiGeometry>
  </Placemark>
  <Placemark id="lago_sec1sec2_map_vitto_20250623_RevA_non_hatch.194">
	<ExtendedData><SchemaData schemaUrl="#lago_sec1sec2_map_vitto_20250623_RevA_non_hatch">
		<SimpleData name="Layer">PLAT-DIM-S2</SimpleData>
		<SimpleData name="SubClasses">AcDbEntity:AcDbMText</SimpleData>
		<SimpleData name="EntityHandle">254</SimpleData>
		<SimpleData name="Text">L=45.09'</SimpleData>
	</SchemaData></ExtendedData>
      <MultiGeometry><Point><coordinates>-97.552731575905,26.0517442364194,0</coordinates></Point></MultiGeometry>
  </Placemark>
  <Placemark id="lago_sec1sec2_map_vitto_20250623_RevA_non_hatch.195">
	<ExtendedData><SchemaData schemaUrl="#lago_sec1sec2_map_vitto_20250623_RevA_non_hatch">
		<SimpleData name="Layer">PLAT-DIM-S2</SimpleData>
		<SimpleData name="SubClasses">AcDbEntity:AcDbMText</SimpleData>
		<SimpleData name="EntityHandle">255</SimpleData>
		<SimpleData name="Text">L=14.29'</SimpleData>
	</SchemaData></ExtendedData>
      <MultiGeometry><Point><coordinates>-97.5527418547539,26.0518325263408,0</coordinates></Point></MultiGeometry>
  </Placemark>
  <Placemark id="lago_sec1sec2_map_vitto_20250623_RevA_non_hatch.196">
	<ExtendedData><SchemaData schemaUrl="#lago_sec1sec2_map_vitto_20250623_RevA_non_hatch">
		<SimpleData name="Layer">PLAT-DIM-S2</SimpleData>
		<SimpleData name="SubClasses">AcDbEntity:AcDbMText</SimpleData>
		<SimpleData name="EntityHandle">256</SimpleData>
		<SimpleData name="Text">L=10.78'</SimpleData>
	</SchemaData></ExtendedData>
      <MultiGeometry><Point><coordinates>-97.5527654109705,26.0516777882785,0</coordinates></Point></MultiGeometry>
  </Placemark>
  <Placemark id="lago_sec1sec2_map_vitto_20250623_RevA_non_hatch.197">
	<ExtendedData><SchemaData schemaUrl="#lago_sec1sec2_map_vitto_20250623_RevA_non_hatch">
		<SimpleData name="Layer">PLAT-DIM-S2</SimpleData>
		<SimpleData name="SubClasses">AcDbEntity:AcDbMText</SimpleData>
		<SimpleData name="EntityHandle">257</SimpleData>
		<SimpleData name="Text">R=325.00'</SimpleData>
	</SchemaData></ExtendedData>
      <MultiGeometry><Point><coordinates>-97.5526500667042,26.0517753772034,0</coordinates></Point></MultiGeometry>
  </Placemark>
  <Placemark id="lago_sec1sec2_map_vitto_20250623_RevA_non_hatch.198">
	<ExtendedData><SchemaData schemaUrl="#lago_sec1sec2_map_vitto_20250623_RevA_non_hatch">
		<SimpleData name="Layer">PLAT-DIM-S2</SimpleData>
		<SimpleData name="SubClasses">AcDbEntity:AcDbMText</SimpleData>
		<SimpleData name="EntityHandle">258</SimpleData>
		<SimpleData name="Text">L=47.24'</SimpleData>
	</SchemaData></ExtendedData>
      <MultiGeometry><Point><coordinates>-97.5526196332092,26.0517693492124,0</coordinates></Point></MultiGeometry>
  </Placemark>
  <Placemark id="lago_sec1sec2_map_vitto_20250623_RevA_non_hatch.199">
	<ExtendedData><SchemaData schemaUrl="#lago_sec1sec2_map_vitto_20250623_RevA_non_hatch">
		<SimpleData name="Layer">PLAT-DIM-S2</SimpleData>
		<SimpleData name="SubClasses">AcDbEntity:AcDbMText</SimpleData>
		<SimpleData name="EntityHandle">259</SimpleData>
		<SimpleData name="Text">23.32'</SimpleData>
	</SchemaData></ExtendedData>
      <MultiGeometry><Point><coordinates>-97.5529819287342,26.0533960111044,0</coordinates></Point></MultiGeometry>
  </Placemark>
  <Placemark id="lago_sec1sec2_map_vitto_20250623_RevA_non_hatch.200">
	<ExtendedData><SchemaData schemaUrl="#lago_sec1sec2_map_vitto_20250623_RevA_non_hatch">
		<SimpleData name="Layer">PLAT-DIM-S2</SimpleData>
		<SimpleData name="SubClasses">AcDbEntity:AcDbMText</SimpleData>
		<SimpleData name="EntityHandle">25A</SimpleData>
		<SimpleData name="Text">101.68'</SimpleData>
	</SchemaData></ExtendedData>
      <MultiGeometry><Point><coordinates>-97.5529554355597,26.0535601983721,0</coordinates></Point></MultiGeometry>
  </Placemark>
  <Placemark id="lago_sec1sec2_map_vitto_20250623_RevA_non_hatch.201">
	<ExtendedData><SchemaData schemaUrl="#lago_sec1sec2_map_vitto_20250623_RevA_non_hatch">
		<SimpleData name="Layer">PLAT-DIM-S2</SimpleData>
		<SimpleData name="SubClasses">AcDbEntity:AcDbMText</SimpleData>
		<SimpleData name="Linetype">Continuous</SimpleData>
		<SimpleData name="EntityHandle">25B</SimpleData>
		<SimpleData name="Text">L=53.62'</SimpleData>
	</SchemaData></ExtendedData>
      <MultiGeometry><Point><coordinates>-97.5525129199465,26.0536830887691,0</coordinates></Point></MultiGeometry>
  </Placemark>
  <Placemark id="lago_sec1sec2_map_vitto_20250623_RevA_non_hatch.202">
	<ExtendedData><SchemaData schemaUrl="#lago_sec1sec2_map_vitto_20250623_RevA_non_hatch">
		<SimpleData name="Layer">PLAT-DIM-S2</SimpleData>
		<SimpleData name="SubClasses">AcDbEntity:AcDbMText</SimpleData>
		<SimpleData name="EntityHandle">25C</SimpleData>
		<SimpleData name="Text">120.00'</SimpleData>
	</SchemaData></ExtendedData>
      <MultiGeometry><Point><coordinates>-97.5523941127374,26.0538772614925,0</coordinates></Point></MultiGeometry>
  </Placemark>
  <Placemark id="lago_sec1sec2_map_vitto_20250623_RevA_non_hatch.203">
	<ExtendedData><SchemaData schemaUrl="#lago_sec1sec2_map_vitto_20250623_RevA_non_hatch">
		<SimpleData name="Layer">PLAT-DIM-S2</SimpleData>
		<SimpleData name="SubClasses">AcDbEntity:AcDbText:AcDbText</SimpleData>
		<SimpleData name="EntityHandle">25D</SimpleData>
		<SimpleData name="Text">120.15'</SimpleData>
	</SchemaData></ExtendedData>
      <MultiGeometry><Point><coordinates>-97.5523533033273,26.053606100147,0</coordinates></Point></MultiGeometry>
  </Placemark>
  <Placemark id="lago_sec1sec2_map_vitto_20250623_RevA_non_hatch.204">
	<ExtendedData><SchemaData schemaUrl="#lago_sec1sec2_map_vitto_20250623_RevA_non_hatch">
		<SimpleData name="Layer">PLAT-DIM-S2</SimpleData>
		<SimpleData name="SubClasses">AcDbEntity:AcDbMText</SimpleData>
		<SimpleData name="Linetype">Continuous</SimpleData>
		<SimpleData name="EntityHandle">25E</SimpleData>
		<SimpleData name="Text">L=100.00'</SimpleData>
	</SchemaData></ExtendedData>
      <MultiGeometry><Point><coordinates>-97.5524950980719,26.0534737154082,0</coordinates></Point></MultiGeometry>
  </Placemark>
  <Placemark id="lago_sec1sec2_map_vitto_20250623_RevA_non_hatch.205">
	<ExtendedData><SchemaData schemaUrl="#lago_sec1sec2_map_vitto_20250623_RevA_non_hatch">
		<SimpleData name="Layer">PLAT-DIM-S2</SimpleData>
		<SimpleData name="SubClasses">AcDbEntity:AcDbMText</SimpleData>
		<SimpleData name="Linetype">Continuous</SimpleData>
		<SimpleData name="EntityHandle">25F</SimpleData>
		<SimpleData name="Text">110.44'</SimpleData>
	</SchemaData></ExtendedData>
      <MultiGeometry><Point><coordinates>-97.5521758444933,26.0534895959941,0</coordinates></Point></MultiGeometry>
  </Placemark>
  <Placemark id="lago_sec1sec2_map_vitto_20250623_RevA_non_hatch.206">
	<ExtendedData><SchemaData schemaUrl="#lago_sec1sec2_map_vitto_20250623_RevA_non_hatch">
		<SimpleData name="Layer">PLAT-DIM-S2</SimpleData>
		<SimpleData name="SubClasses">AcDbEntity:AcDbText:AcDbText</SimpleData>
		<SimpleData name="EntityHandle">260</SimpleData>
		<SimpleData name="Text">121.65'</SimpleData>
	</SchemaData></ExtendedData>
      <MultiGeometry><Point><coordinates>-97.5523469040814,26.0533206089183,0</coordinates></Point></MultiGeometry>
  </Placemark>
  <Placemark id="lago_sec1sec2_map_vitto_20250623_RevA_non_hatch.207">
	<ExtendedData><SchemaData schemaUrl="#lago_sec1sec2_map_vitto_20250623_RevA_non_hatch">
		<SimpleData name="Layer">PLAT-DIM-S2</SimpleData>
		<SimpleData name="SubClasses">AcDbEntity:AcDbMText</SimpleData>
		<SimpleData name="Linetype">Continuous</SimpleData>
		<SimpleData name="EntityHandle">261</SimpleData>
		<SimpleData name="Text">L=8.63'</SimpleData>
	</SchemaData></ExtendedData>
      <MultiGeometry><Point><coordinates>-97.5524915250715,26.0533022184265,0</coordinates></Point></MultiGeometry>
  </Placemark>
  <Placemark id="lago_sec1sec2_map_vitto_20250623_RevA_non_hatch.208">
	<ExtendedData><SchemaData schemaUrl="#lago_sec1sec2_map_vitto_20250623_RevA_non_hatch">
		<SimpleData name="Layer">PLAT-DIM-S2</SimpleData>
		<SimpleData name="SubClasses">AcDbEntity:AcDbMText</SimpleData>
		<SimpleData name="Linetype">Continuous</SimpleData>
		<SimpleData name="EntityHandle">262</SimpleData>
		<SimpleData name="Text">L=91.85'</SimpleData>
	</SchemaData></ExtendedData>
      <MultiGeometry><Point><coordinates>-97.5525195890686,26.0531713158998,0</coordinates></Point></MultiGeometry>
  </Placemark>
  <Placemark id="lago_sec1sec2_map_vitto_20250623_RevA_non_hatch.209">
	<ExtendedData><SchemaData schemaUrl="#lago_sec1sec2_map_vitto_20250623_RevA_non_hatch">
		<SimpleData name="Layer">PLAT-DIM-S2</SimpleData>
		<SimpleData name="SubClasses">AcDbEntity:AcDbMText</SimpleData>
		<SimpleData name="Linetype">Continuous</SimpleData>
		<SimpleData name="EntityHandle">263</SimpleData>
		<SimpleData name="Text">L=100.01'</SimpleData>
	</SchemaData></ExtendedData>
      <MultiGeometry><Point><coordinates>-97.5525430668041,26.052918791698,0</coordinates></Point></MultiGeometry>
  </Placemark>
  <Placemark id="lago_sec1sec2_map_vitto_20250623_RevA_non_hatch.210">
	<ExtendedData><SchemaData schemaUrl="#lago_sec1sec2_map_vitto_20250623_RevA_non_hatch">
		<SimpleData name="Layer">PLAT-DIM-S2</SimpleData>
		<SimpleData name="SubClasses">AcDbEntity:AcDbMText</SimpleData>
		<SimpleData name="Linetype">Continuous</SimpleData>
		<SimpleData name="EntityHandle">264</SimpleData>
		<SimpleData name="Text">L=100.01'</SimpleData>
	</SchemaData></ExtendedData>
      <MultiGeometry><Point><coordinates>-97.5525483658567,26.0526462810588,0</coordinates></Point></MultiGeometry>
  </Placemark>
  <Placemark id="lago_sec1sec2_map_vitto_20250623_RevA_non_hatch.211">
	<ExtendedData><SchemaData schemaUrl="#lago_sec1sec2_map_vitto_20250623_RevA_non_hatch">
		<SimpleData name="Layer">PLAT-DIM-S2</SimpleData>
		<SimpleData name="SubClasses">AcDbEntity:AcDbMText</SimpleData>
		<SimpleData name="Linetype">Continuous</SimpleData>
		<SimpleData name="EntityHandle">265</SimpleData>
		<SimpleData name="Text">72.68'</SimpleData>
	</SchemaData></ExtendedData>
      <MultiGeometry><Point><coordinates>-97.5525369628387,26.0523204085479,0</coordinates></Point></MultiGeometry>
  </Placemark>
  <Placemark id="lago_sec1sec2_map_vitto_20250623_RevA_non_hatch.212">
	<ExtendedData><SchemaData schemaUrl="#lago_sec1sec2_map_vitto_20250623_RevA_non_hatch">
		<SimpleData name="Layer">PLAT-DIM-S2</SimpleData>
		<SimpleData name="SubClasses">AcDbEntity:AcDbMText</SimpleData>
		<SimpleData name="Linetype">Continuous</SimpleData>
		<SimpleData name="EntityHandle">266</SimpleData>
		<SimpleData name="Text">80.85'</SimpleData>
	</SchemaData></ExtendedData>
      <MultiGeometry><Point><coordinates>-97.5525253799336,26.0521321657742,0</coordinates></Point></MultiGeometry>
  </Placemark>
  <Placemark id="lago_sec1sec2_map_vitto_20250623_RevA_non_hatch.213">
	<ExtendedData><SchemaData schemaUrl="#lago_sec1sec2_map_vitto_20250623_RevA_non_hatch">
		<SimpleData name="Layer">PLAT-DIM-S2</SimpleData>
		<SimpleData name="SubClasses">AcDbEntity:AcDbMText</SimpleData>
		<SimpleData name="Linetype">Continuous</SimpleData>
		<SimpleData name="EntityHandle">267</SimpleData>
		<SimpleData name="Text">L=19.16'</SimpleData>
	</SchemaData></ExtendedData>
      <MultiGeometry><Point><coordinates>-97.5525172320766,26.0519969199923,0</coordinates></Point></MultiGeometry>
  </Placemark>
  <Placemark id="lago_sec1sec2_map_vitto_20250623_RevA_non_hatch.214">
	<ExtendedData><SchemaData schemaUrl="#lago_sec1sec2_map_vitto_20250623_RevA_non_hatch">
		<SimpleData name="Layer">PLAT-DIM-S2</SimpleData>
		<SimpleData name="SubClasses">AcDbEntity:AcDbMText</SimpleData>
		<SimpleData name="Linetype">Continuous</SimpleData>
		<SimpleData name="EntityHandle">268</SimpleData>
		<SimpleData name="Text">L=61.43'</SimpleData>
	</SchemaData></ExtendedData>
      <MultiGeometry><Point><coordinates>-97.5525225420806,26.0518715740896,0</coordinates></Point></MultiGeometry>
  </Placemark>
  <Placemark id="lago_sec1sec2_map_vitto_20250623_RevA_non_hatch.215">
	<ExtendedData><SchemaData schemaUrl="#lago_sec1sec2_map_vitto_20250623_RevA_non_hatch">
		<SimpleData name="Layer">PLAT-DIM-S2</SimpleData>
		<SimpleData name="SubClasses">AcDbEntity:AcDbMText</SimpleData>
		<SimpleData name="Linetype">Continuous</SimpleData>
		<SimpleData name="EntityHandle">269</SimpleData>
		<SimpleData name="Text">L=38.65'</SimpleData>
	</SchemaData></ExtendedData>
      <MultiGeometry><Point><coordinates>-97.5525397188845,26.0517468622622,0</coordinates></Point></MultiGeometry>
  </Placemark>
  <Placemark id="lago_sec1sec2_map_vitto_20250623_RevA_non_hatch.216">
	<ExtendedData><SchemaData schemaUrl="#lago_sec1sec2_map_vitto_20250623_RevA_non_hatch">
		<SimpleData name="Layer">PLAT-DIM-S2</SimpleData>
		<SimpleData name="SubClasses">AcDbEntity:AcDbText:AcDbText</SimpleData>
		<SimpleData name="EntityHandle">26A</SimpleData>
		<SimpleData name="Text">133.79'</SimpleData>
	</SchemaData></ExtendedData>
      <MultiGeometry><Point><coordinates>-97.5523605472967,26.05304887271,0</coordinates></Point></MultiGeometry>
  </Placemark>
  <Placemark id="lago_sec1sec2_map_vitto_20250623_RevA_non_hatch.217">
	<ExtendedData><SchemaData schemaUrl="#lago_sec1sec2_map_vitto_20250623_RevA_non_hatch">
		<SimpleData name="Layer">PLAT-DIM-S2</SimpleData>
		<SimpleData name="SubClasses">AcDbEntity:AcDbText:AcDbText</SimpleData>
		<SimpleData name="EntityHandle">26B</SimpleData>
		<SimpleData name="Text">140.18'</SimpleData>
	</SchemaData></ExtendedData>
      <MultiGeometry><Point><coordinates>-97.5523773251678,26.0527721209078,0</coordinates></Point></MultiGeometry>
  </Placemark>
  <Placemark id="lago_sec1sec2_map_vitto_20250623_RevA_non_hatch.218">
	<ExtendedData><SchemaData schemaUrl="#lago_sec1sec2_map_vitto_20250623_RevA_non_hatch">
		<SimpleData name="Layer">PLAT-DIM-S2</SimpleData>
		<SimpleData name="SubClasses">AcDbEntity:AcDbText:AcDbText</SimpleData>
		<SimpleData name="EntityHandle">26C</SimpleData>
		<SimpleData name="Text">140.79'</SimpleData>
	</SchemaData></ExtendedData>
      <MultiGeometry><Point><coordinates>-97.5523413896468,26.0525001496739,0</coordinates></Point></MultiGeometry>
  </Placemark>
  <Placemark id="lago_sec1sec2_map_vitto_20250623_RevA_non_hatch.219">
	<ExtendedData><SchemaData schemaUrl="#lago_sec1sec2_map_vitto_20250623_RevA_non_hatch">
		<SimpleData name="Layer">PLAT-DIM-S2</SimpleData>
		<SimpleData name="SubClasses">AcDbEntity:AcDbText:AcDbText</SimpleData>
		<SimpleData name="EntityHandle">26D</SimpleData>
		<SimpleData name="Text">140.00'</SimpleData>
	</SchemaData></ExtendedData>
      <MultiGeometry><Point><coordinates>-97.5523369208115,26.0522266764314,0</coordinates></Point></MultiGeometry>
  </Placemark>
  <Placemark id="lago_sec1sec2_map_vitto_20250623_RevA_non_hatch.220">
	<ExtendedData><SchemaData schemaUrl="#lago_sec1sec2_map_vitto_20250623_RevA_non_hatch">
		<SimpleData name="Layer">PLAT-DIM-S2</SimpleData>
		<SimpleData name="SubClasses">AcDbEntity:AcDbMText</SimpleData>
		<SimpleData name="Linetype">Continuous</SimpleData>
		<SimpleData name="EntityHandle">26E</SimpleData>
		<SimpleData name="Text">18.52'</SimpleData>
	</SchemaData></ExtendedData>
      <MultiGeometry><Point><coordinates>-97.5521798642153,26.0536615030039,0</coordinates></Point></MultiGeometry>
  </Placemark>
  <Placemark id="lago_sec1sec2_map_vitto_20250623_RevA_non_hatch.221">
	<ExtendedData><SchemaData schemaUrl="#lago_sec1sec2_map_vitto_20250623_RevA_non_hatch">
		<SimpleData name="Layer">PLAT-DIM-S2</SimpleData>
		<SimpleData name="SubClasses">AcDbEntity:AcDbMText</SimpleData>
		<SimpleData name="Linetype">Continuous</SimpleData>
		<SimpleData name="EntityHandle">26F</SimpleData>
		<SimpleData name="Text">95.66'</SimpleData>
	</SchemaData></ExtendedData>
      <MultiGeometry><Point><coordinates>-97.552207784551,26.0538010504801,0</coordinates></Point></MultiGeometry>
  </Placemark>
  <Placemark id="lago_sec1sec2_map_vitto_20250623_RevA_non_hatch.222">
	<ExtendedData><SchemaData schemaUrl="#lago_sec1sec2_map_vitto_20250623_RevA_non_hatch">
		<SimpleData name="Layer">PLAT-DIM-S2</SimpleData>
		<SimpleData name="SubClasses">AcDbEntity:AcDbMText</SimpleData>
		<SimpleData name="Linetype">Continuous</SimpleData>
		<SimpleData name="EntityHandle">270</SimpleData>
		<SimpleData name="Text">99.46'</SimpleData>
	</SchemaData></ExtendedData>
      <MultiGeometry><Point><coordinates>-97.5521728104515,26.0531985869942,0</coordinates></Point></MultiGeometry>
  </Placemark>
  <Placemark id="lago_sec1sec2_map_vitto_20250623_RevA_non_hatch.223">
	<ExtendedData><SchemaData schemaUrl="#lago_sec1sec2_map_vitto_20250623_RevA_non_hatch">
		<SimpleData name="Layer">PLAT-DIM-S2</SimpleData>
		<SimpleData name="SubClasses">AcDbEntity:AcDbMText</SimpleData>
		<SimpleData name="Linetype">Continuous</SimpleData>
		<SimpleData name="EntityHandle">271</SimpleData>
		<SimpleData name="Text">99.80'</SimpleData>
	</SchemaData></ExtendedData>
      <MultiGeometry><Point><coordinates>-97.5521672222824,26.0529196543527,0</coordinates></Point></MultiGeometry>
  </Placemark>
  <Placemark id="lago_sec1sec2_map_vitto_20250623_RevA_non_hatch.224">
	<ExtendedData><SchemaData schemaUrl="#lago_sec1sec2_map_vitto_20250623_RevA_non_hatch">
		<SimpleData name="Layer">PLAT-TEXT-S2</SimpleData>
		<SimpleData name="SubClasses">AcDbEntity:AcDbMText</SimpleData>
		<SimpleData name="EntityHandle">272</SimpleData>
		<SimpleData name="Text">B   L   O   C   K       1</SimpleData>
	</SchemaData></ExtendedData>
      <MultiGeometry><Point><coordinates>-97.5522745970309,26.0523848268747,0</coordinates></Point></MultiGeometry>
  </Placemark>
  <Placemark id="lago_sec1sec2_map_vitto_20250623_RevA_non_hatch.225">
	<ExtendedData><SchemaData schemaUrl="#lago_sec1sec2_map_vitto_20250623_RevA_non_hatch">
		<SimpleData name="Layer">PLAT-DIM-S2</SimpleData>
		<SimpleData name="SubClasses">AcDbEntity:AcDbMText</SimpleData>
		<SimpleData name="Linetype">Continuous</SimpleData>
		<SimpleData name="EntityHandle">273</SimpleData>
		<SimpleData name="Text">96.69'</SimpleData>
	</SchemaData></ExtendedData>
      <MultiGeometry><Point><coordinates>-97.5521626861836,26.0526477987059,0</coordinates></Point></MultiGeometry>
  </Placemark>
  <Placemark id="lago_sec1sec2_map_vitto_20250623_RevA_non_hatch.226">
	<ExtendedData><SchemaData schemaUrl="#lago_sec1sec2_map_vitto_20250623_RevA_non_hatch">
		<SimpleData name="Layer">PLAT-TEXT-S2</SimpleData>
		<SimpleData name="SubClasses">AcDbEntity:AcDbText:AcDbText</SimpleData>
		<SimpleData name="EntityHandle">274</SimpleData>
		<SimpleData name="Text">10</SimpleData>
	</SchemaData></ExtendedData>
      <MultiGeometry><Point><coordinates>-97.5523457954881,26.0523576804112,0</coordinates></Point></MultiGeometry>
  </Placemark>
  <Placemark id="lago_sec1sec2_map_vitto_20250623_RevA_non_hatch.227">
	<ExtendedData><SchemaData schemaUrl="#lago_sec1sec2_map_vitto_20250623_RevA_non_hatch">
		<SimpleData name="Layer">PLAT-DIM-S2</SimpleData>
		<SimpleData name="SubClasses">AcDbEntity:AcDbMText</SimpleData>
		<SimpleData name="Linetype">Continuous</SimpleData>
		<SimpleData name="EntityHandle">275</SimpleData>
		<SimpleData name="Text">153.53'</SimpleData>
	</SchemaData></ExtendedData>
      <MultiGeometry><Point><coordinates>-97.5526406784684,26.0522540019722,0</coordinates></Point></MultiGeometry>
  </Placemark>
  <Placemark id="lago_sec1sec2_map_vitto_20250623_RevA_non_hatch.228">
	<ExtendedData><SchemaData schemaUrl="#lago_sec1sec2_map_vitto_20250623_RevA_non_hatch">
		<SimpleData name="Layer">PLAT-DIM-S2</SimpleData>
		<SimpleData name="SubClasses">AcDbEntity:AcDbMText</SimpleData>
		<SimpleData name="Linetype">Continuous</SimpleData>
		<SimpleData name="EntityHandle">276</SimpleData>
		<SimpleData name="Text">L=27.32'</SimpleData>
	</SchemaData></ExtendedData>
      <MultiGeometry><Point><coordinates>-97.5525454577393,26.0524638407672,0</coordinates></Point></MultiGeometry>
  </Placemark>
  <Placemark id="lago_sec1sec2_map_vitto_20250623_RevA_non_hatch.229">
	<ExtendedData><SchemaData schemaUrl="#lago_sec1sec2_map_vitto_20250623_RevA_non_hatch">
		<SimpleData name="Layer">PLAT-DIM-S2</SimpleData>
		<SimpleData name="SubClasses">AcDbEntity:AcDbMText</SimpleData>
		<SimpleData name="Linetype">Continuous</SimpleData>
		<SimpleData name="EntityHandle">277</SimpleData>
		<SimpleData name="Text">25.10'</SimpleData>
	</SchemaData></ExtendedData>
      <MultiGeometry><Point><coordinates>-97.5521626278961,26.0524862362456,0</coordinates></Point></MultiGeometry>
  </Placemark>
  <Placemark id="lago_sec1sec2_map_vitto_20250623_RevA_non_hatch.230">
	<ExtendedData><SchemaData schemaUrl="#lago_sec1sec2_map_vitto_20250623_RevA_non_hatch">
		<SimpleData name="Layer">PLAT-DIM-S2</SimpleData>
		<SimpleData name="SubClasses">AcDbEntity:AcDbMText</SimpleData>
		<SimpleData name="Linetype">Continuous</SimpleData>
		<SimpleData name="EntityHandle">278</SimpleData>
		<SimpleData name="Text">72.68'</SimpleData>
	</SchemaData></ExtendedData>
      <MultiGeometry><Point><coordinates>-97.5521524927685,26.0523436588009,0</coordinates></Point></MultiGeometry>
  </Placemark>
  <Placemark id="lago_sec1sec2_map_vitto_20250623_RevA_non_hatch.231">
	<ExtendedData><SchemaData schemaUrl="#lago_sec1sec2_map_vitto_20250623_RevA_non_hatch">
		<SimpleData name="Layer">PLAT-DIM-S2</SimpleData>
		<SimpleData name="SubClasses">AcDbEntity:AcDbMText</SimpleData>
		<SimpleData name="Linetype">Continuous</SimpleData>
		<SimpleData name="EntityHandle">279</SimpleData>
		<SimpleData name="Text">88.32'</SimpleData>
	</SchemaData></ExtendedData>
      <MultiGeometry><Point><coordinates>-97.5521411842717,26.0521258673707,0</coordinates></Point></MultiGeometry>
  </Placemark>
  <Placemark id="lago_sec1sec2_map_vitto_20250623_RevA_non_hatch.232">
	<ExtendedData><SchemaData schemaUrl="#lago_sec1sec2_map_vitto_20250623_RevA_non_hatch">
		<SimpleData name="Layer">PLAT-DIM-S2</SimpleData>
		<SimpleData name="SubClasses">AcDbEntity:AcDbText:AcDbText</SimpleData>
		<SimpleData name="EntityHandle">27A</SimpleData>
		<SimpleData name="Text">139.71'</SimpleData>
	</SchemaData></ExtendedData>
      <MultiGeometry><Point><coordinates>-97.5523130558924,26.0519516992082,0</coordinates></Point></MultiGeometry>
  </Placemark>
  <Placemark id="lago_sec1sec2_map_vitto_20250623_RevA_non_hatch.233">
	<ExtendedData><SchemaData schemaUrl="#lago_sec1sec2_map_vitto_20250623_RevA_non_hatch">
		<SimpleData name="Layer">PLAT-TEXT-S2</SimpleData>
		<SimpleData name="SubClasses">AcDbEntity:AcDbMText</SimpleData>
		<SimpleData name="EntityHandle">27C</SimpleData>
		<SimpleData name="Text">B   L   O   C   K       2</SimpleData>
	</SchemaData></ExtendedData>
      <MultiGeometry><Point><coordinates>-97.5529766441259,26.0521380195529,0</coordinates></Point></MultiGeometry>
  </Placemark>
  <Placemark id="lago_sec1sec2_map_vitto_20250623_RevA_non_hatch.234">
	<ExtendedData><SchemaData schemaUrl="#lago_sec1sec2_map_vitto_20250623_RevA_non_hatch">
		<SimpleData name="Layer">PLAT-TEXT-S1</SimpleData>
		<SimpleData name="SubClasses">AcDbEntity:AcDbText:AcDbText</SimpleData>
		<SimpleData name="EntityHandle">27D</SimpleData>
		<SimpleData name="Text">5</SimpleData>
	</SchemaData></ExtendedData>
      <MultiGeometry><Point><coordinates>-97.5528670222566,26.0515264689503,0</coordinates></Point></MultiGeometry>
  </Placemark>
  <Placemark id="lago_sec1sec2_map_vitto_20250623_RevA_non_hatch.235">
	<Style><LineStyle><color>ff0000ff</color></LineStyle><PolyStyle><fill>0</fill></PolyStyle></Style>
	<ExtendedData><SchemaData schemaUrl="#lago_sec1sec2_map_vitto_20250623_RevA_non_hatch">
		<SimpleData name="Layer">PLAT-EASEMENT-S1</SimpleData>
		<SimpleData name="SubClasses">AcDbEntity:AcDbLine</SimpleData>
		<SimpleData name="Linetype">HIDDEN2</SimpleData>
		<SimpleData name="EntityHandle">27E</SimpleData>
	</SchemaData></ExtendedData>
      <MultiGeometry><LineString><coordinates>-97.5525689523624,26.0516584133406,0 -97.552170149719,26.0516106052901,0</coordinates></LineString></MultiGeometry>
  </Placemark>
  <Placemark id="lago_sec1sec2_map_vitto_20250623_RevA_non_hatch.236">
	<ExtendedData><SchemaData schemaUrl="#lago_sec1sec2_map_vitto_20250623_RevA_non_hatch">
		<SimpleData name="Layer">PLAT-DIM-EASEMENT-S1</SimpleData>
		<SimpleData name="SubClasses">AcDbEntity:AcDbMText</SimpleData>
		<SimpleData name="EntityHandle">27F</SimpleData>
		<SimpleData name="Text">7.5 FT. DRAINAGE EASEMENT</SimpleData>
	</SchemaData></ExtendedData>
      <MultiGeometry><Point><coordinates>-97.551989267727,26.0515655888019,0</coordinates></Point></MultiGeometry>
  </Placemark>
  <Placemark id="lago_sec1sec2_map_vitto_20250623_RevA_non_hatch.237">
	<ExtendedData><SchemaData schemaUrl="#lago_sec1sec2_map_vitto_20250623_RevA_non_hatch">
		<SimpleData name="Layer">PLAT-TITLE-S2</SimpleData>
		<SimpleData name="SubClasses">AcDbEntity:AcDbMText</SimpleData>
		<SimpleData name="EntityHandle">2B2</SimpleData>
		<SimpleData name="Text">FINAL PLAT OF </SimpleData>
	</SchemaData></ExtendedData>
      <MultiGeometry><Point><coordinates>-97.5508479367369,26.05211074475,0</coordinates></Point></MultiGeometry>
  </Placemark>
  <Placemark id="lago_sec1sec2_map_vitto_20250623_RevA_non_hatch.238">
	<ExtendedData><SchemaData schemaUrl="#lago_sec1sec2_map_vitto_20250623_RevA_non_hatch">
		<SimpleData name="Layer">PLAT-TITLE-S2</SimpleData>
		<SimpleData name="SubClasses">AcDbEntity:AcDbMText</SimpleData>
		<SimpleData name="EntityHandle">2B3</SimpleData>
		<SimpleData name="Text">SCALE:1&quot;=60'
SURVEYED FOR:</SimpleData>
	</SchemaData></ExtendedData>
      <MultiGeometry><Point><coordinates>-97.5505731916574,26.0519844640013,0</coordinates></Point></MultiGeometry>
  </Placemark>
  <Placemark id="lago_sec1sec2_map_vitto_20250623_RevA_non_hatch.239">
	<ExtendedData><SchemaData schemaUrl="#lago_sec1sec2_map_vitto_20250623_RevA_non_hatch">
		<SimpleData name="Layer">PLAT-TITLE-S2</SimpleData>
		<SimpleData name="SubClasses">AcDbEntity:AcDbMText</SimpleData>
		<SimpleData name="EntityHandle">2B4</SimpleData>
		<SimpleData name="Text">BEING A 12.188 ACRE TRACT OUT OF A 41.237 ACRE TRACT OUT OF A 213.374 ACRE TRACT, IN SHARE 1 OF THE ESPIRITU SANTO GRANT, CAMERON COUNTY, TEXAS, AND SAID 41.237 ACRE TRACT RECORDED IN VOLUME 12669, PAGE 129, OFFICIAL RECORDS OF CAMERON COUNTY, TEXAS.</SimpleData>
	</SchemaData></ExtendedData>
      <MultiGeometry><Point><coordinates>-97.5507085412809,26.0517254020269,0</coordinates></Point></MultiGeometry>
  </Placemark>
  <Placemark id="lago_sec1sec2_map_vitto_20250623_RevA_non_hatch.240">
	<ExtendedData><SchemaData schemaUrl="#lago_sec1sec2_map_vitto_20250623_RevA_non_hatch">
		<SimpleData name="Layer">PLAT-TITLE-S2</SimpleData>
		<SimpleData name="SubClasses">AcDbEntity:AcDbMText</SimpleData>
		<SimpleData name="EntityHandle">2B5</SimpleData>
		<SimpleData name="Text">HACIENDA LAKEVIEW, INC</SimpleData>
	</SchemaData></ExtendedData>
      <MultiGeometry><Point><coordinates>-97.5504666545579,26.0520376214639,0</coordinates></Point></MultiGeometry>
  </Placemark>
  <Placemark id="lago_sec1sec2_map_vitto_20250623_RevA_non_hatch.241">
	<Style><LineStyle><color>ff0000ff</color></LineStyle><PolyStyle><fill>0</fill></PolyStyle></Style>
	<ExtendedData><SchemaData schemaUrl="#lago_sec1sec2_map_vitto_20250623_RevA_non_hatch">
		<SimpleData name="Layer">PLAT-BORDER-S2</SimpleData>
		<SimpleData name="SubClasses">AcDbEntity:AcDbLine</SimpleData>
		<SimpleData name="EntityHandle">2B6</SimpleData>
	</SchemaData></ExtendedData>
      <MultiGeometry><LineString><coordinates>-97.5521162502376,26.0516249579221,0 -97.5513436946461,26.0515323411053,0</coordinates></LineString></MultiGeometry>
  </Placemark>
  <Placemark id="lago_sec1sec2_map_vitto_20250623_RevA_non_hatch.242">
	<ExtendedData><SchemaData schemaUrl="#lago_sec1sec2_map_vitto_20250623_RevA_non_hatch">
		<SimpleData name="Layer">PLAT-TEXT-S1</SimpleData>
		<SimpleData name="SubClasses">AcDbEntity:AcDbMText</SimpleData>
		<SimpleData name="EntityHandle">2B7</SimpleData>
		<SimpleData name="Text">COMMON AREA 
&amp; LAKE</SimpleData>
	</SchemaData></ExtendedData>
      <MultiGeometry><Point><coordinates>-97.551860083404,26.0507951574311,0</coordinates></Point></MultiGeometry>
  </Placemark>
  <Placemark id="lago_sec1sec2_map_vitto_20250623_RevA_non_hatch.243">
	<ExtendedData><SchemaData schemaUrl="#lago_sec1sec2_map_vitto_20250623_RevA_non_hatch">
		<SimpleData name="Layer">PLAT-DIM-EASEMENT-S1</SimpleData>
		<SimpleData name="SubClasses">AcDbEntity:AcDbMText</SimpleData>
		<SimpleData name="EntityHandle">2B8</SimpleData>
		<SimpleData name="Text">5 FT. ERHWSC EASEMENT
(VOL. 21882, PG. 28, C.C.O.R.)</SimpleData>
	</SchemaData></ExtendedData>
      <MultiGeometry><Point><coordinates>-97.5529383722508,26.0510878339658,0</coordinates></Point></MultiGeometry>
  </Placemark>
  <Placemark id="lago_sec1sec2_map_vitto_20250623_RevA_non_hatch.244">
	<ExtendedData><SchemaData schemaUrl="#lago_sec1sec2_map_vitto_20250623_RevA_non_hatch">
		<SimpleData name="Layer">PLAT-DIM-S2</SimpleData>
		<SimpleData name="SubClasses">AcDbEntity:AcDbMText</SimpleData>
		<SimpleData name="EntityHandle">2B9</SimpleData>
		<SimpleData name="Text">L=46.42'</SimpleData>
	</SchemaData></ExtendedData>
      <MultiGeometry><Point><coordinates>-97.552703551016,26.0532588693165,0</coordinates></Point></MultiGeometry>
  </Placemark>
  <Placemark id="lago_sec1sec2_map_vitto_20250623_RevA_non_hatch.245">
	<ExtendedData><SchemaData schemaUrl="#lago_sec1sec2_map_vitto_20250623_RevA_non_hatch">
		<SimpleData name="Layer">PLAT-TITLE-S2</SimpleData>
		<SimpleData name="SubClasses">AcDbEntity:AcDbMText</SimpleData>
		<SimpleData name="EntityHandle">2BA</SimpleData>
		<SimpleData name="Text">&quot;LAGO BELLO SUBDIVISION, SECTION 2&quot;</SimpleData>
	</SchemaData></ExtendedData>
      <MultiGeometry><Point><coordinates>-97.5508041261545,26.051919836129,0</coordinates></Point></MultiGeometry>
  </Placemark>
  <Placemark id="lago_sec1sec2_map_vitto_20250623_RevA_non_hatch.246">
	<ExtendedData><SchemaData schemaUrl="#lago_sec1sec2_map_vitto_20250623_RevA_non_hatch">
		<SimpleData name="Layer">PLAT-TEXT-S1</SimpleData>
		<SimpleData name="SubClasses">AcDbEntity:AcDbMText</SimpleData>
		<SimpleData name="EntityHandle">2F4</SimpleData>
		<SimpleData name="Text">B L O C K   1</SimpleData>
	</SchemaData></ExtendedData>
      <MultiGeometry><Point><coordinates>-97.5523979352,26.0509471680007,0</coordinates></Point></MultiGeometry>
  </Placemark>
  <Placemark id="lago_sec1sec2_map_vitto_20250623_RevA_non_hatch.247">
	<ExtendedData><SchemaData schemaUrl="#lago_sec1sec2_map_vitto_20250623_RevA_non_hatch">
		<SimpleData name="Layer">PLAT-TEXT-S2</SimpleData>
		<SimpleData name="SubClasses">AcDbEntity:AcDbMText</SimpleData>
		<SimpleData name="EntityHandle">2F5</SimpleData>
		<SimpleData name="Text">6</SimpleData>
	</SchemaData></ExtendedData>
      <MultiGeometry><Point><coordinates>-97.5529115683246,26.0516987119138,0</coordinates></Point></MultiGeometry>
  </Placemark>
  <Placemark id="lago_sec1sec2_map_vitto_20250623_RevA_non_hatch.248">
	<Style><LineStyle><color>ff0000ff</color></LineStyle><PolyStyle><fill>0</fill></PolyStyle></Style>
	<ExtendedData><SchemaData schemaUrl="#lago_sec1sec2_map_vitto_20250623_RevA_non_hatch">
		<SimpleData name="Layer">PLAT-BORDER-S1</SimpleData>
		<SimpleData name="SubClasses">AcDbEntity:AcDbLine</SimpleData>
		<SimpleData name="EntityHandle">2F9</SimpleData>
	</SchemaData></ExtendedData>
      <MultiGeometry><LineString><coordinates>-97.5513436961911,26.0515323305914,0 -97.5516673388029,26.0493297500028,0</coordinates></LineString></MultiGeometry>
  </Placemark>
  <Placemark id="lago_sec1sec2_map_vitto_20250623_RevA_non_hatch.249">
	<Style><LineStyle><color>ff0000ff</color></LineStyle><PolyStyle><fill>0</fill></PolyStyle></Style>
	<ExtendedData><SchemaData schemaUrl="#lago_sec1sec2_map_vitto_20250623_RevA_non_hatch">
		<SimpleData name="Layer">PLAT-BORDER-ACCESS</SimpleData>
		<SimpleData name="SubClasses">AcDbEntity:AcDbLine</SimpleData>
		<SimpleData name="Linetype">PHANTOM2</SimpleData>
		<SimpleData name="EntityHandle">2FB</SimpleData>
	</SchemaData></ExtendedData>
      <MultiGeometry><LineString><coordinates>-97.553200302674,26.0486810847794,0 -97.5533256948473,26.0487930981201,0</coordinates></LineString></MultiGeometry>
  </Placemark>
  <Placemark id="lago_sec1sec2_map_vitto_20250623_RevA_non_hatch.250">
	<Style><LineStyle><color>ff0000ff</color></LineStyle><PolyStyle><fill>0</fill></PolyStyle></Style>
	<ExtendedData><SchemaData schemaUrl="#lago_sec1sec2_map_vitto_20250623_RevA_non_hatch">
		<SimpleData name="Layer">PLAT-BORDER-ACCESS</SimpleData>
		<SimpleData name="SubClasses">AcDbEntity:AcDbLine</SimpleData>
		<SimpleData name="Linetype">PHANTOM2</SimpleData>
		<SimpleData name="EntityHandle">2FD</SimpleData>
	</SchemaData></ExtendedData>
      <MultiGeometry><LineString><coordinates>-97.5533256948473,26.0487930981201,0 -97.5534339701912,26.0488898206609,0</coordinates></LineString></MultiGeometry>
  </Placemark>
  <Placemark id="lago_sec1sec2_map_vitto_20250623_RevA_non_hatch.251">
	<Style><LineStyle><color>ff0000ff</color></LineStyle><PolyStyle><fill>0</fill></PolyStyle></Style>
	<ExtendedData><SchemaData schemaUrl="#lago_sec1sec2_map_vitto_20250623_RevA_non_hatch">
		<SimpleData name="Layer">PLAT-BORDER-ACCESS</SimpleData>
		<SimpleData name="SubClasses">AcDbEntity:AcDbLine</SimpleData>
		<SimpleData name="Linetype">PHANTOM2</SimpleData>
		<SimpleData name="EntityHandle">2FE</SimpleData>
	</SchemaData></ExtendedData>
      <MultiGeometry><LineString><coordinates>-97.5534339701912,26.0488898206609,0 -97.5535901252727,26.0490293138145,0</coordinates></LineString></MultiGeometry>
  </Placemark>
  <Placemark id="lago_sec1sec2_map_vitto_20250623_RevA_non_hatch.252">
	<Style><LineStyle><color>ff0000ff</color></LineStyle><PolyStyle><fill>0</fill></PolyStyle></Style>
	<ExtendedData><SchemaData schemaUrl="#lago_sec1sec2_map_vitto_20250623_RevA_non_hatch">
		<SimpleData name="Layer">PLAT-BORDER-S1</SimpleData>
		<SimpleData name="SubClasses">AcDbEntity:AcDbCircle:AcDbArc</SimpleData>
		<SimpleData name="EntityHandle">2FF</SimpleData>
	</SchemaData></ExtendedData>
      <MultiGeometry><LineString><coordinates>-97.5532093431403,26.0508976365109,0 -97.5532712655426,26.0507625667845,0</coordinates></LineString></MultiGeometry>
  </Placemark>
  <Placemark id="lago_sec1sec2_map_vitto_20250623_RevA_non_hatch.253">
	<Style><LineStyle><color>ff0000ff</color></LineStyle><PolyStyle><fill>0</fill></PolyStyle></Style>
	<ExtendedData><SchemaData schemaUrl="#lago_sec1sec2_map_vitto_20250623_RevA_non_hatch">
		<SimpleData name="Layer">PLAT-BORDER-S1</SimpleData>
		<SimpleData name="SubClasses">AcDbEntity:AcDbCircle:AcDbArc</SimpleData>
		<SimpleData name="EntityHandle">300</SimpleData>
	</SchemaData></ExtendedData>
      <MultiGeometry><LineString><coordinates>-97.5530256662671,26.0516717780457,0 -97.5530411843624,26.0515134542962,0 -97.5530674301997,26.0513562892701,0 -97.5531043047856,26.0512008754949,0 -97.5531516690565,26.0510477988934,0 -97.5532093444041,26.0508976365745,0</coordinates></LineString></MultiGeometry>
  </Placemark>
  <Placemark id="lago_sec1sec2_map_vitto_20250623_RevA_non_hatch.254">
	<Style><LineStyle><color>ff0000ff</color></LineStyle><PolyStyle><fill>0</fill></PolyStyle></Style>
	<ExtendedData><SchemaData schemaUrl="#lago_sec1sec2_map_vitto_20250623_RevA_non_hatch">
		<SimpleData name="Layer">PLAT-BORDER-ACCESS</SimpleData>
		<SimpleData name="SubClasses">AcDbEntity:AcDbLine</SimpleData>
		<SimpleData name="EntityHandle">301</SimpleData>
	</SchemaData></ExtendedData>
      <MultiGeometry><LineString><coordinates>-97.5534339701912,26.0488898206609,0 -97.552316988236,26.049910091768,0</coordinates></LineString></MultiGeometry>
  </Placemark>
  <Placemark id="lago_sec1sec2_map_vitto_20250623_RevA_non_hatch.255">
	<Style><LineStyle><color>ff0000ff</color></LineStyle><PolyStyle><fill>0</fill></PolyStyle></Style>
	<ExtendedData><SchemaData schemaUrl="#lago_sec1sec2_map_vitto_20250623_RevA_non_hatch">
		<SimpleData name="Layer">PLAT-EASEMENT-ACCESS</SimpleData>
		<SimpleData name="SubClasses">AcDbEntity:AcDbLine</SimpleData>
		<SimpleData name="Linetype">HIDDEN2</SimpleData>
		<SimpleData name="EntityHandle">302</SimpleData>
	</SchemaData></ExtendedData>
      <MultiGeometry><LineString><coordinates>-97.5534664528302,26.0489188374071,0 -97.5523494708815,26.0499391087782,0</coordinates></LineString></MultiGeometry>
  </Placemark>
  <Placemark id="lago_sec1sec2_map_vitto_20250623_RevA_non_hatch.256">
	<Style><LineStyle><color>ff0000ff</color></LineStyle><PolyStyle><fill>0</fill></PolyStyle></Style>
	<ExtendedData><SchemaData schemaUrl="#lago_sec1sec2_map_vitto_20250623_RevA_non_hatch">
		<SimpleData name="Layer">PLAT-CL-ACCESS</SimpleData>
		<SimpleData name="SubClasses">AcDbEntity:AcDbLine</SimpleData>
		<SimpleData name="Linetype">CENTER2</SimpleData>
		<SimpleData name="EntityHandle">303</SimpleData>
	</SchemaData></ExtendedData>
      <MultiGeometry><LineString><coordinates>-97.5533906600316,26.0488511316545,0 -97.5522736829999,26.0498713979045,0</coordinates></LineString></MultiGeometry>
  </Placemark>
  <Placemark id="lago_sec1sec2_map_vitto_20250623_RevA_non_hatch.257">
	<Style><LineStyle><color>ff0000ff</color></LineStyle><PolyStyle><fill>0</fill></PolyStyle></Style>
	<ExtendedData><SchemaData schemaUrl="#lago_sec1sec2_map_vitto_20250623_RevA_non_hatch">
		<SimpleData name="Layer">PLAT-BORDER-S1</SimpleData>
		<SimpleData name="SubClasses">AcDbEntity:AcDbLine</SimpleData>
		<SimpleData name="EntityHandle">304</SimpleData>
	</SchemaData></ExtendedData>
      <MultiGeometry><LineString><coordinates>-97.552316988236,26.049910091768,0 -97.5528909820041,26.0504228417774,0</coordinates></LineString></MultiGeometry>
  </Placemark>
  <Placemark id="lago_sec1sec2_map_vitto_20250623_RevA_non_hatch.258">
	<Style><LineStyle><color>ff0000ff</color></LineStyle><PolyStyle><fill>0</fill></PolyStyle></Style>
	<ExtendedData><SchemaData schemaUrl="#lago_sec1sec2_map_vitto_20250623_RevA_non_hatch">
		<SimpleData name="Layer">PLAT-EASEMENT-S1</SimpleData>
		<SimpleData name="SubClasses">AcDbEntity:AcDbLine</SimpleData>
		<SimpleData name="Linetype">HIDDEN2</SimpleData>
		<SimpleData name="EntityHandle">305</SimpleData>
	</SchemaData></ExtendedData>
      <MultiGeometry><LineString><coordinates>-97.551657287696,26.0493981550494,0 -97.5527717827676,26.050393744643,0</coordinates></LineString></MultiGeometry>
  </Placemark>
  <Placemark id="lago_sec1sec2_map_vitto_20250623_RevA_non_hatch.259">
	<Style><LineStyle><color>ff0000ff</color></LineStyle><PolyStyle><fill>0</fill></PolyStyle></Style>
	<ExtendedData><SchemaData schemaUrl="#lago_sec1sec2_map_vitto_20250623_RevA_non_hatch">
		<SimpleData name="Layer">PLAT-EASEMENT-S1</SimpleData>
		<SimpleData name="SubClasses">AcDbEntity:AcDbLine</SimpleData>
		<SimpleData name="Linetype">HIDDEN2</SimpleData>
		<SimpleData name="EntityHandle">306</SimpleData>
	</SchemaData></ExtendedData>
      <MultiGeometry><LineString><coordinates>-97.5527862608578,26.0504066778936,0 -97.5528533865412,26.0504666410824,0</coordinates></LineString></MultiGeometry>
  </Placemark>
  <Placemark id="lago_sec1sec2_map_vitto_20250623_RevA_non_hatch.260">
	<Style><LineStyle><color>ff0000ff</color></LineStyle><PolyStyle><fill>0</fill></PolyStyle></Style>
	<ExtendedData><SchemaData schemaUrl="#lago_sec1sec2_map_vitto_20250623_RevA_non_hatch">
		<SimpleData name="Layer">PLAT-EASEMENT-S1</SimpleData>
		<SimpleData name="SubClasses">AcDbEntity:AcDbLine</SimpleData>
		<SimpleData name="Linetype">HIDDEN2</SimpleData>
		<SimpleData name="EntityHandle">307</SimpleData>
	</SchemaData></ExtendedData>
      <MultiGeometry><LineString><coordinates>-97.5528990720699,26.0505074517857,0 -97.5529780827569,26.0505780316181,0</coordinates></LineString></MultiGeometry>
  </Placemark>
  <Placemark id="lago_sec1sec2_map_vitto_20250623_RevA_non_hatch.261">
	<Style><LineStyle><color>ff0000ff</color></LineStyle><PolyStyle><fill>0</fill></PolyStyle></Style>
	<ExtendedData><SchemaData schemaUrl="#lago_sec1sec2_map_vitto_20250623_RevA_non_hatch">
		<SimpleData name="Layer">PLAT-CL-S1</SimpleData>
		<SimpleData name="SubClasses">AcDbEntity:AcDbLine</SimpleData>
		<SimpleData name="Linetype">CENTER2</SimpleData>
		<SimpleData name="EntityHandle">308</SimpleData>
	</SchemaData></ExtendedData>
      <MultiGeometry><LineString><coordinates>-97.5525564848802,26.0502594564659,0 -97.5528249665971,26.0504992910566,0</coordinates></LineString></MultiGeometry>
  </Placemark>
  <Placemark id="lago_sec1sec2_map_vitto_20250623_RevA_non_hatch.262">
	<Style><LineStyle><color>ff0000ff</color></LineStyle><PolyStyle><fill>0</fill></PolyStyle></Style>
	<ExtendedData><SchemaData schemaUrl="#lago_sec1sec2_map_vitto_20250623_RevA_non_hatch">
		<SimpleData name="Layer">PLAT-EASEMENT-S1</SimpleData>
		<SimpleData name="SubClasses">AcDbEntity:AcDbLine</SimpleData>
		<SimpleData name="Linetype">HIDDEN2</SimpleData>
		<SimpleData name="EntityHandle">30A</SimpleData>
	</SchemaData></ExtendedData>
      <MultiGeometry><LineString><coordinates>-97.5525029289515,26.0503083440744,0 -97.5527983572592,26.050572250071,0</coordinates></LineString></MultiGeometry>
  </Placemark>
  <Placemark id="lago_sec1sec2_map_vitto_20250623_RevA_non_hatch.263">
	<Style><LineStyle><color>ff0000ff</color></LineStyle><PolyStyle><fill>0</fill></PolyStyle></Style>
	<ExtendedData><SchemaData schemaUrl="#lago_sec1sec2_map_vitto_20250623_RevA_non_hatch">
		<SimpleData name="Layer">PLAT-BORDER-S1</SimpleData>
		<SimpleData name="SubClasses">AcDbEntity:AcDbLine</SimpleData>
		<SimpleData name="EntityHandle">30B</SimpleData>
	</SchemaData></ExtendedData>
      <MultiGeometry><LineString><coordinates>-97.5528909820041,26.0504228417774,0 -97.5532712702927,26.0507625503971,0</coordinates></LineString></MultiGeometry>
  </Placemark>
  <Placemark id="lago_sec1sec2_map_vitto_20250623_RevA_non_hatch.264">
	<Style><LineStyle><color>ff0000ff</color></LineStyle><PolyStyle><fill>0</fill></PolyStyle></Style>
	<ExtendedData><SchemaData schemaUrl="#lago_sec1sec2_map_vitto_20250623_RevA_non_hatch">
		<SimpleData name="Layer">PLAT-CL-S1</SimpleData>
		<SimpleData name="SubClasses">AcDbEntity:AcDbLine</SimpleData>
		<SimpleData name="Linetype">CENTER2</SimpleData>
		<SimpleData name="EntityHandle">30D</SimpleData>
	</SchemaData></ExtendedData>
      <MultiGeometry><LineString><coordinates>-97.5520254832364,26.0497851084793,0 -97.5520747917318,26.0498291564,0</coordinates></LineString></MultiGeometry>
  </Placemark>
  <Placemark id="lago_sec1sec2_map_vitto_20250623_RevA_non_hatch.265">
	<Style><LineStyle><color>ff0000ff</color></LineStyle><PolyStyle><fill>0</fill></PolyStyle></Style>
	<ExtendedData><SchemaData schemaUrl="#lago_sec1sec2_map_vitto_20250623_RevA_non_hatch">
		<SimpleData name="Layer">PLAT-LOTLINE-S1</SimpleData>
		<SimpleData name="SubClasses">AcDbEntity:AcDbLine</SimpleData>
		<SimpleData name="EntityHandle">30E</SimpleData>
	</SchemaData></ExtendedData>
      <MultiGeometry><LineString><coordinates>-97.5516396982298,26.0495178638807,0 -97.5520909272635,26.0499209541358,0</coordinates></LineString></MultiGeometry>
  </Placemark>
  <Placemark id="lago_sec1sec2_map_vitto_20250623_RevA_non_hatch.266">
	<Style><LineStyle><color>ff0000ff</color></LineStyle><PolyStyle><fill>0</fill></PolyStyle></Style>
	<ExtendedData><SchemaData schemaUrl="#lago_sec1sec2_map_vitto_20250623_RevA_non_hatch">
		<SimpleData name="Layer">PLAT-EASEMENT-S1</SimpleData>
		<SimpleData name="SubClasses">AcDbEntity:AcDbLine</SimpleData>
		<SimpleData name="Linetype">HIDDEN2</SimpleData>
		<SimpleData name="EntityHandle">30F</SimpleData>
	</SchemaData></ExtendedData>
      <MultiGeometry><LineString><coordinates>-97.5516371854459,26.0495349651423,0 -97.5520760513518,26.0499270112286,0</coordinates></LineString></MultiGeometry>
  </Placemark>
  <Placemark id="lago_sec1sec2_map_vitto_20250623_RevA_non_hatch.267">
	<Style><LineStyle><color>ff0000ff</color></LineStyle><PolyStyle><fill>0</fill></PolyStyle></Style>
	<ExtendedData><SchemaData schemaUrl="#lago_sec1sec2_map_vitto_20250623_RevA_non_hatch">
		<SimpleData name="Layer">PLAT-EASEMENT-S1</SimpleData>
		<SimpleData name="SubClasses">AcDbEntity:AcDbLine</SimpleData>
		<SimpleData name="Linetype">HIDDEN2</SimpleData>
		<SimpleData name="EntityHandle">310</SimpleData>
	</SchemaData></ExtendedData>
      <MultiGeometry><LineString><coordinates>-97.5516346726613,26.049552066404,0 -97.5520911667335,26.0499598598907,0</coordinates></LineString></MultiGeometry>
  </Placemark>
  <Placemark id="lago_sec1sec2_map_vitto_20250623_RevA_non_hatch.268">
	<Style><LineStyle><color>ff0000ff</color></LineStyle><PolyStyle><fill>0</fill></PolyStyle></Style>
	<ExtendedData><SchemaData schemaUrl="#lago_sec1sec2_map_vitto_20250623_RevA_non_hatch">
		<SimpleData name="Layer">PLAT-BORDER-ACCESS</SimpleData>
		<SimpleData name="SubClasses">AcDbEntity:AcDbLine</SimpleData>
		<SimpleData name="EntityHandle">311</SimpleData>
	</SchemaData></ExtendedData>
      <MultiGeometry><LineString><coordinates>-97.5522087128708,26.0498133683468,0 -97.5533256948473,26.0487930981201,0</coordinates></LineString></MultiGeometry>
  </Placemark>
  <Placemark id="lago_sec1sec2_map_vitto_20250623_RevA_non_hatch.269">
	<Style><LineStyle><color>ff0000ff</color></LineStyle><PolyStyle><fill>0</fill></PolyStyle></Style>
	<ExtendedData><SchemaData schemaUrl="#lago_sec1sec2_map_vitto_20250623_RevA_non_hatch">
		<SimpleData name="Layer">PLAT-EASEMENT-ACCESS</SimpleData>
		<SimpleData name="SubClasses">AcDbEntity:AcDbLine</SimpleData>
		<SimpleData name="Linetype">HIDDEN2</SimpleData>
		<SimpleData name="EntityHandle">312</SimpleData>
	</SchemaData></ExtendedData>
      <MultiGeometry><LineString><coordinates>-97.5521654027762,26.0497746789553,0 -97.5532823847612,26.0487544090807,0</coordinates></LineString></MultiGeometry>
  </Placemark>
  <Placemark id="lago_sec1sec2_map_vitto_20250623_RevA_non_hatch.270">
	<Style><LineStyle><color>ff0000ff</color></LineStyle><PolyStyle><fill>0</fill></PolyStyle></Style>
	<ExtendedData><SchemaData schemaUrl="#lago_sec1sec2_map_vitto_20250623_RevA_non_hatch">
		<SimpleData name="Layer">PLAT-EASEMENT-ACCESS</SimpleData>
		<SimpleData name="SubClasses">AcDbEntity:AcDbLine</SimpleData>
		<SimpleData name="Linetype">HIDDEN2</SimpleData>
		<SimpleData name="EntityHandle">313</SimpleData>
	</SchemaData></ExtendedData>
      <MultiGeometry><LineString><coordinates>-97.5520911667335,26.0499598598907,0 -97.5531255400892,26.0490150496566,0</coordinates></LineString></MultiGeometry>
  </Placemark>
  <Placemark id="lago_sec1sec2_map_vitto_20250623_RevA_non_hatch.271">
	<Style><LineStyle><color>ff0000ff</color></LineStyle><PolyStyle><fill>0</fill></PolyStyle></Style>
	<ExtendedData><SchemaData schemaUrl="#lago_sec1sec2_map_vitto_20250623_RevA_non_hatch">
		<SimpleData name="Layer">PLAT-EASEMENT-ACCESS</SimpleData>
		<SimpleData name="SubClasses">AcDbEntity:AcDbLine</SimpleData>
		<SimpleData name="Linetype">HIDDEN2</SimpleData>
		<SimpleData name="EntityHandle">314</SimpleData>
	</SchemaData></ExtendedData>
      <MultiGeometry><LineString><coordinates>-97.5531398577032,26.0490019715967,0 -97.5533473499014,26.0488124426349,0</coordinates></LineString></MultiGeometry>
  </Placemark>
  <Placemark id="lago_sec1sec2_map_vitto_20250623_RevA_non_hatch.272">
	<ExtendedData><SchemaData schemaUrl="#lago_sec1sec2_map_vitto_20250623_RevA_non_hatch">
		<SimpleData name="Layer">PLAT-TEXT-ACCESS</SimpleData>
		<SimpleData name="SubClasses">AcDbEntity:AcDbMText</SimpleData>
		<SimpleData name="Linetype">Continuous</SimpleData>
		<SimpleData name="EntityHandle">316</SimpleData>
		<SimpleData name="Text">N43°48'18&quot;E</SimpleData>
	</SchemaData></ExtendedData>
      <MultiGeometry><Point><coordinates>-97.5530648555307,26.0492644979161,0</coordinates></Point></MultiGeometry>
  </Placemark>
  <Placemark id="lago_sec1sec2_map_vitto_20250623_RevA_non_hatch.273">
	<ExtendedData><SchemaData schemaUrl="#lago_sec1sec2_map_vitto_20250623_RevA_non_hatch">
		<SimpleData name="Layer">PLAT-TEXT-ACCESS</SimpleData>
		<SimpleData name="SubClasses">AcDbEntity:AcDbMText</SimpleData>
		<SimpleData name="Linetype">Continuous</SimpleData>
		<SimpleData name="EntityHandle">317</SimpleData>
		<SimpleData name="Text">521.58'</SimpleData>
	</SchemaData></ExtendedData>
      <MultiGeometry><Point><coordinates>-97.552735703589,26.0495667687238,0</coordinates></Point></MultiGeometry>
  </Placemark>
  <Placemark id="lago_sec1sec2_map_vitto_20250623_RevA_non_hatch.274">
	<ExtendedData><SchemaData schemaUrl="#lago_sec1sec2_map_vitto_20250623_RevA_non_hatch">
		<SimpleData name="Layer">PLAT-TEXT-ACCESS</SimpleData>
		<SimpleData name="SubClasses">AcDbEntity:AcDbMText</SimpleData>
		<SimpleData name="Linetype">Continuous</SimpleData>
		<SimpleData name="EntityHandle">318</SimpleData>
		<SimpleData name="Text">521.58'</SimpleData>
	</SchemaData></ExtendedData>
      <MultiGeometry><Point><coordinates>-97.5527188988777,26.0493251426082,0</coordinates></Point></MultiGeometry>
  </Placemark>
  <Placemark id="lago_sec1sec2_map_vitto_20250623_RevA_non_hatch.275">
	<ExtendedData><SchemaData schemaUrl="#lago_sec1sec2_map_vitto_20250623_RevA_non_hatch">
		<SimpleData name="Layer">PLAT-DIM-S1</SimpleData>
		<SimpleData name="SubClasses">AcDbEntity:AcDbMText</SimpleData>
		<SimpleData name="Linetype">Continuous</SimpleData>
		<SimpleData name="EntityHandle">319</SimpleData>
		<SimpleData name="Text">N46Â°11'42&quot;W     440.67'</SimpleData>
	</SchemaData></ExtendedData>
      <MultiGeometry><Point><coordinates>-97.5527558241685,26.0502525244544,0</coordinates></Point></MultiGeometry>
  </Placemark>
  <Placemark id="lago_sec1sec2_map_vitto_20250623_RevA_non_hatch.276">
	<ExtendedData><SchemaData schemaUrl="#lago_sec1sec2_map_vitto_20250623_RevA_non_hatch">
		<SimpleData name="Layer">PLAT-DIM-S1</SimpleData>
		<SimpleData name="SubClasses">AcDbEntity:AcDbMText</SimpleData>
		<SimpleData name="Linetype">Continuous</SimpleData>
		<SimpleData name="EntityHandle">31A</SimpleData>
		<SimpleData name="Text">N46°11'42&quot;W</SimpleData>
	</SchemaData></ExtendedData>
      <MultiGeometry><Point><coordinates>-97.5519045784028,26.0494948937577,0</coordinates></Point></MultiGeometry>
  </Placemark>
  <Placemark id="lago_sec1sec2_map_vitto_20250623_RevA_non_hatch.277">
	<ExtendedData><SchemaData schemaUrl="#lago_sec1sec2_map_vitto_20250623_RevA_non_hatch">
		<SimpleData name="Layer">PLAT-DIM-S1</SimpleData>
		<SimpleData name="SubClasses">AcDbEntity:AcDbMText</SimpleData>
		<SimpleData name="Linetype">Continuous</SimpleData>
		<SimpleData name="EntityHandle">31B</SimpleData>
		<SimpleData name="Text">250.00'</SimpleData>
	</SchemaData></ExtendedData>
      <MultiGeometry><Point><coordinates>-97.5520681706726,26.0496398569574,0</coordinates></Point></MultiGeometry>
  </Placemark>
  <Placemark id="lago_sec1sec2_map_vitto_20250623_RevA_non_hatch.278">
	<ExtendedData><SchemaData schemaUrl="#lago_sec1sec2_map_vitto_20250623_RevA_non_hatch">
		<SimpleData name="Layer">PLAT-DIM-S1</SimpleData>
		<SimpleData name="SubClasses">AcDbEntity:AcDbMText</SimpleData>
		<SimpleData name="Linetype">Continuous</SimpleData>
		<SimpleData name="EntityHandle">31C</SimpleData>
		<SimpleData name="Text">S06°41'02&quot;W</SimpleData>
	</SchemaData></ExtendedData>
      <MultiGeometry><Point><coordinates>-97.5514782758926,26.0502475685228,0</coordinates></Point></MultiGeometry>
  </Placemark>
  <Placemark id="lago_sec1sec2_map_vitto_20250623_RevA_non_hatch.279">
	<Style><LineStyle><color>ff0000ff</color></LineStyle><PolyStyle><fill>0</fill></PolyStyle></Style>
	<ExtendedData><SchemaData schemaUrl="#lago_sec1sec2_map_vitto_20250623_RevA_non_hatch">
		<SimpleData name="Layer">PLAT-LOTLINE-S1</SimpleData>
		<SimpleData name="SubClasses">AcDbEntity:AcDbCircle:AcDbArc</SimpleData>
		<SimpleData name="EntityHandle">31D</SimpleData>
	</SchemaData></ExtendedData>
      <MultiGeometry><LineString><coordinates>-97.5527216122741,26.0516559561266,0 -97.5527409690587,26.0514646295316,0 -97.5527744844779,26.0512749058913,0 -97.5528220076106,26.05108763914,0 -97.5528833244907,26.0509036721494,0 -97.5529581590713,26.0507238329355,0</coordinates></LineString></MultiGeometry>
  </Placemark>
  <Placemark id="lago_sec1sec2_map_vitto_20250623_RevA_non_hatch.280">
	<Style><LineStyle><color>ff0000ff</color></LineStyle><PolyStyle><fill>0</fill></PolyStyle></Style>
	<ExtendedData><SchemaData schemaUrl="#lago_sec1sec2_map_vitto_20250623_RevA_non_hatch">
		<SimpleData name="Layer">PLAT-LOTLINE-S1</SimpleData>
		<SimpleData name="SubClasses">AcDbEntity:AcDbCircle:AcDbArc</SimpleData>
		<SimpleData name="EntityHandle">31E</SimpleData>
	</SchemaData></ExtendedData>
      <MultiGeometry><LineString><coordinates>-97.5528909820038,26.0504228417772,0 -97.5529055335551,26.0504367787411,0 -97.5529189760615,26.0504515966828,0 -97.5529312443373,26.0504672237472,0 -97.5529422788908,26.0504835841559,0 -97.5529520262127,26.050500598574,0 -97.5529604390359,26.0505181844953,0 -97.5529674765643,26.0505362566422,0 -97.5529731046708,26.0505547273792,0 -97.5529772960628,26.050573507138,0 -97.5529800304149,26.0505925048518,0 -97.5529812944668,26.0506116283966,0 -97.552981082088,26.0506307850385,0 -97.5529793943078,26.0506498818827,0 -97.5529762393099,26.0506688263247,0 -97.5529716323926,26.0506875264988,0 -97.5529655958954,26.0507058917236,0 -97.5529581590897,26.0507238329422,0</coordinates></LineString></MultiGeometry>
  </Placemark>
  <Placemark id="lago_sec1sec2_map_vitto_20250623_RevA_non_hatch.281">
	<Style><LineStyle><color>ff0000ff</color></LineStyle><PolyStyle><fill>0</fill></PolyStyle></Style>
	<ExtendedData><SchemaData schemaUrl="#lago_sec1sec2_map_vitto_20250623_RevA_non_hatch">
		<SimpleData name="Layer">PLAT-EASEMENT-S1</SimpleData>
		<SimpleData name="SubClasses">AcDbEntity:AcDbCircle:AcDbArc</SimpleData>
		<SimpleData name="Linetype">HIDDEN2</SimpleData>
		<SimpleData name="EntityHandle">31F</SimpleData>
	</SchemaData></ExtendedData>
      <MultiGeometry><LineString><coordinates>-97.5529603293977,26.050484803409,0 -97.5529696297521,26.0505023113263,0 -97.5529776068438,26.0505203441248,0 -97.5529842246214,26.050538820309,0 -97.5529894531767,26.0505576563799,0 -97.5529932688796,26.0505767672116,0 -97.5529956544852,26.0505960664367,0 -97.5529965992113,26.0506154668365,0 -97.5529960987878,26.0506348807347,0 -97.5529941554755,26.050654220394,0 -97.5529907780561,26.0506733984127,0 -97.5529859817925,26.0506923281196,0 -97.5529797883597,26.0507109239654,0 -97.5529722257471,26.0507291019098,0</coordinates></LineString></MultiGeometry>
  </Placemark>
  <Placemark id="lago_sec1sec2_map_vitto_20250623_RevA_non_hatch.282">
	<Style><LineStyle><color>ff0000ff</color></LineStyle><PolyStyle><fill>0</fill></PolyStyle></Style>
	<ExtendedData><SchemaData schemaUrl="#lago_sec1sec2_map_vitto_20250623_RevA_non_hatch">
		<SimpleData name="Layer">PLAT-CL-S1</SimpleData>
		<SimpleData name="SubClasses">AcDbEntity:AcDbCircle:AcDbArc</SimpleData>
		<SimpleData name="Linetype">CENTER2</SimpleData>
		<SimpleData name="EntityHandle">320</SimpleData>
	</SchemaData></ExtendedData>
      <MultiGeometry><LineString><coordinates>-97.5527490379253,26.051067873494,0 -97.552806689769,26.0508937686197,0 -97.5528761694186,26.0507232236678,0</coordinates></LineString></MultiGeometry>
  </Placemark>
  <Placemark id="lago_sec1sec2_map_vitto_20250623_RevA_non_hatch.283">
	<Style><LineStyle><color>ff0000ff</color></LineStyle><PolyStyle><fill>0</fill></PolyStyle></Style>
	<ExtendedData><SchemaData schemaUrl="#lago_sec1sec2_map_vitto_20250623_RevA_non_hatch">
		<SimpleData name="Layer">PLAT-CL-S1</SimpleData>
		<SimpleData name="SubClasses">AcDbEntity:AcDbCircle:AcDbArc</SimpleData>
		<SimpleData name="Linetype">CENTER2</SimpleData>
		<SimpleData name="EntityHandle">321</SimpleData>
	</SchemaData></ExtendedData>
      <MultiGeometry><LineString><coordinates>-97.5526447069278,26.051666581109,0 -97.5526633797445,26.0514710873406,0 -97.5526964841186,26.0512771591907,0 -97.5527438717599,26.051085664927,0</coordinates></LineString></MultiGeometry>
  </Placemark>
  <Placemark id="lago_sec1sec2_map_vitto_20250623_RevA_non_hatch.284">
	<Style><LineStyle><color>ff0000ff</color></LineStyle><PolyStyle><fill>0</fill></PolyStyle></Style>
	<ExtendedData><SchemaData schemaUrl="#lago_sec1sec2_map_vitto_20250623_RevA_non_hatch">
		<SimpleData name="Layer">PLAT-CL-S1</SimpleData>
		<SimpleData name="SubClasses">AcDbEntity:AcDbCircle:AcDbArc</SimpleData>
		<SimpleData name="Linetype">CENTER2</SimpleData>
		<SimpleData name="EntityHandle">322</SimpleData>
	</SchemaData></ExtendedData>
      <MultiGeometry><LineString><coordinates>-97.5528249665969,26.0504992910565,0 -97.5528357960981,26.0505096573827,0 -97.5528458074792,26.0505206743184,0 -97.5528549529671,26.0505322892921,0 -97.5528631889203,26.0505444468788,0 -97.5528704760377,26.050557089064,0 -97.5528767795457,26.0505701555207,0 -97.5528820693645,26.0505835838976,0 -97.5528863202513,26.0505973101159,0 -97.552889511921,26.0506112686759,0 -97.5528916291429,26.050625392969,0 -97.5528926618135,26.0506396155957,0 -97.5528926050047,26.0506538686873,0 -97.552891458987,26.0506680842297,0 -97.5528892292289,26.0506821943879,0 -97.5528859263699,26.0506961318297,0 -97.5528815661707,26.0507098300473,0 -97.5528761694372,26.0507232236741,0</coordinates></LineString></MultiGeometry>
  </Placemark>
  <Placemark id="lago_sec1sec2_map_vitto_20250623_RevA_non_hatch.285">
	<Style><LineStyle><color>ff0000ff</color></LineStyle><PolyStyle><fill>0</fill></PolyStyle></Style>
	<ExtendedData><SchemaData schemaUrl="#lago_sec1sec2_map_vitto_20250623_RevA_non_hatch">
		<SimpleData name="Layer">PLAT-EASEMENT-S1</SimpleData>
		<SimpleData name="SubClasses">AcDbEntity:AcDbCircle:AcDbArc</SimpleData>
		<SimpleData name="Linetype">HIDDEN2</SimpleData>
		<SimpleData name="EntityHandle">323</SimpleData>
	</SchemaData></ExtendedData>
      <MultiGeometry><LineString><coordinates>-97.5528078369558,26.0506924059611,0 -97.5528990720669,26.0505074517912,0</coordinates></LineString></MultiGeometry>
  </Placemark>
  <Placemark id="lago_sec1sec2_map_vitto_20250623_RevA_non_hatch.286">
	<Style><LineStyle><color>ff0000ff</color></LineStyle><PolyStyle><fill>0</fill></PolyStyle></Style>
	<ExtendedData><SchemaData schemaUrl="#lago_sec1sec2_map_vitto_20250623_RevA_non_hatch">
		<SimpleData name="Layer">PLAT-EASEMENT-S1</SimpleData>
		<SimpleData name="SubClasses">AcDbEntity:AcDbCircle:AcDbArc</SimpleData>
		<SimpleData name="Linetype">HIDDEN2</SimpleData>
		<SimpleData name="EntityHandle">324</SimpleData>
	</SchemaData></ExtendedData>
      <MultiGeometry><LineString><coordinates>-97.5525084088013,26.0516506322172,0 -97.5525286897227,26.0514460479084,0 -97.5525641377232,26.051243156126,0 -97.5526145926136,26.0510428732746,0 -97.5526798264263,26.0508461039702,0 -97.552759544446,26.0506537369543,0 -97.5528533865423,26.0504666410804,0</coordinates></LineString></MultiGeometry>
  </Placemark>
  <Placemark id="lago_sec1sec2_map_vitto_20250623_RevA_non_hatch.287">
	<Style><LineStyle><color>ff0000ff</color></LineStyle><PolyStyle><fill>0</fill></PolyStyle></Style>
	<ExtendedData><SchemaData schemaUrl="#lago_sec1sec2_map_vitto_20250623_RevA_non_hatch">
		<SimpleData name="Layer">PLAT-LOTLINE-S1</SimpleData>
		<SimpleData name="SubClasses">AcDbEntity:AcDbCircle:AcDbArc</SimpleData>
		<SimpleData name="EntityHandle">325</SimpleData>
	</SchemaData></ExtendedData>
      <MultiGeometry><LineString><coordinates>-97.5525677922937,26.0516790884015,0 -97.5525859777799,26.0514767757039,0 -97.552619262574,26.0512760362899,0 -97.5526674943129,26.0510777885784,0 -97.5527304522513,26.0508829395833,0 -97.5528078482737,26.0506923807644,0</coordinates></LineString></MultiGeometry>
  </Placemark>
  <Placemark id="lago_sec1sec2_map_vitto_20250623_RevA_non_hatch.288">
	<Style><LineStyle><color>ff0000ff</color></LineStyle><PolyStyle><fill>0</fill></PolyStyle></Style>
	<ExtendedData><SchemaData schemaUrl="#lago_sec1sec2_map_vitto_20250623_RevA_non_hatch">
		<SimpleData name="Layer">PLAT-LOTLINE-S1</SimpleData>
		<SimpleData name="SubClasses">AcDbEntity:AcDbCircle:AcDbArc</SimpleData>
		<SimpleData name="EntityHandle">327</SimpleData>
	</SchemaData></ExtendedData>
      <MultiGeometry><LineString><coordinates>-97.5527704029521,26.0505279327622,0 -97.5527783577775,26.050535548276,0 -97.5527857105132,26.0505436424855,0 -97.5527924259516,26.0505521766327,0 -97.5527984719368,26.0505611098533,0 -97.5528038195184,26.0505703993719,0 -97.55280844309,26.050580000707,0 -97.5528123205121,26.0505898678841,0 -97.5528154332182,26.0505999536556,0 -97.5528177663033,26.0506102097273,0 -97.5528193085955,26.0506205869895,0 -97.5528200527095,26.0506310357521,0 -97.5528199950822,26.0506415059829,0 -97.5528191359891,26.0506519475464,0 -97.5528174795437,26.0506623104449,0 -97.5528150336775,26.050672545057,0 -97.552811810102,26.0506826023756,0 -97.5528078242525,26.0506924342426,0</coordinates></LineString></MultiGeometry>
  </Placemark>
  <Placemark id="lago_sec1sec2_map_vitto_20250623_RevA_non_hatch.289">
	<Style><LineStyle><color>ff0000ff</color></LineStyle><PolyStyle><fill>0</fill></PolyStyle></Style>
	<ExtendedData><SchemaData schemaUrl="#lago_sec1sec2_map_vitto_20250623_RevA_non_hatch">
		<SimpleData name="Layer">PLAT-LOTLINE-S1</SimpleData>
		<SimpleData name="SubClasses">AcDbEntity:AcDbLine</SimpleData>
		<SimpleData name="EntityHandle">328</SimpleData>
	</SchemaData></ExtendedData>
      <MultiGeometry><LineString><coordinates>-97.5517213784782,26.0502584993471,0 -97.5520909272635,26.0499209541358,0</coordinates></LineString></MultiGeometry>
  </Placemark>
  <Placemark id="lago_sec1sec2_map_vitto_20250623_RevA_non_hatch.290">
	<Style><LineStyle><color>ff0000ff</color></LineStyle><PolyStyle><fill>0</fill></PolyStyle></Style>
	<ExtendedData><SchemaData schemaUrl="#lago_sec1sec2_map_vitto_20250623_RevA_non_hatch">
		<SimpleData name="Layer">PLAT-CL-S1</SimpleData>
		<SimpleData name="SubClasses">AcDbEntity:AcDbCircle:AcDbArc</SimpleData>
		<SimpleData name="Linetype">CENTER2</SimpleData>
		<SimpleData name="EntityHandle">32A</SimpleData>
	</SchemaData></ExtendedData>
      <MultiGeometry><LineString><coordinates>-97.5521418013029,26.0498706593869,0 -97.5521295566737,26.0498652886897,0 -97.552117687937,26.0498592687062,0 -97.55210623724,26.0498526208142,0 -97.5520952452455,26.0498453686211,0 -97.5520847509874,26.0498375378805,0 -97.552074791732,26.0498291564001,0</coordinates></LineString></MultiGeometry>
  </Placemark>
  <Placemark id="lago_sec1sec2_map_vitto_20250623_RevA_non_hatch.291">
	<Style><LineStyle><color>ff0000ff</color></LineStyle><PolyStyle><fill>0</fill></PolyStyle></Style>
	<ExtendedData><SchemaData schemaUrl="#lago_sec1sec2_map_vitto_20250623_RevA_non_hatch">
		<SimpleData name="Layer">PLAT-CL-S1</SimpleData>
		<SimpleData name="SubClasses">AcDbEntity:AcDbLine</SimpleData>
		<SimpleData name="Linetype">CENTER2</SimpleData>
		<SimpleData name="EntityHandle">32B</SimpleData>
	</SchemaData></ExtendedData>
      <MultiGeometry><LineString><coordinates>-97.5521418013032,26.049870659387,0 -97.5522430534677,26.0499117491076,0</coordinates></LineString></MultiGeometry>
  </Placemark>
  <Placemark id="lago_sec1sec2_map_vitto_20250623_RevA_non_hatch.292">
	<Style><LineStyle><color>ff0000ff</color></LineStyle><PolyStyle><fill>0</fill></PolyStyle></Style>
	<ExtendedData><SchemaData schemaUrl="#lago_sec1sec2_map_vitto_20250623_RevA_non_hatch">
		<SimpleData name="Layer">PLAT-LOTLINE-S1</SimpleData>
		<SimpleData name="SubClasses">AcDbEntity:AcDbLine</SimpleData>
		<SimpleData name="EntityHandle">32C</SimpleData>
	</SchemaData></ExtendedData>
      <MultiGeometry><LineString><coordinates>-97.5529248593474,26.0507993849865,0 -97.5532093464483,26.0508976136024,0</coordinates></LineString></MultiGeometry>
  </Placemark>
  <Placemark id="lago_sec1sec2_map_vitto_20250623_RevA_non_hatch.293">
	<Style><LineStyle><color>ff0000ff</color></LineStyle><PolyStyle><fill>0</fill></PolyStyle></Style>
	<ExtendedData><SchemaData schemaUrl="#lago_sec1sec2_map_vitto_20250623_RevA_non_hatch">
		<SimpleData name="Layer">PLAT-LOTLINE-S1</SimpleData>
		<SimpleData name="SubClasses">AcDbEntity:AcDbLine</SimpleData>
		<SimpleData name="EntityHandle">32D</SimpleData>
	</SchemaData></ExtendedData>
      <MultiGeometry><LineString><coordinates>-97.5528467518879,26.0510079162303,0 -97.5531387622611,26.0510860843211,0</coordinates></LineString></MultiGeometry>
  </Placemark>
  <Placemark id="lago_sec1sec2_map_vitto_20250623_RevA_non_hatch.294">
	<Style><LineStyle><color>ff0000ff</color></LineStyle><PolyStyle><fill>0</fill></PolyStyle></Style>
	<ExtendedData><SchemaData schemaUrl="#lago_sec1sec2_map_vitto_20250623_RevA_non_hatch">
		<SimpleData name="Layer">PLAT-LOTLINE-S1</SimpleData>
		<SimpleData name="SubClasses">AcDbEntity:AcDbLine</SimpleData>
		<SimpleData name="EntityHandle">32E</SimpleData>
	</SchemaData></ExtendedData>
      <MultiGeometry><LineString><coordinates>-97.5527866597115,26.0512210358135,0 -97.5530844502342,26.051278732195,0</coordinates></LineString></MultiGeometry>
  </Placemark>
  <Placemark id="lago_sec1sec2_map_vitto_20250623_RevA_non_hatch.295">
	<Style><LineStyle><color>ff0000ff</color></LineStyle><PolyStyle><fill>0</fill></PolyStyle></Style>
	<ExtendedData><SchemaData schemaUrl="#lago_sec1sec2_map_vitto_20250623_RevA_non_hatch">
		<SimpleData name="Layer">PLAT-LOTLINE-S1</SimpleData>
		<SimpleData name="SubClasses">AcDbEntity:AcDbLine</SimpleData>
		<SimpleData name="EntityHandle">32F</SimpleData>
	</SchemaData></ExtendedData>
      <MultiGeometry><LineString><coordinates>-97.552744817849,26.0514379105494,0 -97.5530466355298,26.0514747737763,0</coordinates></LineString></MultiGeometry>
  </Placemark>
  <Placemark id="lago_sec1sec2_map_vitto_20250623_RevA_non_hatch.296">
	<Style><LineStyle><color>ff0000ff</color></LineStyle><PolyStyle><fill>0</fill></PolyStyle></Style>
	<ExtendedData><SchemaData schemaUrl="#lago_sec1sec2_map_vitto_20250623_RevA_non_hatch">
		<SimpleData name="Layer">PLAT-LOTLINE-S1</SimpleData>
		<SimpleData name="SubClasses">AcDbEntity:AcDbLine</SimpleData>
		<SimpleData name="EntityHandle">330</SimpleData>
	</SchemaData></ExtendedData>
      <MultiGeometry><LineString><coordinates>-97.5521671443628,26.0516310591423,0 -97.5522046040565,26.0513761154466,0</coordinates></LineString></MultiGeometry>
  </Placemark>
  <Placemark id="lago_sec1sec2_map_vitto_20250623_RevA_non_hatch.297">
	<Style><LineStyle><color>ff0000ff</color></LineStyle><PolyStyle><fill>0</fill></PolyStyle></Style>
	<ExtendedData><SchemaData schemaUrl="#lago_sec1sec2_map_vitto_20250623_RevA_non_hatch">
		<SimpleData name="Layer">PLAT-LOTLINE-S1</SimpleData>
		<SimpleData name="SubClasses">AcDbEntity:AcDbLine</SimpleData>
		<SimpleData name="EntityHandle">331</SimpleData>
	</SchemaData></ExtendedData>
      <MultiGeometry><LineString><coordinates>-97.5522046040565,26.0513761154466,0 -97.5523340601827,26.0508726693004,0</coordinates></LineString></MultiGeometry>
  </Placemark>
  <Placemark id="lago_sec1sec2_map_vitto_20250623_RevA_non_hatch.298">
	<Style><LineStyle><color>ff0000ff</color></LineStyle><PolyStyle><fill>0</fill></PolyStyle></Style>
	<ExtendedData><SchemaData schemaUrl="#lago_sec1sec2_map_vitto_20250623_RevA_non_hatch">
		<SimpleData name="Layer">PLAT-LOTLINE-S1</SimpleData>
		<SimpleData name="SubClasses">AcDbEntity:AcDbLine</SimpleData>
		<SimpleData name="EntityHandle">332</SimpleData>
	</SchemaData></ExtendedData>
      <MultiGeometry><LineString><coordinates>-97.5523340601827,26.0508726693004,0 -97.5523457957733,26.050656775846,0</coordinates></LineString></MultiGeometry>
  </Placemark>
  <Placemark id="lago_sec1sec2_map_vitto_20250623_RevA_non_hatch.299">
	<Style><LineStyle><color>ff0000ff</color></LineStyle><PolyStyle><fill>0</fill></PolyStyle></Style>
	<ExtendedData><SchemaData schemaUrl="#lago_sec1sec2_map_vitto_20250623_RevA_non_hatch">
		<SimpleData name="Layer">PLAT-LOTLINE-S1</SimpleData>
		<SimpleData name="SubClasses">AcDbEntity:AcDbLine</SimpleData>
		<SimpleData name="EntityHandle">333</SimpleData>
	</SchemaData></ExtendedData>
      <MultiGeometry><LineString><coordinates>-97.5523457957733,26.050656775846,0 -97.5522640894307,26.0504582145598,0</coordinates></LineString></MultiGeometry>
  </Placemark>
  <Placemark id="lago_sec1sec2_map_vitto_20250623_RevA_non_hatch.300">
	<Style><LineStyle><color>ff0000ff</color></LineStyle><PolyStyle><fill>0</fill></PolyStyle></Style>
	<ExtendedData><SchemaData schemaUrl="#lago_sec1sec2_map_vitto_20250623_RevA_non_hatch">
		<SimpleData name="Layer">PLAT-LOTLINE-S1</SimpleData>
		<SimpleData name="SubClasses">AcDbEntity:AcDbLine</SimpleData>
		<SimpleData name="EntityHandle">334</SimpleData>
	</SchemaData></ExtendedData>
      <MultiGeometry><LineString><coordinates>-97.5522640894307,26.0504582145598,0 -97.5521361463187,26.0502708804918,0</coordinates></LineString></MultiGeometry>
  </Placemark>
  <Placemark id="lago_sec1sec2_map_vitto_20250623_RevA_non_hatch.301">
	<Style><LineStyle><color>ff0000ff</color></LineStyle><PolyStyle><fill>0</fill></PolyStyle></Style>
	<ExtendedData><SchemaData schemaUrl="#lago_sec1sec2_map_vitto_20250623_RevA_non_hatch">
		<SimpleData name="Layer">PLAT-LOTLINE-S1</SimpleData>
		<SimpleData name="SubClasses">AcDbEntity:AcDbLine</SimpleData>
		<SimpleData name="EntityHandle">335</SimpleData>
	</SchemaData></ExtendedData>
      <MultiGeometry><LineString><coordinates>-97.5521361463187,26.0502708804918,0 -97.5519196039485,26.0500774409189,0</coordinates></LineString></MultiGeometry>
  </Placemark>
  <Placemark id="lago_sec1sec2_map_vitto_20250623_RevA_non_hatch.302">
	<Style><LineStyle><color>ff0000ff</color></LineStyle><PolyStyle><fill>0</fill></PolyStyle></Style>
	<ExtendedData><SchemaData schemaUrl="#lago_sec1sec2_map_vitto_20250623_RevA_non_hatch">
		<SimpleData name="Layer">PLAT-LOTLINE-S1</SimpleData>
		<SimpleData name="SubClasses">AcDbEntity:AcDbLine</SimpleData>
		<SimpleData name="EntityHandle">336</SimpleData>
	</SchemaData></ExtendedData>
      <MultiGeometry><LineString><coordinates>-97.5520711809638,26.0502128463619,0 -97.5522097454238,26.0501036792562,0</coordinates></LineString></MultiGeometry>
  </Placemark>
  <Placemark id="lago_sec1sec2_map_vitto_20250623_RevA_non_hatch.303">
	<Style><LineStyle><color>ff0000ff</color></LineStyle><PolyStyle><fill>0</fill></PolyStyle></Style>
	<ExtendedData><SchemaData schemaUrl="#lago_sec1sec2_map_vitto_20250623_RevA_non_hatch">
		<SimpleData name="Layer">PLAT-EASEMENT-S1</SimpleData>
		<SimpleData name="SubClasses">AcDbEntity:AcDbLine</SimpleData>
		<SimpleData name="Linetype">HIDDEN2</SimpleData>
		<SimpleData name="EntityHandle">338</SimpleData>
	</SchemaData></ExtendedData>
      <MultiGeometry><LineString><coordinates>-97.5521991344242,26.0501135454937,0 -97.5521493499758,26.0500698574783,0</coordinates></LineString></MultiGeometry>
  </Placemark>
  <Placemark id="lago_sec1sec2_map_vitto_20250623_RevA_non_hatch.304">
	<Style><LineStyle><color>ff0000ff</color></LineStyle><PolyStyle><fill>0</fill></PolyStyle></Style>
	<ExtendedData><SchemaData schemaUrl="#lago_sec1sec2_map_vitto_20250623_RevA_non_hatch">
		<SimpleData name="Layer">PLAT-CL-S1</SimpleData>
		<SimpleData name="SubClasses">AcDbEntity:AcDbCircle:AcDbArc</SimpleData>
		<SimpleData name="Linetype">CENTER2</SimpleData>
		<SimpleData name="EntityHandle">339</SimpleData>
	</SchemaData></ExtendedData>
      <MultiGeometry><LineString><coordinates>-97.5523061699755,26.0500874300165,0 -97.5523732445931,26.0501248525428,0 -97.5524374991868,26.0501661155541,0 -97.5524986646667,26.0502110462488,0 -97.5525564848793,26.0502594564651,0</coordinates></LineString></MultiGeometry>
  </Placemark>
  <Placemark id="lago_sec1sec2_map_vitto_20250623_RevA_non_hatch.305">
	<Style><LineStyle><color>ff0000ff</color></LineStyle><PolyStyle><fill>0</fill></PolyStyle></Style>
	<ExtendedData><SchemaData schemaUrl="#lago_sec1sec2_map_vitto_20250623_RevA_non_hatch">
		<SimpleData name="Layer">PLAT-CL-S1</SimpleData>
		<SimpleData name="SubClasses">AcDbEntity:AcDbCircle:AcDbArc</SimpleData>
		<SimpleData name="EntityHandle">33A</SimpleData>
	</SchemaData></ExtendedData>
      <MultiGeometry><LineString><coordinates>-97.5522430534676,26.0499117491076,0 -97.5522470171603,26.049904375771,0 -97.5522514599991,26.0498972287807,0 -97.5522563662084,26.049890333514,0 -97.5522617183672,26.0498837144546,0 -97.5522674974712,26.0498773951052,0 -97.552273683,26.0498713979044,0</coordinates></LineString></MultiGeometry>
  </Placemark>
  <Placemark id="lago_sec1sec2_map_vitto_20250623_RevA_non_hatch.306">
	<Style><LineStyle><color>ff0000ff</color></LineStyle><PolyStyle><fill>0</fill></PolyStyle></Style>
	<ExtendedData><SchemaData schemaUrl="#lago_sec1sec2_map_vitto_20250623_RevA_non_hatch">
		<SimpleData name="Layer">PLAT-CL-S1</SimpleData>
		<SimpleData name="SubClasses">AcDbEntity:AcDbCircle:AcDbArc</SimpleData>
		<SimpleData name="Linetype">CENTER2</SimpleData>
		<SimpleData name="EntityHandle">33B</SimpleData>
	</SchemaData></ExtendedData>
      <MultiGeometry><LineString><coordinates>-97.5523061699731,26.0500874300152,0 -97.5522975080736,26.0500825854929,0 -97.5522892241627,26.0500772286453,0 -97.5522813553182,26.0500713834489,0 -97.5522739367597,26.0500650760661,0 -97.5522670016916,26.0500583347277,0 -97.5522605811544,26.0500511896072,0 -97.5522547038853,26.050043672685,0 -97.55224939619,26.050035817606,0 -97.5522446818251,26.0500276595283,0 -97.552240581891,26.0500192349663,0 -97.5522371147386,26.0500105816273,0 -97.552234295886,26.0500017382423,0 -97.5522321379499,26.049992744393,0 -97.5522306505888,26.0499836403346,0 -97.5522298404597,26.0499744668156,0 -97.5522297111884,26.0499652648953,0 -97.5522302633535,26.0499560757601,0 -97.5522314944833,26.0499469405392,0 -97.5522333990673,26.0499379001205,0 -97.5522359685807,26.0499289949676,0 -97.5522391915227,26.0499202649386,0 -97.5522430534676,26.0499117491076,0</coordinates></LineString></MultiGeometry>
  </Placemark>
  <Placemark id="lago_sec1sec2_map_vitto_20250623_RevA_non_hatch.307">
	<Style><LineStyle><color>ff0000ff</color></LineStyle><PolyStyle><fill>0</fill></PolyStyle></Style>
	<ExtendedData><SchemaData schemaUrl="#lago_sec1sec2_map_vitto_20250623_RevA_non_hatch">
		<SimpleData name="Layer">PLAT-LOTLINE-S1</SimpleData>
		<SimpleData name="SubClasses">AcDbEntity:AcDbLine</SimpleData>
		<SimpleData name="EntityHandle">33C</SimpleData>
	</SchemaData></ExtendedData>
      <MultiGeometry><LineString><coordinates>-97.5522640894307,26.0504582145598,0 -97.5525792097378,26.0503571400043,0</coordinates></LineString></MultiGeometry>
  </Placemark>
  <Placemark id="lago_sec1sec2_map_vitto_20250623_RevA_non_hatch.308">
	<Style><LineStyle><color>ff0000ff</color></LineStyle><PolyStyle><fill>0</fill></PolyStyle></Style>
	<ExtendedData><SchemaData schemaUrl="#lago_sec1sec2_map_vitto_20250623_RevA_non_hatch">
		<SimpleData name="Layer">PLAT-LOTLINE-S1</SimpleData>
		<SimpleData name="SubClasses">AcDbEntity:AcDbLine</SimpleData>
		<SimpleData name="EntityHandle">33D</SimpleData>
	</SchemaData></ExtendedData>
      <MultiGeometry><LineString><coordinates>-97.5525934255374,26.0514227294644,0 -97.5522046040565,26.0513761154466,0</coordinates></LineString></MultiGeometry>
  </Placemark>
  <Placemark id="lago_sec1sec2_map_vitto_20250623_RevA_non_hatch.309">
	<Style><LineStyle><color>ff0000ff</color></LineStyle><PolyStyle><fill>0</fill></PolyStyle></Style>
	<ExtendedData><SchemaData schemaUrl="#lago_sec1sec2_map_vitto_20250623_RevA_non_hatch">
		<SimpleData name="Layer">PLAT-LOTLINE-S1</SimpleData>
		<SimpleData name="SubClasses">AcDbEntity:AcDbLine</SimpleData>
		<SimpleData name="EntityHandle">33E</SimpleData>
	</SchemaData></ExtendedData>
      <MultiGeometry><LineString><coordinates>-97.552643316391,26.0511692137497,0 -97.552269335708,26.051124378985,0</coordinates></LineString></MultiGeometry>
  </Placemark>
  <Placemark id="lago_sec1sec2_map_vitto_20250623_RevA_non_hatch.310">
	<Style><LineStyle><color>ff0000ff</color></LineStyle><PolyStyle><fill>0</fill></PolyStyle></Style>
	<ExtendedData><SchemaData schemaUrl="#lago_sec1sec2_map_vitto_20250623_RevA_non_hatch">
		<SimpleData name="Layer">PLAT-EASEMENT-S1</SimpleData>
		<SimpleData name="SubClasses">AcDbEntity:AcDbCircle:AcDbArc</SimpleData>
		<SimpleData name="Linetype">HIDDEN2</SimpleData>
		<SimpleData name="EntityHandle">341</SimpleData>
	</SchemaData></ExtendedData>
      <MultiGeometry><LineString><coordinates>-97.5527368357387,26.0516564273833,0 -97.552756114412,26.0514660854475,0 -97.5527894740992,26.0512773388408,0 -97.5528367646815,26.0510910365302,0 -97.5528977733829,26.0509080164839,0 -97.5529722257287,26.0507291019031,0</coordinates></LineString></MultiGeometry>
  </Placemark>
  <Placemark id="lago_sec1sec2_map_vitto_20250623_RevA_non_hatch.311">
	<Style><LineStyle><color>ff0000ff</color></LineStyle><PolyStyle><fill>0</fill></PolyStyle></Style>
	<ExtendedData><SchemaData schemaUrl="#lago_sec1sec2_map_vitto_20250623_RevA_non_hatch">
		<SimpleData name="Layer">PLAT-LOTLINE-S1</SimpleData>
		<SimpleData name="SubClasses">AcDbEntity:AcDbLine</SimpleData>
		<SimpleData name="EntityHandle">342</SimpleData>
	</SchemaData></ExtendedData>
      <MultiGeometry><LineString><coordinates>-97.5528078369592,26.0506924059612,0 -97.5523457957733,26.050656775846,0</coordinates></LineString></MultiGeometry>
  </Placemark>
  <Placemark id="lago_sec1sec2_map_vitto_20250623_RevA_non_hatch.312">
	<Style><LineStyle><color>ff0000ff</color></LineStyle><PolyStyle><fill>0</fill></PolyStyle></Style>
	<ExtendedData><SchemaData schemaUrl="#lago_sec1sec2_map_vitto_20250623_RevA_non_hatch">
		<SimpleData name="Layer">PLAT-LOTLINE-S1</SimpleData>
		<SimpleData name="SubClasses">AcDbEntity:AcDbLine</SimpleData>
		<SimpleData name="EntityHandle">343</SimpleData>
	</SchemaData></ExtendedData>
      <MultiGeometry><LineString><coordinates>-97.5523340601827,26.0508726693004,0 -97.552717717678,26.0509186640775,0</coordinates></LineString></MultiGeometry>
  </Placemark>
  <Placemark id="lago_sec1sec2_map_vitto_20250623_RevA_non_hatch.313">
	<Style><LineStyle><color>ff0000ff</color></LineStyle><PolyStyle><fill>0</fill></PolyStyle></Style>
	<ExtendedData><SchemaData schemaUrl="#lago_sec1sec2_map_vitto_20250623_RevA_non_hatch">
		<SimpleData name="Layer">PLAT-LOTLINE-S1</SimpleData>
		<SimpleData name="SubClasses">AcDbEntity:AcDbCircle:AcDbArc</SimpleData>
		<SimpleData name="EntityHandle">344</SimpleData>
	</SchemaData></ExtendedData>
      <MultiGeometry><LineString><coordinates>-97.5521599609755,26.0500599912445,0 -97.5521490801012,26.0500497621157,0 -97.5521390030511,26.050038881814,0 -97.5521297774584,26.0500274017696,0 -97.5521214469315,26.0500153762478,0 -97.5521140508479,26.0500028620923,0 -97.5521076241681,26.0499899184566,0 -97.5521021972699,26.0499766065242,0 -97.5520977958057,26.0499629892194,0 -97.5520944405803,26.0499491309101,0 -97.5520921474532,26.0499350971034,0 -97.5520909272635,26.0499209541358,0</coordinates></LineString></MultiGeometry>
  </Placemark>
  <Placemark id="lago_sec1sec2_map_vitto_20250623_RevA_non_hatch.314">
	<Style><LineStyle><color>ff0000ff</color></LineStyle><PolyStyle><fill>0</fill></PolyStyle></Style>
	<ExtendedData><SchemaData schemaUrl="#lago_sec1sec2_map_vitto_20250623_RevA_non_hatch">
		<SimpleData name="Layer">PLAT-EASEMENT-S1</SimpleData>
		<SimpleData name="SubClasses">AcDbEntity:AcDbCircle:AcDbArc</SimpleData>
		<SimpleData name="Linetype">HIDDEN2</SimpleData>
		<SimpleData name="EntityHandle">345</SimpleData>
	</SchemaData></ExtendedData>
      <MultiGeometry><LineString><coordinates>-97.5521493495373,26.0500698570934,0 -97.5521381112183,26.0500593157875,0 -97.552127673297,26.0500481231316,0 -97.5521180819252,26.0500363286149,0 -97.5521093795116,26.0500239843877,0 -97.5521016045342,26.0500111450307,0 -97.5520947913703,26.049997867314,0 -97.5520889701443,26.0499842099461,0 -97.5520841665949,26.0499702333136,0 -97.5520804019607,26.0499559992153,0 -97.5520776928871,26.049941570588,0 -97.5520760513518,26.0499270112288,0</coordinates></LineString></MultiGeometry>
  </Placemark>
  <Placemark id="lago_sec1sec2_map_vitto_20250623_RevA_non_hatch.315">
	<Style><LineStyle><color>ff0000ff</color></LineStyle><PolyStyle><fill>0</fill></PolyStyle></Style>
	<ExtendedData><SchemaData schemaUrl="#lago_sec1sec2_map_vitto_20250623_RevA_non_hatch">
		<SimpleData name="Layer">PLAT-LOTLINE-S1</SimpleData>
		<SimpleData name="SubClasses">AcDbEntity:AcDbCircle:AcDbArc</SimpleData>
		<SimpleData name="EntityHandle">346</SimpleData>
	</SchemaData></ExtendedData>
      <MultiGeometry><LineString><coordinates>-97.5523399313479,26.0501709132594,0 -97.552400837746,26.0502100528297,0 -97.552458820164,26.0502526621601,0 -97.5525136367442,26.05029856352,0</coordinates></LineString></MultiGeometry>
  </Placemark>
  <Placemark id="lago_sec1sec2_map_vitto_20250623_RevA_non_hatch.316">
	<Style><LineStyle><color>ff0000ff</color></LineStyle><PolyStyle><fill>0</fill></PolyStyle></Style>
	<ExtendedData><SchemaData schemaUrl="#lago_sec1sec2_map_vitto_20250623_RevA_non_hatch">
		<SimpleData name="Layer">PLAT-EASEMENT-S1</SimpleData>
		<SimpleData name="SubClasses">AcDbEntity:AcDbCircle:AcDbArc</SimpleData>
		<SimpleData name="Linetype">HIDDEN2</SimpleData>
		<SimpleData name="EntityHandle">347</SimpleData>
	</SchemaData></ExtendedData>
      <MultiGeometry><LineString><coordinates>-97.5523340346752,26.0501838922141,0 -97.5523932225084,26.0502221059451,0 -97.55244959685,26.0502636460831,0 -97.5525029289506,26.0503083440736,0</coordinates></LineString></MultiGeometry>
  </Placemark>
  <Placemark id="lago_sec1sec2_map_vitto_20250623_RevA_non_hatch.317">
	<Style><LineStyle><color>ff0000ff</color></LineStyle><PolyStyle><fill>0</fill></PolyStyle></Style>
	<ExtendedData><SchemaData schemaUrl="#lago_sec1sec2_map_vitto_20250623_RevA_non_hatch">
		<SimpleData name="Layer">PLAT-LOTLINE-S1</SimpleData>
		<SimpleData name="SubClasses">AcDbEntity:AcDbCircle:AcDbArc</SimpleData>
		<SimpleData name="EntityHandle">348</SimpleData>
	</SchemaData></ExtendedData>
      <MultiGeometry><LineString><coordinates>-97.5523399313479,26.0501709132594,0 -97.5523250175353,26.0501679238934,0 -97.5523103582829,26.0501640407434,0 -97.5522960191591,26.0501592811781,0 -97.5522820643007,26.0501536664863,0 -97.5522685561255,26.0501472217817,0 -97.5522555550533,26.0501399758904,0 -97.5522431192359,26.0501319612222,0 -97.5522313042967,26.0501232136255,0 -97.5522201630817,26.0501137722269,0 -97.5522097454237,26.0501036792562,0</coordinates></LineString></MultiGeometry>
  </Placemark>
  <Placemark id="lago_sec1sec2_map_vitto_20250623_RevA_non_hatch.318">
	<Style><LineStyle><color>ff0000ff</color></LineStyle><PolyStyle><fill>0</fill></PolyStyle></Style>
	<ExtendedData><SchemaData schemaUrl="#lago_sec1sec2_map_vitto_20250623_RevA_non_hatch">
		<SimpleData name="Layer">PLAT-EASEMENT-S1</SimpleData>
		<SimpleData name="SubClasses">AcDbEntity:AcDbCircle:AcDbArc</SimpleData>
		<SimpleData name="Linetype">HIDDEN2</SimpleData>
		<SimpleData name="EntityHandle">349</SimpleData>
	</SchemaData></ExtendedData>
      <MultiGeometry><LineString><coordinates>-97.5523340346756,26.0501838922143,0 -97.5523184781412,26.0501805921735,0 -97.5523031945411,26.050176378107,0 -97.5522882496167,26.0501712681414,0 -97.5522737076528,26.050165284257,0 -97.5522596312009,26.050158452193,0 -97.5522460808099,26.0501508013373,0 -97.552233114766,26.0501423645996,0 -97.5522207888417,26.05013317827,0 -97.5522091560561,26.050123281863,0 -97.5521982664468,26.0501127179474,0</coordinates></LineString></MultiGeometry>
  </Placemark>
  <Placemark id="lago_sec1sec2_map_vitto_20250623_RevA_non_hatch.319">
	<Style><LineStyle><color>ff0000ff</color></LineStyle><PolyStyle><fill>0</fill></PolyStyle></Style>
	<ExtendedData><SchemaData schemaUrl="#lago_sec1sec2_map_vitto_20250623_RevA_non_hatch">
		<SimpleData name="Layer">PLAT-LOTLINE-S1</SimpleData>
		<SimpleData name="SubClasses">AcDbEntity:AcDbLine</SimpleData>
		<SimpleData name="EntityHandle">34A</SimpleData>
	</SchemaData></ExtendedData>
      <MultiGeometry><LineString><coordinates>-97.5515341186243,26.0502364029226,0 -97.5517213784782,26.0502584993471,0</coordinates></LineString></MultiGeometry>
  </Placemark>
  <Placemark id="lago_sec1sec2_map_vitto_20250623_RevA_non_hatch.320">
	<ExtendedData><SchemaData schemaUrl="#lago_sec1sec2_map_vitto_20250623_RevA_non_hatch">
		<SimpleData name="Layer">PLAT-BORDER-LEGAL</SimpleData>
		<SimpleData name="SubClasses">AcDbEntity:AcDbMText</SimpleData>
		<SimpleData name="EntityHandle">34B</SimpleData>
		<SimpleData name="Text">(VOLUME 18354, PAGE 47 O.R.) </SimpleData>
	</SchemaData></ExtendedData>
      <MultiGeometry><Point><coordinates>-97.5530910927546,26.0497288178192,0</coordinates></Point></MultiGeometry>
  </Placemark>
  <Placemark id="lago_sec1sec2_map_vitto_20250623_RevA_non_hatch.321">
	<ExtendedData><SchemaData schemaUrl="#lago_sec1sec2_map_vitto_20250623_RevA_non_hatch">
		<SimpleData name="Layer">PLAT-TEXT-ACCESS</SimpleData>
		<SimpleData name="SubClasses">AcDbEntity:AcDbMText</SimpleData>
		<SimpleData name="Linetype">Continuous</SimpleData>
		<SimpleData name="EntityHandle">34D</SimpleData>
		<SimpleData name="Text">N46°11'42&quot;W</SimpleData>
	</SchemaData></ExtendedData>
      <MultiGeometry><Point><coordinates>-97.5533801668411,26.0488039422655,0</coordinates></Point></MultiGeometry>
  </Placemark>
  <Placemark id="lago_sec1sec2_map_vitto_20250623_RevA_non_hatch.322">
	<ExtendedData><SchemaData schemaUrl="#lago_sec1sec2_map_vitto_20250623_RevA_non_hatch">
		<SimpleData name="Layer">PLAT-TEXT-ACCESS</SimpleData>
		<SimpleData name="SubClasses">AcDbEntity:AcDbMText</SimpleData>
		<SimpleData name="Linetype">Continuous</SimpleData>
		<SimpleData name="EntityHandle">34E</SimpleData>
		<SimpleData name="Text">50.00'</SimpleData>
	</SchemaData></ExtendedData>
      <MultiGeometry><Point><coordinates>-97.5534673514246,26.0488797589744,0</coordinates></Point></MultiGeometry>
  </Placemark>
  <Placemark id="lago_sec1sec2_map_vitto_20250623_RevA_non_hatch.323">
	<ExtendedData><SchemaData schemaUrl="#lago_sec1sec2_map_vitto_20250623_RevA_non_hatch">
		<SimpleData name="Layer">PLAT-DIM-S1</SimpleData>
		<SimpleData name="SubClasses">AcDbEntity:AcDbMText</SimpleData>
		<SimpleData name="Linetype">Continuous</SimpleData>
		<SimpleData name="EntityHandle">34F</SimpleData>
		<SimpleData name="Text">(808.00' REC.)</SimpleData>
	</SchemaData></ExtendedData>
      <MultiGeometry><Point><coordinates>-97.5514370991499,26.0505422328249,0</coordinates></Point></MultiGeometry>
  </Placemark>
  <Placemark id="lago_sec1sec2_map_vitto_20250623_RevA_non_hatch.324">
	<ExtendedData><SchemaData schemaUrl="#lago_sec1sec2_map_vitto_20250623_RevA_non_hatch">
		<SimpleData name="Layer">PLAT-TEXT-S1</SimpleData>
		<SimpleData name="SubClasses">AcDbEntity:AcDbText:AcDbText</SimpleData>
		<SimpleData name="EntityHandle">350</SimpleData>
		<SimpleData name="Text">1</SimpleData>
	</SchemaData></ExtendedData>
      <MultiGeometry><Point><coordinates>-97.5530968835333,26.0507432655777,30.596</coordinates></Point></MultiGeometry>
  </Placemark>
  <Placemark id="lago_sec1sec2_map_vitto_20250623_RevA_non_hatch.325">
	<ExtendedData><SchemaData schemaUrl="#lago_sec1sec2_map_vitto_20250623_RevA_non_hatch">
		<SimpleData name="Layer">PLAT-TEXT-S1</SimpleData>
		<SimpleData name="SubClasses">AcDbEntity:AcDbText:AcDbText</SimpleData>
		<SimpleData name="EntityHandle">351</SimpleData>
		<SimpleData name="Text">2</SimpleData>
	</SchemaData></ExtendedData>
      <MultiGeometry><Point><coordinates>-97.5530230781314,26.0509263054407,30.596</coordinates></Point></MultiGeometry>
  </Placemark>
  <Placemark id="lago_sec1sec2_map_vitto_20250623_RevA_non_hatch.326">
	<ExtendedData><SchemaData schemaUrl="#lago_sec1sec2_map_vitto_20250623_RevA_non_hatch">
		<SimpleData name="Layer">PLAT-TEXT-S1</SimpleData>
		<SimpleData name="SubClasses">AcDbEntity:AcDbText:AcDbText</SimpleData>
		<SimpleData name="EntityHandle">352</SimpleData>
		<SimpleData name="Text">3</SimpleData>
	</SchemaData></ExtendedData>
      <MultiGeometry><Point><coordinates>-97.5529604989233,26.0511332750413,30.596</coordinates></Point></MultiGeometry>
  </Placemark>
  <Placemark id="lago_sec1sec2_map_vitto_20250623_RevA_non_hatch.327">
	<ExtendedData><SchemaData schemaUrl="#lago_sec1sec2_map_vitto_20250623_RevA_non_hatch">
		<SimpleData name="Layer">PLAT-TEXT-S1</SimpleData>
		<SimpleData name="SubClasses">AcDbEntity:AcDbText:AcDbText</SimpleData>
		<SimpleData name="EntityHandle">353</SimpleData>
		<SimpleData name="Text">4</SimpleData>
	</SchemaData></ExtendedData>
      <MultiGeometry><Point><coordinates>-97.5529068283079,26.0513314336528,30.596</coordinates></Point></MultiGeometry>
  </Placemark>
  <Placemark id="lago_sec1sec2_map_vitto_20250623_RevA_non_hatch.328">
	<ExtendedData><SchemaData schemaUrl="#lago_sec1sec2_map_vitto_20250623_RevA_non_hatch">
		<SimpleData name="Layer">PLAT-TEXT-S1</SimpleData>
		<SimpleData name="SubClasses">AcDbEntity:AcDbText:AcDbText</SimpleData>
		<SimpleData name="EntityHandle">354</SimpleData>
		<SimpleData name="Text">1</SimpleData>
	</SchemaData></ExtendedData>
      <MultiGeometry><Point><coordinates>-97.5517821562375,26.0499364381653,30.596</coordinates></Point></MultiGeometry>
  </Placemark>
  <Placemark id="lago_sec1sec2_map_vitto_20250623_RevA_non_hatch.329">
	<ExtendedData><SchemaData schemaUrl="#lago_sec1sec2_map_vitto_20250623_RevA_non_hatch">
		<SimpleData name="Layer">PLAT-TEXT-S1</SimpleData>
		<SimpleData name="SubClasses">AcDbEntity:AcDbText:AcDbText</SimpleData>
		<SimpleData name="EntityHandle">355</SimpleData>
		<SimpleData name="Text">3</SimpleData>
	</SchemaData></ExtendedData>
      <MultiGeometry><Point><coordinates>-97.5525391574075,26.0505237142109,30.596</coordinates></Point></MultiGeometry>
  </Placemark>
  <Placemark id="lago_sec1sec2_map_vitto_20250623_RevA_non_hatch.330">
	<ExtendedData><SchemaData schemaUrl="#lago_sec1sec2_map_vitto_20250623_RevA_non_hatch">
		<SimpleData name="Layer">PLAT-TEXT-S1</SimpleData>
		<SimpleData name="SubClasses">AcDbEntity:AcDbText:AcDbText</SimpleData>
		<SimpleData name="EntityHandle">356</SimpleData>
		<SimpleData name="Text">4</SimpleData>
	</SchemaData></ExtendedData>
      <MultiGeometry><Point><coordinates>-97.5525638485986,26.0507716900289,30.596</coordinates></Point></MultiGeometry>
  </Placemark>
  <Placemark id="lago_sec1sec2_map_vitto_20250623_RevA_non_hatch.331">
	<ExtendedData><SchemaData schemaUrl="#lago_sec1sec2_map_vitto_20250623_RevA_non_hatch">
		<SimpleData name="Layer">PLAT-TEXT-S1</SimpleData>
		<SimpleData name="SubClasses">AcDbEntity:AcDbText:AcDbText</SimpleData>
		<SimpleData name="EntityHandle">357</SimpleData>
		<SimpleData name="Text">5</SimpleData>
	</SchemaData></ExtendedData>
      <MultiGeometry><Point><coordinates>-97.5524601846265,26.0510068323491,30.596</coordinates></Point></MultiGeometry>
  </Placemark>
  <Placemark id="lago_sec1sec2_map_vitto_20250623_RevA_non_hatch.332">
	<ExtendedData><SchemaData schemaUrl="#lago_sec1sec2_map_vitto_20250623_RevA_non_hatch">
		<SimpleData name="Layer">PLAT-TEXT-S1</SimpleData>
		<SimpleData name="SubClasses">AcDbEntity:AcDbText:AcDbText</SimpleData>
		<SimpleData name="EntityHandle">358</SimpleData>
		<SimpleData name="Text">6</SimpleData>
	</SchemaData></ExtendedData>
      <MultiGeometry><Point><coordinates>-97.5523769388785,26.0512465929012,30.596</coordinates></Point></MultiGeometry>
  </Placemark>
  <Placemark id="lago_sec1sec2_map_vitto_20250623_RevA_non_hatch.333">
	<ExtendedData><SchemaData schemaUrl="#lago_sec1sec2_map_vitto_20250623_RevA_non_hatch">
		<SimpleData name="Layer">PLAT-TEXT-S1</SimpleData>
		<SimpleData name="SubClasses">AcDbEntity:AcDbText:AcDbText</SimpleData>
		<SimpleData name="EntityHandle">359</SimpleData>
		<SimpleData name="Text">7</SimpleData>
	</SchemaData></ExtendedData>
      <MultiGeometry><Point><coordinates>-97.5523562003766,26.0514838312886,30.596</coordinates></Point></MultiGeometry>
  </Placemark>
  <Placemark id="lago_sec1sec2_map_vitto_20250623_RevA_non_hatch.334">
	<ExtendedData><SchemaData schemaUrl="#lago_sec1sec2_map_vitto_20250623_RevA_non_hatch">
		<SimpleData name="Layer">PLAT-TEXT-S1</SimpleData>
		<SimpleData name="SubClasses">AcDbEntity:AcDbText:AcDbText</SimpleData>
		<SimpleData name="EntityHandle">35A</SimpleData>
		<SimpleData name="Text">LOT 8</SimpleData>
	</SchemaData></ExtendedData>
      <MultiGeometry><Point><coordinates>-97.5518713892687,26.0509686286858,30.596</coordinates></Point></MultiGeometry>
  </Placemark>
  <Placemark id="lago_sec1sec2_map_vitto_20250623_RevA_non_hatch.335">
	<Style><LineStyle><color>ff0000ff</color></LineStyle><PolyStyle><fill>0</fill></PolyStyle></Style>
	<ExtendedData><SchemaData schemaUrl="#lago_sec1sec2_map_vitto_20250623_RevA_non_hatch">
		<SimpleData name="Layer">PLAT-BORDER-S1</SimpleData>
		<SimpleData name="SubClasses">AcDbEntity:AcDbLine</SimpleData>
		<SimpleData name="EntityHandle">35B</SimpleData>
	</SchemaData></ExtendedData>
      <MultiGeometry><LineString><coordinates>-97.5522087128708,26.0498133683468,0 -97.5516673388029,26.0493297500028,0</coordinates></LineString></MultiGeometry>
  </Placemark>
  <Placemark id="lago_sec1sec2_map_vitto_20250623_RevA_non_hatch.336">
	<Style><LineStyle><color>ff0000ff</color></LineStyle><PolyStyle><fill>0</fill></PolyStyle></Style>
	<ExtendedData><SchemaData schemaUrl="#lago_sec1sec2_map_vitto_20250623_RevA_non_hatch">
		<SimpleData name="Layer">PLAT-BORDER-S1</SimpleData>
		<SimpleData name="SubClasses">AcDbEntity:AcDbCircle:AcDbArc</SimpleData>
		<SimpleData name="EntityHandle">35C</SimpleData>
	</SchemaData></ExtendedData>
      <MultiGeometry><LineString><coordinates>-97.5532093431421,26.0508976365065,0 -97.5532712702925,26.0507625503975,0</coordinates></LineString></MultiGeometry>
  </Placemark>
  <Placemark id="lago_sec1sec2_map_vitto_20250623_RevA_non_hatch.337">
	<Style><LineStyle><color>ff0000ff</color></LineStyle><PolyStyle><fill>0</fill></PolyStyle></Style>
	<ExtendedData><SchemaData schemaUrl="#lago_sec1sec2_map_vitto_20250623_RevA_non_hatch">
		<SimpleData name="Layer">PLAT-EASEMENT-S1</SimpleData>
		<SimpleData name="SubClasses">AcDbEntity:AcDbLine</SimpleData>
		<SimpleData name="Linetype">HIDDEN2</SimpleData>
		<SimpleData name="EntityHandle">35D</SimpleData>
	</SchemaData></ExtendedData>
      <MultiGeometry><LineString><coordinates>-97.5515492184131,26.0502381846881,0 -97.5516532773285,26.0495299943736,0</coordinates></LineString></MultiGeometry>
  </Placemark>
  <Placemark id="lago_sec1sec2_map_vitto_20250623_RevA_non_hatch.338">
	<ExtendedData><SchemaData schemaUrl="#lago_sec1sec2_map_vitto_20250623_RevA_non_hatch">
		<SimpleData name="Layer">PLAT-DIM-EASEMENT-ACCESS</SimpleData>
		<SimpleData name="SubClasses">AcDbEntity:AcDbMText</SimpleData>
		<SimpleData name="EntityHandle">361</SimpleData>
		<SimpleData name="Text">20' ERHWSC EASEMENT</SimpleData>
	</SchemaData></ExtendedData>
      <MultiGeometry><Point><coordinates>-97.5531527136191,26.0488243155373,29.832</coordinates></Point></MultiGeometry>
  </Placemark>
  <Placemark id="lago_sec1sec2_map_vitto_20250623_RevA_non_hatch.339">
	<ExtendedData><SchemaData schemaUrl="#lago_sec1sec2_map_vitto_20250623_RevA_non_hatch">
		<SimpleData name="Layer">PLAT-DIM-EASEMENT-ACCESS</SimpleData>
		<SimpleData name="SubClasses">AcDbEntity:AcDbMText</SimpleData>
		<SimpleData name="EntityHandle">362</SimpleData>
		<SimpleData name="Text">15' ERHWSC EASEMENT</SimpleData>
	</SchemaData></ExtendedData>
      <MultiGeometry><Point><coordinates>-97.5533131211646,26.049134552179,29.832</coordinates></Point></MultiGeometry>
  </Placemark>
  <Placemark id="lago_sec1sec2_map_vitto_20250623_RevA_non_hatch.340">
	<Style><LineStyle><color>ff0000ff</color></LineStyle><PolyStyle><fill>0</fill></PolyStyle></Style>
	<ExtendedData><SchemaData schemaUrl="#lago_sec1sec2_map_vitto_20250623_RevA_non_hatch">
		<SimpleData name="Layer">PLAT-DIM-EASEMENT-ACCESS</SimpleData>
		<SimpleData name="SubClasses">AcDbEntity:AcDbLine</SimpleData>
		<SimpleData name="EntityHandle">363</SimpleData>
	</SchemaData></ExtendedData>
      <MultiGeometry><LineString><coordinates>-97.5527760810768,26.0491854399888,0 -97.5528367920569,26.0492396735255,0</coordinates></LineString></MultiGeometry>
  </Placemark>
  <Placemark id="lago_sec1sec2_map_vitto_20250623_RevA_non_hatch.341">
	<Style><LineStyle><color>ff0000ff</color></LineStyle><PolyStyle><fill>0</fill></PolyStyle></Style>
	<ExtendedData><SchemaData schemaUrl="#lago_sec1sec2_map_vitto_20250623_RevA_non_hatch">
		<SimpleData name="Layer">PLAT-DIM-EASEMENT-ACCESS</SimpleData>
		<SimpleData name="SubClasses">AcDbEntity:AcDbLine</SimpleData>
		<SimpleData name="EntityHandle">364</SimpleData>
	</SchemaData></ExtendedData>
      <MultiGeometry><LineString><coordinates>-97.5528584471129,26.0492590181173,0 -97.5528840273831,26.049281869114,0</coordinates></LineString></MultiGeometry>
  </Placemark>
  <Placemark id="lago_sec1sec2_map_vitto_20250623_RevA_non_hatch.342">
	<Style><LineStyle><color>ff0000ff</color></LineStyle><PolyStyle><fill>0</fill></PolyStyle></Style>
	<ExtendedData><SchemaData schemaUrl="#lago_sec1sec2_map_vitto_20250623_RevA_non_hatch">
		<SimpleData name="Layer">PLAT-DIM-EASEMENT-ACCESS</SimpleData>
		<SimpleData name="SubClasses">AcDbEntity:AcDbPolyline</SimpleData>
		<SimpleData name="EntityHandle">365</SimpleData>
	</SchemaData></ExtendedData>
      <MultiGeometry><LineString><coordinates>-97.5528584471129,26.0492590181173 -97.5528701193348,26.0492694838078</coordinates></LineString></MultiGeometry>
  </Placemark>
  <Placemark id="lago_sec1sec2_map_vitto_20250623_RevA_non_hatch.343">
	<Style><LineStyle><color>ff0000ff</color></LineStyle><PolyStyle><fill>0</fill></PolyStyle></Style>
	<ExtendedData><SchemaData schemaUrl="#lago_sec1sec2_map_vitto_20250623_RevA_non_hatch">
		<SimpleData name="Layer">PLAT-DIM-EASEMENT-ACCESS</SimpleData>
		<SimpleData name="SubClasses">AcDbEntity:AcDbPolyline</SimpleData>
		<SimpleData name="EntityHandle">366</SimpleData>
	</SchemaData></ExtendedData>
      <MultiGeometry><LineString><coordinates>-97.5528367920569,26.0492396735255 -97.5528251422514,26.0492291874775</coordinates></LineString></MultiGeometry>
  </Placemark>
  <Placemark id="lago_sec1sec2_map_vitto_20250623_RevA_non_hatch.344">
	<Style><LineStyle><color>ff0000ff</color></LineStyle><PolyStyle><fill>0</fill></PolyStyle></Style>
	<ExtendedData><SchemaData schemaUrl="#lago_sec1sec2_map_vitto_20250623_RevA_non_hatch">
		<SimpleData name="Layer">PLAT-DIM-EASEMENT-ACCESS</SimpleData>
		<SimpleData name="SubClasses">AcDbEntity:AcDbLine</SimpleData>
		<SimpleData name="EntityHandle">367</SimpleData>
	</SchemaData></ExtendedData>
      <MultiGeometry><LineString><coordinates>-97.5527601299652,26.0492000100179,0 -97.5527760810768,26.0491854399888,0</coordinates></LineString></MultiGeometry>
  </Placemark>
  <Placemark id="lago_sec1sec2_map_vitto_20250623_RevA_non_hatch.345">
	<Style><LineStyle><color>ff0000ff</color></LineStyle><PolyStyle><fill>0</fill></PolyStyle></Style>
	<ExtendedData><SchemaData schemaUrl="#lago_sec1sec2_map_vitto_20250623_RevA_non_hatch">
		<SimpleData name="Layer">PLAT-DIM-EASEMENT-ACCESS</SimpleData>
		<SimpleData name="SubClasses">AcDbEntity:AcDbLine</SimpleData>
		<SimpleData name="EntityHandle">368</SimpleData>
	</SchemaData></ExtendedData>
      <MultiGeometry><LineString><coordinates>-97.5533128810573,26.0491245195607,0 -97.5533313640662,26.0491071027087,0</coordinates></LineString></MultiGeometry>
  </Placemark>
  <Placemark id="lago_sec1sec2_map_vitto_20250623_RevA_non_hatch.346">
	<ExtendedData><SchemaData schemaUrl="#lago_sec1sec2_map_vitto_20250623_RevA_non_hatch">
		<SimpleData name="Layer">PLAT-DIM-EASEMENT-ACCESS</SimpleData>
		<SimpleData name="SubClasses">AcDbEntity:AcDbMText</SimpleData>
		<SimpleData name="EntityHandle">369</SimpleData>
		<SimpleData name="Text">10' BPUB ELECTRICAL EASEMENT
         </SimpleData>
	</SchemaData></ExtendedData>
      <MultiGeometry><Point><coordinates>-97.5527602410686,26.0492120473433,29.832</coordinates></Point></MultiGeometry>
  </Placemark>
  <Placemark id="lago_sec1sec2_map_vitto_20250623_RevA_non_hatch.347">
	<Style><LineStyle><color>ff0000ff</color></LineStyle><PolyStyle><fill>0</fill></PolyStyle></Style>
	<ExtendedData><SchemaData schemaUrl="#lago_sec1sec2_map_vitto_20250623_RevA_non_hatch">
		<SimpleData name="Layer">PLAT-DIM-EASEMENT-ACCESS</SimpleData>
		<SimpleData name="SubClasses">AcDbEntity:AcDbLine</SimpleData>
		<SimpleData name="EntityHandle">36A</SimpleData>
	</SchemaData></ExtendedData>
      <MultiGeometry><LineString><coordinates>-97.5526803408038,26.0496761570679,0 -97.552625289202,26.0496284869062,0</coordinates></LineString></MultiGeometry>
  </Placemark>
  <Placemark id="lago_sec1sec2_map_vitto_20250623_RevA_non_hatch.348">
	<Style><LineStyle><color>ff0000ff</color></LineStyle><PolyStyle><fill>0</fill></PolyStyle></Style>
	<ExtendedData><SchemaData schemaUrl="#lago_sec1sec2_map_vitto_20250623_RevA_non_hatch">
		<SimpleData name="Layer">PLAT-DIM-EASEMENT-ACCESS</SimpleData>
		<SimpleData name="SubClasses">AcDbEntity:AcDbLine</SimpleData>
		<SimpleData name="EntityHandle">36B</SimpleData>
	</SchemaData></ExtendedData>
      <MultiGeometry><LineString><coordinates>-97.5525153472403,26.0495332860217,0 -97.5524861693716,26.0495080202963,0</coordinates></LineString></MultiGeometry>
  </Placemark>
  <Placemark id="lago_sec1sec2_map_vitto_20250623_RevA_non_hatch.349">
	<Style><LineStyle><color>ff0000ff</color></LineStyle><PolyStyle><fill>0</fill></PolyStyle></Style>
	<ExtendedData><SchemaData schemaUrl="#lago_sec1sec2_map_vitto_20250623_RevA_non_hatch">
		<SimpleData name="Layer">PLAT-DIM-EASEMENT-ACCESS</SimpleData>
		<SimpleData name="SubClasses">AcDbEntity:AcDbPolyline</SimpleData>
		<SimpleData name="EntityHandle">36C</SimpleData>
	</SchemaData></ExtendedData>
      <MultiGeometry><LineString><coordinates>-97.5525153472403,26.0495332860217 -97.5525034538275,26.0495230255142</coordinates></LineString></MultiGeometry>
  </Placemark>
  <Placemark id="lago_sec1sec2_map_vitto_20250623_RevA_non_hatch.350">
	<Style><LineStyle><color>ff0000ff</color></LineStyle><PolyStyle><fill>0</fill></PolyStyle></Style>
	<ExtendedData><SchemaData schemaUrl="#lago_sec1sec2_map_vitto_20250623_RevA_non_hatch">
		<SimpleData name="Layer">PLAT-DIM-EASEMENT-ACCESS</SimpleData>
		<SimpleData name="SubClasses">AcDbEntity:AcDbPolyline</SimpleData>
		<SimpleData name="EntityHandle">36D</SimpleData>
	</SchemaData></ExtendedData>
      <MultiGeometry><LineString><coordinates>-97.552625289202,26.0496284869062 -97.5526372045642,26.0496387266242</coordinates></LineString></MultiGeometry>
  </Placemark>
  <Placemark id="lago_sec1sec2_map_vitto_20250623_RevA_non_hatch.351">
	<Style><LineStyle><color>ff0000ff</color></LineStyle><PolyStyle><fill>0</fill></PolyStyle></Style>
	<ExtendedData><SchemaData schemaUrl="#lago_sec1sec2_map_vitto_20250623_RevA_non_hatch">
		<SimpleData name="Layer">PLAT-DIM-EASEMENT-ACCESS</SimpleData>
		<SimpleData name="SubClasses">AcDbEntity:AcDbLine</SimpleData>
		<SimpleData name="EntityHandle">36E</SimpleData>
	</SchemaData></ExtendedData>
      <MultiGeometry><LineString><coordinates>-97.5526643896113,26.0496907270872,0 -97.5526803408038,26.0496761570679,0</coordinates></LineString></MultiGeometry>
  </Placemark>
  <Placemark id="lago_sec1sec2_map_vitto_20250623_RevA_non_hatch.352">
	<ExtendedData><SchemaData schemaUrl="#lago_sec1sec2_map_vitto_20250623_RevA_non_hatch">
		<SimpleData name="Layer">PLAT-DIM-EASEMENT-ACCESS</SimpleData>
		<SimpleData name="SubClasses">AcDbEntity:AcDbMText</SimpleData>
		<SimpleData name="EntityHandle">36F</SimpleData>
		<SimpleData name="Text">ACCESS EASEMENT
(VOL. 18354, PG. 53, C.C.O.R.)</SimpleData>
	</SchemaData></ExtendedData>
      <MultiGeometry><Point><coordinates>-97.5526759877852,26.0497107890791,29.832</coordinates></Point></MultiGeometry>
  </Placemark>
  <Placemark id="lago_sec1sec2_map_vitto_20250623_RevA_non_hatch.353">
	<ExtendedData><SchemaData schemaUrl="#lago_sec1sec2_map_vitto_20250623_RevA_non_hatch">
		<SimpleData name="Layer">PLAT-TEXT-ACCESS</SimpleData>
		<SimpleData name="SubClasses">AcDbEntity:AcDbMText</SimpleData>
		<SimpleData name="Linetype">Continuous</SimpleData>
		<SimpleData name="EntityHandle">370</SimpleData>
		<SimpleData name="Text">C VITTORIO ALFIERI AVENUE</SimpleData>
	</SchemaData></ExtendedData>
      <MultiGeometry><Point><coordinates>-97.552605597478,26.0496269140908,0</coordinates></Point></MultiGeometry>
  </Placemark>
  <Placemark id="lago_sec1sec2_map_vitto_20250623_RevA_non_hatch.354">
	<ExtendedData><SchemaData schemaUrl="#lago_sec1sec2_map_vitto_20250623_RevA_non_hatch">
		<SimpleData name="Layer">PLAT-TEXT-ACCESS</SimpleData>
		<SimpleData name="SubClasses">AcDbEntity:AcDbMText</SimpleData>
		<SimpleData name="Linetype">Continuous</SimpleData>
		<SimpleData name="EntityHandle">371</SimpleData>
		<SimpleData name="Text">L</SimpleData>
	</SchemaData></ExtendedData>
      <MultiGeometry><Point><coordinates>-97.5527771988551,26.0494545324057,0</coordinates></Point></MultiGeometry>
  </Placemark>
  <Placemark id="lago_sec1sec2_map_vitto_20250623_RevA_non_hatch.355">
	<ExtendedData><SchemaData schemaUrl="#lago_sec1sec2_map_vitto_20250623_RevA_non_hatch">
		<SimpleData name="Layer">PLAT-TEXT-ACCESS</SimpleData>
		<SimpleData name="SubClasses">AcDbEntity:AcDbMText</SimpleData>
		<SimpleData name="EntityHandle">372</SimpleData>
		<SimpleData name="Text">(50' PRIVATE ROAD)</SimpleData>
	</SchemaData></ExtendedData>
      <MultiGeometry><Point><coordinates>-97.5526620409127,26.0495027783677,44.748</coordinates></Point></MultiGeometry>
  </Placemark>
  <Placemark id="lago_sec1sec2_map_vitto_20250623_RevA_non_hatch.356">
	<ExtendedData><SchemaData schemaUrl="#lago_sec1sec2_map_vitto_20250623_RevA_non_hatch">
		<SimpleData name="Layer">PLAT-TEXT-S1</SimpleData>
		<SimpleData name="SubClasses">AcDbEntity:AcDbMText</SimpleData>
		<SimpleData name="Linetype">Continuous</SimpleData>
		<SimpleData name="EntityHandle">373</SimpleData>
		<SimpleData name="Text">L GIUSEPPE VERDI</SimpleData>
	</SchemaData></ExtendedData>
      <MultiGeometry><Point><coordinates>-97.5526511193265,26.0502430128389,0</coordinates></Point></MultiGeometry>
  </Placemark>
  <Placemark id="lago_sec1sec2_map_vitto_20250623_RevA_non_hatch.357">
	<ExtendedData><SchemaData schemaUrl="#lago_sec1sec2_map_vitto_20250623_RevA_non_hatch">
		<SimpleData name="Layer">PLAT-TEXT-S1</SimpleData>
		<SimpleData name="SubClasses">AcDbEntity:AcDbMText</SimpleData>
		<SimpleData name="EntityHandle">374</SimpleData>
		<SimpleData name="Text">(PRIVATE ROAD)</SimpleData>
	</SchemaData></ExtendedData>
      <MultiGeometry><Point><coordinates>-97.5525596002015,26.0502176826949,44.748</coordinates></Point></MultiGeometry>
  </Placemark>
  <Placemark id="lago_sec1sec2_map_vitto_20250623_RevA_non_hatch.358">
	<ExtendedData><SchemaData schemaUrl="#lago_sec1sec2_map_vitto_20250623_RevA_non_hatch">
		<SimpleData name="Layer">PLAT-TEXT-S1</SimpleData>
		<SimpleData name="SubClasses">AcDbEntity:AcDbMText</SimpleData>
		<SimpleData name="Linetype">Continuous</SimpleData>
		<SimpleData name="EntityHandle">375</SimpleData>
		<SimpleData name="Text">RESERVE &quot;A&quot;</SimpleData>
	</SchemaData></ExtendedData>
      <MultiGeometry><Point><coordinates>-97.5518431375421,26.0495793684476,0</coordinates></Point></MultiGeometry>
  </Placemark>
  <Placemark id="lago_sec1sec2_map_vitto_20250623_RevA_non_hatch.359">
	<ExtendedData><SchemaData schemaUrl="#lago_sec1sec2_map_vitto_20250623_RevA_non_hatch">
		<SimpleData name="Layer">PLAT-DIM-EASEMENT-S1</SimpleData>
		<SimpleData name="SubClasses">AcDbEntity:AcDbMText</SimpleData>
		<SimpleData name="EntityHandle">376</SimpleData>
		<SimpleData name="Text">20' ERHWSC EASEMENT
(VOL. 21882, PG. 28, C.C.O.R.)</SimpleData>
	</SchemaData></ExtendedData>
      <MultiGeometry><Point><coordinates>-97.551878421912,26.0493974701622,29.832</coordinates></Point></MultiGeometry>
  </Placemark>
  <Placemark id="lago_sec1sec2_map_vitto_20250623_RevA_non_hatch.360">
	<Style><LineStyle><color>ff0000ff</color></LineStyle><PolyStyle><fill>0</fill></PolyStyle></Style>
	<ExtendedData><SchemaData schemaUrl="#lago_sec1sec2_map_vitto_20250623_RevA_non_hatch">
		<SimpleData name="Layer">PLAT-DIM-EASEMENT-S1</SimpleData>
		<SimpleData name="SubClasses">AcDbEntity:AcDbLine</SimpleData>
		<SimpleData name="EntityHandle">377</SimpleData>
	</SchemaData></ExtendedData>
      <MultiGeometry><LineString><coordinates>-97.5518458236599,26.0493793487863,0 -97.5517850254885,26.0494348819764,0</coordinates></LineString></MultiGeometry>
  </Placemark>
  <Placemark id="lago_sec1sec2_map_vitto_20250623_RevA_non_hatch.361">
	<Style><LineStyle><color>ff0000ff</color></LineStyle><PolyStyle><fill>0</fill></PolyStyle></Style>
	<ExtendedData><SchemaData schemaUrl="#lago_sec1sec2_map_vitto_20250623_RevA_non_hatch">
		<SimpleData name="Layer">PLAT-DIM-EASEMENT-S1</SimpleData>
		<SimpleData name="SubClasses">AcDbEntity:AcDbLine</SimpleData>
		<SimpleData name="EntityHandle">378</SimpleData>
	</SchemaData></ExtendedData>
      <MultiGeometry><LineString><coordinates>-97.5517421943811,26.0494740039606,0 -97.5517122408794,26.049501363501,0</coordinates></LineString></MultiGeometry>
  </Placemark>
  <Placemark id="lago_sec1sec2_map_vitto_20250623_RevA_non_hatch.362">
	<Style><LineStyle><color>ff0000ff</color></LineStyle><PolyStyle><fill>0</fill></PolyStyle></Style>
	<ExtendedData><SchemaData schemaUrl="#lago_sec1sec2_map_vitto_20250623_RevA_non_hatch">
		<SimpleData name="Layer">PLAT-DIM-EASEMENT-S1</SimpleData>
		<SimpleData name="SubClasses">AcDbEntity:AcDbPolyline</SimpleData>
		<SimpleData name="EntityHandle">379</SimpleData>
	</SchemaData></ExtendedData>
      <MultiGeometry><LineString><coordinates>-97.5517421943811,26.0494740039606 -97.5517306082655,26.0494845474627</coordinates></LineString></MultiGeometry>
  </Placemark>
  <Placemark id="lago_sec1sec2_map_vitto_20250623_RevA_non_hatch.363">
	<Style><LineStyle><color>ff0000ff</color></LineStyle><PolyStyle><fill>0</fill></PolyStyle></Style>
	<ExtendedData><SchemaData schemaUrl="#lago_sec1sec2_map_vitto_20250623_RevA_non_hatch">
		<SimpleData name="Layer">PLAT-DIM-EASEMENT-S1</SimpleData>
		<SimpleData name="SubClasses">AcDbEntity:AcDbPolyline</SimpleData>
		<SimpleData name="EntityHandle">37A</SimpleData>
	</SchemaData></ExtendedData>
      <MultiGeometry><LineString><coordinates>-97.5517850254885,26.0494348819764 -97.5517966341274,26.0494243587134</coordinates></LineString></MultiGeometry>
  </Placemark>
  <Placemark id="lago_sec1sec2_map_vitto_20250623_RevA_non_hatch.364">
	<Style><LineStyle><color>ff0000ff</color></LineStyle><PolyStyle><fill>0</fill></PolyStyle></Style>
	<ExtendedData><SchemaData schemaUrl="#lago_sec1sec2_map_vitto_20250623_RevA_non_hatch">
		<SimpleData name="Layer">PLAT-DIM-EASEMENT-S1</SimpleData>
		<SimpleData name="SubClasses">AcDbEntity:AcDbLine</SimpleData>
		<SimpleData name="EntityHandle">37B</SimpleData>
	</SchemaData></ExtendedData>
      <MultiGeometry><LineString><coordinates>-97.5518458236599,26.0493793487863,0 -97.5518680443949,26.0493991989905,0</coordinates></LineString></MultiGeometry>
  </Placemark>
  <Placemark id="lago_sec1sec2_map_vitto_20250623_RevA_non_hatch.365">
	<Style><LineStyle><color>ff0000ff</color></LineStyle><PolyStyle><fill>0</fill></PolyStyle></Style>
	<ExtendedData><SchemaData schemaUrl="#lago_sec1sec2_map_vitto_20250623_RevA_non_hatch">
		<SimpleData name="Layer">PLAT-DIM-EASEMENT-S1</SimpleData>
		<SimpleData name="SubClasses">AcDbEntity:AcDbLine</SimpleData>
		<SimpleData name="EntityHandle">37C</SimpleData>
	</SchemaData></ExtendedData>
      <MultiGeometry><LineString><coordinates>-97.5516989230545,26.0496559763629,0 -97.551724667958,26.0496324609953,0</coordinates></LineString></MultiGeometry>
  </Placemark>
  <Placemark id="lago_sec1sec2_map_vitto_20250623_RevA_non_hatch.366">
	<Style><LineStyle><color>ff0000ff</color></LineStyle><PolyStyle><fill>0</fill></PolyStyle></Style>
	<ExtendedData><SchemaData schemaUrl="#lago_sec1sec2_map_vitto_20250623_RevA_non_hatch">
		<SimpleData name="Layer">PLAT-DIM-EASEMENT-S1</SimpleData>
		<SimpleData name="SubClasses">AcDbEntity:AcDbLine</SimpleData>
		<SimpleData name="EntityHandle">37D</SimpleData>
	</SchemaData></ExtendedData>
      <MultiGeometry><LineString><coordinates>-97.551735375754,26.0496226805015,0 -97.5517625108201,26.0495978953391,0</coordinates></LineString></MultiGeometry>
  </Placemark>
  <Placemark id="lago_sec1sec2_map_vitto_20250623_RevA_non_hatch.367">
	<Style><LineStyle><color>ff0000ff</color></LineStyle><PolyStyle><fill>0</fill></PolyStyle></Style>
	<ExtendedData><SchemaData schemaUrl="#lago_sec1sec2_map_vitto_20250623_RevA_non_hatch">
		<SimpleData name="Layer">PLAT-DIM-EASEMENT-S1</SimpleData>
		<SimpleData name="SubClasses">AcDbEntity:AcDbPolyline</SimpleData>
		<SimpleData name="EntityHandle">37E</SimpleData>
	</SchemaData></ExtendedData>
      <MultiGeometry><LineString><coordinates>-97.551735375754,26.0496226805015 -97.5517469618833,26.0496121369988</coordinates></LineString></MultiGeometry>
  </Placemark>
  <Placemark id="lago_sec1sec2_map_vitto_20250623_RevA_non_hatch.368">
	<Style><LineStyle><color>ff0000ff</color></LineStyle><PolyStyle><fill>0</fill></PolyStyle></Style>
	<ExtendedData><SchemaData schemaUrl="#lago_sec1sec2_map_vitto_20250623_RevA_non_hatch">
		<SimpleData name="Layer">PLAT-DIM-EASEMENT-S1</SimpleData>
		<SimpleData name="SubClasses">AcDbEntity:AcDbPolyline</SimpleData>
		<SimpleData name="EntityHandle">37F</SimpleData>
	</SchemaData></ExtendedData>
      <MultiGeometry><LineString><coordinates>-97.551724667958,26.0496324609953 -97.5517130592913,26.0496429842526</coordinates></LineString></MultiGeometry>
  </Placemark>
  <Placemark id="lago_sec1sec2_map_vitto_20250623_RevA_non_hatch.369">
	<Style><LineStyle><color>ff0000ff</color></LineStyle><PolyStyle><fill>0</fill></PolyStyle></Style>
	<ExtendedData><SchemaData schemaUrl="#lago_sec1sec2_map_vitto_20250623_RevA_non_hatch">
		<SimpleData name="Layer">PLAT-DIM-EASEMENT-S1</SimpleData>
		<SimpleData name="SubClasses">AcDbEntity:AcDbLine</SimpleData>
		<SimpleData name="EntityHandle">380</SimpleData>
	</SchemaData></ExtendedData>
      <MultiGeometry><LineString><coordinates>-97.5517128352588,26.0496684043995,0 -97.5516989230545,26.0496559763629,0</coordinates></LineString></MultiGeometry>
  </Placemark>
  <Placemark id="lago_sec1sec2_map_vitto_20250623_RevA_non_hatch.370">
	<ExtendedData><SchemaData schemaUrl="#lago_sec1sec2_map_vitto_20250623_RevA_non_hatch">
		<SimpleData name="Layer">PLAT-DIM-EASEMENT-S1</SimpleData>
		<SimpleData name="SubClasses">AcDbEntity:AcDbMText</SimpleData>
		<SimpleData name="EntityHandle">381</SimpleData>
		<SimpleData name="Text">5' BPUB ELECTRICAL EASEMENT
       </SimpleData>
	</SchemaData></ExtendedData>
      <MultiGeometry><Point><coordinates>-97.5517215836946,26.0496674534045,29.832</coordinates></Point></MultiGeometry>
  </Placemark>
  <Placemark id="lago_sec1sec2_map_vitto_20250623_RevA_non_hatch.371">
	<ExtendedData><SchemaData schemaUrl="#lago_sec1sec2_map_vitto_20250623_RevA_non_hatch">
		<SimpleData name="Layer">PLAT-DIM-EASEMENT-S1</SimpleData>
		<SimpleData name="SubClasses">AcDbEntity:AcDbMText</SimpleData>
		<SimpleData name="EntityHandle">382</SimpleData>
		<SimpleData name="Text">5' ERHWSC EASEMENT
(VOL. 21882, PG. 28)</SimpleData>
	</SchemaData></ExtendedData>
      <MultiGeometry><Point><coordinates>-97.5525944067395,26.0504202316243,29.832</coordinates></Point></MultiGeometry>
  </Placemark>
  <Placemark id="lago_sec1sec2_map_vitto_20250623_RevA_non_hatch.372">
	<ExtendedData><SchemaData schemaUrl="#lago_sec1sec2_map_vitto_20250623_RevA_non_hatch">
		<SimpleData name="Layer">PLAT-DIM-EASEMENT-S1</SimpleData>
		<SimpleData name="SubClasses">AcDbEntity:AcDbMText</SimpleData>
		<SimpleData name="EntityHandle">383</SimpleData>
		<SimpleData name="Text">20 FT. ERHWSC EASEMENT
(VOL. 21882, PG. 28, C.C.O.R.)</SimpleData>
	</SchemaData></ExtendedData>
      <MultiGeometry><Point><coordinates>-97.552600583033,26.0509555196539,0</coordinates></Point></MultiGeometry>
  </Placemark>
  <Placemark id="lago_sec1sec2_map_vitto_20250623_RevA_non_hatch.373">
	<Style><LineStyle><color>ff0000ff</color></LineStyle><PolyStyle><fill>0</fill></PolyStyle></Style>
	<ExtendedData><SchemaData schemaUrl="#lago_sec1sec2_map_vitto_20250623_RevA_non_hatch">
		<SimpleData name="Layer">PLAT-DIM-EASEMENT-S1</SimpleData>
		<SimpleData name="SubClasses">AcDbEntity:AcDbLine</SimpleData>
		<SimpleData name="EntityHandle">385</SimpleData>
	</SchemaData></ExtendedData>
      <MultiGeometry><LineString><coordinates>-97.5516548765214,26.0497962139875,0 -97.5516149217195,26.0497910308964,0</coordinates></LineString></MultiGeometry>
  </Placemark>
  <Placemark id="lago_sec1sec2_map_vitto_20250623_RevA_non_hatch.374">
	<Style><LineStyle><color>ff0000ff</color></LineStyle><PolyStyle><fill>0</fill></PolyStyle></Style>
	<ExtendedData><SchemaData schemaUrl="#lago_sec1sec2_map_vitto_20250623_RevA_non_hatch">
		<SimpleData name="Layer">PLAT-DIM-EASEMENT-S1</SimpleData>
		<SimpleData name="SubClasses">AcDbEntity:AcDbLine</SimpleData>
		<SimpleData name="EntityHandle">386</SimpleData>
	</SchemaData></ExtendedData>
      <MultiGeometry><LineString><coordinates>-97.5515998483757,26.0497890755209,0 -97.551561650386,26.0497841203148,0</coordinates></LineString></MultiGeometry>
  </Placemark>
  <Placemark id="lago_sec1sec2_map_vitto_20250623_RevA_non_hatch.375">
	<Style><LineStyle><color>ff0000ff</color></LineStyle><PolyStyle><fill>0</fill></PolyStyle></Style>
	<ExtendedData><SchemaData schemaUrl="#lago_sec1sec2_map_vitto_20250623_RevA_non_hatch">
		<SimpleData name="Layer">PLAT-DIM-EASEMENT-S1</SimpleData>
		<SimpleData name="SubClasses">AcDbEntity:AcDbPolyline</SimpleData>
		<SimpleData name="EntityHandle">387</SimpleData>
	</SchemaData></ExtendedData>
      <MultiGeometry><LineString><coordinates>-97.5515998483757,26.0497890755209 -97.5515835735377,26.0497869363893</coordinates></LineString></MultiGeometry>
  </Placemark>
  <Placemark id="lago_sec1sec2_map_vitto_20250623_RevA_non_hatch.376">
	<Style><LineStyle><color>ff0000ff</color></LineStyle><PolyStyle><fill>0</fill></PolyStyle></Style>
	<ExtendedData><SchemaData schemaUrl="#lago_sec1sec2_map_vitto_20250623_RevA_non_hatch">
		<SimpleData name="Layer">PLAT-DIM-EASEMENT-S1</SimpleData>
		<SimpleData name="SubClasses">AcDbEntity:AcDbPolyline</SimpleData>
		<SimpleData name="EntityHandle">388</SimpleData>
	</SchemaData></ExtendedData>
      <MultiGeometry><LineString><coordinates>-97.5516149217195,26.0497910308964 -97.5516311919522,26.0497931984284</coordinates></LineString></MultiGeometry>
  </Placemark>
  <Placemark id="lago_sec1sec2_map_vitto_20250623_RevA_non_hatch.377">
	<Style><LineStyle><color>ff0000ff</color></LineStyle><PolyStyle><fill>0</fill></PolyStyle></Style>
	<ExtendedData><SchemaData schemaUrl="#lago_sec1sec2_map_vitto_20250623_RevA_non_hatch">
		<SimpleData name="Layer">PLAT-DIM-EASEMENT-S1</SimpleData>
		<SimpleData name="SubClasses">AcDbEntity:AcDbLine</SimpleData>
		<SimpleData name="EntityHandle">389</SimpleData>
	</SchemaData></ExtendedData>
      <MultiGeometry><LineString><coordinates>-97.5516548765214,26.0497962139875,0 -97.5516519091683,26.0498148783988,0</coordinates></LineString></MultiGeometry>
  </Placemark>
  <Placemark id="lago_sec1sec2_map_vitto_20250623_RevA_non_hatch.378">
	<ExtendedData><SchemaData schemaUrl="#lago_sec1sec2_map_vitto_20250623_RevA_non_hatch">
		<SimpleData name="Layer">PLAT-DIM-EASEMENT-S1</SimpleData>
		<SimpleData name="SubClasses">AcDbEntity:AcDbMText</SimpleData>
		<SimpleData name="EntityHandle">38A</SimpleData>
		<SimpleData name="Text">5' ACCESS EASEMENT</SimpleData>
	</SchemaData></ExtendedData>
      <MultiGeometry><Point><coordinates>-97.5516555701041,26.049820455137,29.832</coordinates></Point></MultiGeometry>
  </Placemark>
  <Placemark id="lago_sec1sec2_map_vitto_20250623_RevA_non_hatch.379">
	<Style><LineStyle><color>ff0000ff</color></LineStyle><PolyStyle><fill>0</fill></PolyStyle></Style>
	<ExtendedData><SchemaData schemaUrl="#lago_sec1sec2_map_vitto_20250623_RevA_non_hatch">
		<SimpleData name="Layer">PLAT-DIM-S1</SimpleData>
		<SimpleData name="SubClasses">AcDbEntity:AcDbLine</SimpleData>
		<SimpleData name="EntityHandle">391</SimpleData>
	</SchemaData></ExtendedData>
      <MultiGeometry><LineString><coordinates>-97.5520580053954,26.0496787395043,0 -97.551940219785,26.0497863251641,0</coordinates></LineString></MultiGeometry>
  </Placemark>
  <Placemark id="lago_sec1sec2_map_vitto_20250623_RevA_non_hatch.380">
	<Style><LineStyle><color>ff0000ff</color></LineStyle><PolyStyle><fill>0</fill></PolyStyle></Style>
	<ExtendedData><SchemaData schemaUrl="#lago_sec1sec2_map_vitto_20250623_RevA_non_hatch">
		<SimpleData name="Layer">PLAT-DIM-S1</SimpleData>
		<SimpleData name="SubClasses">AcDbEntity:AcDbPolyline</SimpleData>
		<SimpleData name="EntityHandle">392</SimpleData>
	</SchemaData></ExtendedData>
      <MultiGeometry><LineString><coordinates>-97.551940219785,26.0497863251641 -97.5519518059119,26.0497757816442</coordinates></LineString></MultiGeometry>
  </Placemark>
  <Placemark id="lago_sec1sec2_map_vitto_20250623_RevA_non_hatch.381">
	<Style><LineStyle><color>ff0000ff</color></LineStyle><PolyStyle><fill>0</fill></PolyStyle></Style>
	<ExtendedData><SchemaData schemaUrl="#lago_sec1sec2_map_vitto_20250623_RevA_non_hatch">
		<SimpleData name="Layer">PLAT-DIM-S1</SimpleData>
		<SimpleData name="SubClasses">AcDbEntity:AcDbPolyline</SimpleData>
		<SimpleData name="EntityHandle">393</SimpleData>
	</SchemaData></ExtendedData>
      <MultiGeometry><LineString><coordinates>-97.5520580053954,26.0496787395043 -97.5520463967547,26.0496892627894</coordinates></LineString></MultiGeometry>
  </Placemark>
  <Placemark id="lago_sec1sec2_map_vitto_20250623_RevA_non_hatch.382">
	<ExtendedData><SchemaData schemaUrl="#lago_sec1sec2_map_vitto_20250623_RevA_non_hatch">
		<SimpleData name="Layer">PLAT-DIM-S1</SimpleData>
		<SimpleData name="SubClasses">AcDbEntity:AcDbMText</SimpleData>
		<SimpleData name="EntityHandle">394</SimpleData>
		<SimpleData name="Text">55.00'
INGRESS
&amp;
EGRESS
EASEMENT</SimpleData>
	</SchemaData></ExtendedData>
      <MultiGeometry><Point><coordinates>-97.5519937557856,26.0497271782477,0</coordinates></Point></MultiGeometry>
  </Placemark>
  <Placemark id="lago_sec1sec2_map_vitto_20250623_RevA_non_hatch.383">
	<ExtendedData><SchemaData schemaUrl="#lago_sec1sec2_map_vitto_20250623_RevA_non_hatch">
		<SimpleData name="Layer">PLAT-DIM-EASEMENT-S1</SimpleData>
		<SimpleData name="SubClasses">AcDbEntity:AcDbMText</SimpleData>
		<SimpleData name="EntityHandle">395</SimpleData>
		<SimpleData name="Text">20' ERHWSC EASEMENT
(VOL. 21882, PG. 28, C.C.O.R.)</SimpleData>
	</SchemaData></ExtendedData>
      <MultiGeometry><Point><coordinates>-97.5525989089043,26.0500257273506,29.832</coordinates></Point></MultiGeometry>
  </Placemark>
  <Placemark id="lago_sec1sec2_map_vitto_20250623_RevA_non_hatch.384">
	<Style><LineStyle><color>ff0000ff</color></LineStyle><PolyStyle><fill>0</fill></PolyStyle></Style>
	<ExtendedData><SchemaData schemaUrl="#lago_sec1sec2_map_vitto_20250623_RevA_non_hatch">
		<SimpleData name="Layer">PLAT-DIM-EASEMENT-S1</SimpleData>
		<SimpleData name="SubClasses">AcDbEntity:AcDbLine</SimpleData>
		<SimpleData name="EntityHandle">396</SimpleData>
	</SchemaData></ExtendedData>
      <MultiGeometry><LineString><coordinates>-97.5525423625622,26.0500015752594,0 -97.5524815643984,26.0500571087578,0</coordinates></LineString></MultiGeometry>
  </Placemark>
  <Placemark id="lago_sec1sec2_map_vitto_20250623_RevA_non_hatch.385">
	<Style><LineStyle><color>ff0000ff</color></LineStyle><PolyStyle><fill>0</fill></PolyStyle></Style>
	<ExtendedData><SchemaData schemaUrl="#lago_sec1sec2_map_vitto_20250623_RevA_non_hatch">
		<SimpleData name="Layer">PLAT-DIM-EASEMENT-S1</SimpleData>
		<SimpleData name="SubClasses">AcDbEntity:AcDbLine</SimpleData>
		<SimpleData name="EntityHandle">397</SimpleData>
	</SchemaData></ExtendedData>
      <MultiGeometry><LineString><coordinates>-97.5524387332963,26.0500962309592,0 -97.5524181698465,26.050115013731,0</coordinates></LineString></MultiGeometry>
  </Placemark>
  <Placemark id="lago_sec1sec2_map_vitto_20250623_RevA_non_hatch.386">
	<Style><LineStyle><color>ff0000ff</color></LineStyle><PolyStyle><fill>0</fill></PolyStyle></Style>
	<ExtendedData><SchemaData schemaUrl="#lago_sec1sec2_map_vitto_20250623_RevA_non_hatch">
		<SimpleData name="Layer">PLAT-DIM-EASEMENT-S1</SimpleData>
		<SimpleData name="SubClasses">AcDbEntity:AcDbPolyline</SimpleData>
		<SimpleData name="EntityHandle">398</SimpleData>
	</SchemaData></ExtendedData>
      <MultiGeometry><LineString><coordinates>-97.5524387332963,26.0500962309592 -97.5524271471818,26.05010677452</coordinates></LineString></MultiGeometry>
  </Placemark>
  <Placemark id="lago_sec1sec2_map_vitto_20250623_RevA_non_hatch.387">
	<Style><LineStyle><color>ff0000ff</color></LineStyle><PolyStyle><fill>0</fill></PolyStyle></Style>
	<ExtendedData><SchemaData schemaUrl="#lago_sec1sec2_map_vitto_20250623_RevA_non_hatch">
		<SimpleData name="Layer">PLAT-DIM-EASEMENT-S1</SimpleData>
		<SimpleData name="SubClasses">AcDbEntity:AcDbPolyline</SimpleData>
		<SimpleData name="EntityHandle">399</SimpleData>
	</SchemaData></ExtendedData>
      <MultiGeometry><LineString><coordinates>-97.5524815643984,26.0500571087578 -97.5524931730363,26.0500465854359</coordinates></LineString></MultiGeometry>
  </Placemark>
  <Placemark id="lago_sec1sec2_map_vitto_20250623_RevA_non_hatch.388">
	<Style><LineStyle><color>ff0000ff</color></LineStyle><PolyStyle><fill>0</fill></PolyStyle></Style>
	<ExtendedData><SchemaData schemaUrl="#lago_sec1sec2_map_vitto_20250623_RevA_non_hatch">
		<SimpleData name="Layer">PLAT-DIM-EASEMENT-S1</SimpleData>
		<SimpleData name="SubClasses">AcDbEntity:AcDbLine</SimpleData>
		<SimpleData name="EntityHandle">39A</SimpleData>
	</SchemaData></ExtendedData>
      <MultiGeometry><LineString><coordinates>-97.5525423625622,26.0500015752594,0 -97.5525758583439,26.0500314971815,0</coordinates></LineString></MultiGeometry>
  </Placemark>
  <Placemark id="lago_sec1sec2_map_vitto_20250623_RevA_non_hatch.389">
	<ExtendedData><SchemaData schemaUrl="#lago_sec1sec2_map_vitto_20250623_RevA_non_hatch">
		<SimpleData name="Layer">PLAT-BORDER-LEGAL</SimpleData>
		<SimpleData name="SubClasses">AcDbEntity:AcDbMText</SimpleData>
		<SimpleData name="EntityHandle">39B</SimpleData>
		<SimpleData name="Text">MACHINERY PLAZA SUBDIVISION</SimpleData>
	</SchemaData></ExtendedData>
      <MultiGeometry><Point><coordinates>-97.55222187092,26.048896046623,0</coordinates></Point></MultiGeometry>
  </Placemark>
  <Placemark id="lago_sec1sec2_map_vitto_20250623_RevA_non_hatch.390">
	<Style><LineStyle><color>ff0000ff</color></LineStyle><PolyStyle><fill>0</fill></PolyStyle></Style>
	<ExtendedData><SchemaData schemaUrl="#lago_sec1sec2_map_vitto_20250623_RevA_non_hatch">
		<SimpleData name="Layer">PLAT-DIM-S1</SimpleData>
		<SimpleData name="SubClasses">AcDbEntity:AcDbLine</SimpleData>
		<SimpleData name="EntityHandle">39D</SimpleData>
	</SchemaData></ExtendedData>
      <MultiGeometry><LineString><coordinates>-97.5528580466237,26.0503934324078,0 -97.5527402610299,26.0505010187534,0</coordinates></LineString></MultiGeometry>
  </Placemark>
  <Placemark id="lago_sec1sec2_map_vitto_20250623_RevA_non_hatch.391">
	<Style><LineStyle><color>ff0000ff</color></LineStyle><PolyStyle><fill>0</fill></PolyStyle></Style>
	<ExtendedData><SchemaData schemaUrl="#lago_sec1sec2_map_vitto_20250623_RevA_non_hatch">
		<SimpleData name="Layer">PLAT-DIM-S1</SimpleData>
		<SimpleData name="SubClasses">AcDbEntity:AcDbPolyline</SimpleData>
		<SimpleData name="EntityHandle">39E</SimpleData>
	</SchemaData></ExtendedData>
      <MultiGeometry><LineString><coordinates>-97.5527402610299,26.0505010187534 -97.5527518471555,26.0504904751661</coordinates></LineString></MultiGeometry>
  </Placemark>
  <Placemark id="lago_sec1sec2_map_vitto_20250623_RevA_non_hatch.392">
	<Style><LineStyle><color>ff0000ff</color></LineStyle><PolyStyle><fill>0</fill></PolyStyle></Style>
	<ExtendedData><SchemaData schemaUrl="#lago_sec1sec2_map_vitto_20250623_RevA_non_hatch">
		<SimpleData name="Layer">PLAT-DIM-S1</SimpleData>
		<SimpleData name="SubClasses">AcDbEntity:AcDbPolyline</SimpleData>
		<SimpleData name="EntityHandle">39F</SimpleData>
	</SchemaData></ExtendedData>
      <MultiGeometry><LineString><coordinates>-97.5528580466237,26.0503934324078 -97.5528464379841,26.0504039557605</coordinates></LineString></MultiGeometry>
  </Placemark>
  <Placemark id="lago_sec1sec2_map_vitto_20250623_RevA_non_hatch.393">
	<ExtendedData><SchemaData schemaUrl="#lago_sec1sec2_map_vitto_20250623_RevA_non_hatch">
		<SimpleData name="Layer">PLAT-DIM-S1</SimpleData>
		<SimpleData name="SubClasses">AcDbEntity:AcDbMText</SimpleData>
		<SimpleData name="EntityHandle">3A0</SimpleData>
		<SimpleData name="Text">55.00'</SimpleData>
	</SchemaData></ExtendedData>
      <MultiGeometry><Point><coordinates>-97.5527937367609,26.0504491113895,0</coordinates></Point></MultiGeometry>
  </Placemark>
  <Placemark id="lago_sec1sec2_map_vitto_20250623_RevA_non_hatch.394">
	<Style><LineStyle><color>ff0000ff</color></LineStyle><PolyStyle><fill>0</fill></PolyStyle></Style>
	<ExtendedData><SchemaData schemaUrl="#lago_sec1sec2_map_vitto_20250623_RevA_non_hatch">
		<SimpleData name="Layer">PLAT-DIM-S1</SimpleData>
		<SimpleData name="SubClasses">AcDbEntity:AcDbLine</SimpleData>
		<SimpleData name="EntityHandle">3A1</SimpleData>
	</SchemaData></ExtendedData>
      <MultiGeometry><LineString><coordinates>-97.5528296946763,26.0503681050754,0 -97.552711909082,26.0504756913968,0</coordinates></LineString></MultiGeometry>
  </Placemark>
  <Placemark id="lago_sec1sec2_map_vitto_20250623_RevA_non_hatch.395">
	<Style><LineStyle><color>ff0000ff</color></LineStyle><PolyStyle><fill>0</fill></PolyStyle></Style>
	<ExtendedData><SchemaData schemaUrl="#lago_sec1sec2_map_vitto_20250623_RevA_non_hatch">
		<SimpleData name="Layer">PLAT-DIM-S1</SimpleData>
		<SimpleData name="SubClasses">AcDbEntity:AcDbPolyline</SimpleData>
		<SimpleData name="EntityHandle">3A3</SimpleData>
	</SchemaData></ExtendedData>
      <MultiGeometry><LineString><coordinates>-97.552711909082,26.0504756913968 -97.5527234952076,26.0504651478119</coordinates></LineString></MultiGeometry>
  </Placemark>
  <Placemark id="lago_sec1sec2_map_vitto_20250623_RevA_non_hatch.396">
	<Style><LineStyle><color>ff0000ff</color></LineStyle><PolyStyle><fill>0</fill></PolyStyle></Style>
	<ExtendedData><SchemaData schemaUrl="#lago_sec1sec2_map_vitto_20250623_RevA_non_hatch">
		<SimpleData name="Layer">PLAT-DIM-S1</SimpleData>
		<SimpleData name="SubClasses">AcDbEntity:AcDbPolyline</SimpleData>
		<SimpleData name="EntityHandle">3A4</SimpleData>
	</SchemaData></ExtendedData>
      <MultiGeometry><LineString><coordinates>-97.5528296946763,26.0503681050754 -97.5528180860367,26.0503786284258</coordinates></LineString></MultiGeometry>
  </Placemark>
  <Placemark id="lago_sec1sec2_map_vitto_20250623_RevA_non_hatch.397">
	<ExtendedData><SchemaData schemaUrl="#lago_sec1sec2_map_vitto_20250623_RevA_non_hatch">
		<SimpleData name="Layer">PLAT-DIM-S1</SimpleData>
		<SimpleData name="SubClasses">AcDbEntity:AcDbMText</SimpleData>
		<SimpleData name="EntityHandle">3A5</SimpleData>
		<SimpleData name="Text">35.00'</SimpleData>
	</SchemaData></ExtendedData>
      <MultiGeometry><Point><coordinates>-97.5527887876405,26.0503996749438,0</coordinates></Point></MultiGeometry>
  </Placemark>
  <Placemark id="lago_sec1sec2_map_vitto_20250623_RevA_non_hatch.398">
	<Style><LineStyle><color>ff0000ff</color></LineStyle><PolyStyle><fill>0</fill></PolyStyle></Style>
	<ExtendedData><SchemaData schemaUrl="#lago_sec1sec2_map_vitto_20250623_RevA_non_hatch">
		<SimpleData name="Layer">PLAT-DIM-S1</SimpleData>
		<SimpleData name="SubClasses">AcDbEntity:AcDbPolyline</SimpleData>
		<SimpleData name="EntityHandle">3A6</SimpleData>
	</SchemaData></ExtendedData>
      <MultiGeometry><LineString><coordinates>-97.5527547463679,26.0504365635057 -97.5527663324856,26.0504260199172</coordinates></LineString></MultiGeometry>
  </Placemark>
  <Placemark id="lago_sec1sec2_map_vitto_20250623_RevA_non_hatch.399">
	<Style><LineStyle><color>ff0000ff</color></LineStyle><PolyStyle><fill>0</fill></PolyStyle></Style>
	<ExtendedData><SchemaData schemaUrl="#lago_sec1sec2_map_vitto_20250623_RevA_non_hatch">
		<SimpleData name="Layer">PLAT-DIM-S1</SimpleData>
		<SimpleData name="SubClasses">AcDbEntity:AcDbPolyline</SimpleData>
		<SimpleData name="EntityHandle">3A7</SimpleData>
	</SchemaData></ExtendedData>
      <MultiGeometry><LineString><coordinates>-97.5527547463679,26.0504365635057 -97.5527431377144,26.0504470868499</coordinates></LineString></MultiGeometry>
  </Placemark>
  <Placemark id="lago_sec1sec2_map_vitto_20250623_RevA_non_hatch.400">
	<ExtendedData><SchemaData schemaUrl="#lago_sec1sec2_map_vitto_20250623_RevA_non_hatch">
		<SimpleData name="Layer">PLAT-DIM-S1</SimpleData>
		<SimpleData name="SubClasses">AcDbEntity:AcDbMText</SimpleData>
		<SimpleData name="EntityHandle">3A8</SimpleData>
		<SimpleData name="Text">20.00'</SimpleData>
	</SchemaData></ExtendedData>
      <MultiGeometry><Point><coordinates>-97.5527248911706,26.0504519251967,0</coordinates></Point></MultiGeometry>
  </Placemark>
  <Placemark id="lago_sec1sec2_map_vitto_20250623_RevA_non_hatch.401">
	<ExtendedData><SchemaData schemaUrl="#lago_sec1sec2_map_vitto_20250623_RevA_non_hatch">
		<SimpleData name="Layer">PLAT-TEXT-S1</SimpleData>
		<SimpleData name="SubClasses">AcDbEntity:AcDbMText</SimpleData>
		<SimpleData name="EntityHandle">3A9</SimpleData>
		<SimpleData name="Text">B L O C K   2</SimpleData>
	</SchemaData></ExtendedData>
      <MultiGeometry><Point><coordinates>-97.5530813388162,26.0510790215427,0</coordinates></Point></MultiGeometry>
  </Placemark>
  <Placemark id="lago_sec1sec2_map_vitto_20250623_RevA_non_hatch.402">
	<ExtendedData><SchemaData schemaUrl="#lago_sec1sec2_map_vitto_20250623_RevA_non_hatch">
		<SimpleData name="Layer">PLAT-TEXT-ACCESS</SimpleData>
		<SimpleData name="SubClasses">AcDbEntity:AcDbMText</SimpleData>
		<SimpleData name="Linetype">Continuous</SimpleData>
		<SimpleData name="EntityHandle">3AA</SimpleData>
		<SimpleData name="Text">US 77 FRONTAGE ROAD</SimpleData>
	</SchemaData></ExtendedData>
      <MultiGeometry><Point><coordinates>-97.5534790911633,26.0487986248531,0</coordinates></Point></MultiGeometry>
  </Placemark>
  <Placemark id="lago_sec1sec2_map_vitto_20250623_RevA_non_hatch.403">
	<Style><LineStyle><color>ff0000ff</color></LineStyle><PolyStyle><fill>0</fill></PolyStyle></Style>
	<ExtendedData><SchemaData schemaUrl="#lago_sec1sec2_map_vitto_20250623_RevA_non_hatch">
		<SimpleData name="Layer">PLAT-BORDER-S1</SimpleData>
		<SimpleData name="SubClasses">AcDbEntity:AcDbLine</SimpleData>
		<SimpleData name="EntityHandle">3AC</SimpleData>
	</SchemaData></ExtendedData>
      <MultiGeometry><LineString><coordinates>-97.5513436961911,26.0515323305914,0 -97.5513436946461,26.0515323411053,0</coordinates></LineString></MultiGeometry>
  </Placemark>
  <Placemark id="lago_sec1sec2_map_vitto_20250623_RevA_non_hatch.404">
	<ExtendedData><SchemaData schemaUrl="#lago_sec1sec2_map_vitto_20250623_RevA_non_hatch">
		<SimpleData name="Layer">PLAT-DIM-S2</SimpleData>
		<SimpleData name="SubClasses">AcDbEntity:AcDbMText</SimpleData>
		<SimpleData name="EntityHandle">3AE</SimpleData>
		<SimpleData name="Text">N06Â°41'02&quot;E   175.00'</SimpleData>
	</SchemaData></ExtendedData>
      <MultiGeometry><Point><coordinates>-97.5530505191808,26.0534316374908,0</coordinates></Point></MultiGeometry>
  </Placemark>
  <Placemark id="lago_sec1sec2_map_vitto_20250623_RevA_non_hatch.405">
	<ExtendedData><SchemaData schemaUrl="#lago_sec1sec2_map_vitto_20250623_RevA_non_hatch">
		<SimpleData name="Layer">PLAT-DIM-S2</SimpleData>
		<SimpleData name="SubClasses">AcDbEntity:AcDbMText</SimpleData>
		<SimpleData name="EntityHandle">3AF</SimpleData>
		<SimpleData name="Text">S13°28'40&quot;E  95.66'</SimpleData>
	</SchemaData></ExtendedData>
      <MultiGeometry><Point><coordinates>-97.5521842362135,26.0538266681172,0</coordinates></Point></MultiGeometry>
  </Placemark>
  <Placemark id="lago_sec1sec2_map_vitto_20250623_RevA_non_hatch.406">
	<ExtendedData><SchemaData schemaUrl="#lago_sec1sec2_map_vitto_20250623_RevA_non_hatch">
		<SimpleData name="Layer">PLAT-DIM-S2</SimpleData>
		<SimpleData name="SubClasses">AcDbEntity:AcDbMText</SimpleData>
		<SimpleData name="EntityHandle">3B0</SimpleData>
		<SimpleData name="Text">N76°31'20&quot;E   547.75'</SimpleData>
	</SchemaData></ExtendedData>
      <MultiGeometry><Point><coordinates>-97.5518356790484,26.0541000403617,0</coordinates></Point></MultiGeometry>
  </Placemark>
  <Placemark id="lago_sec1sec2_map_vitto_20250623_RevA_non_hatch.407">
	<ExtendedData><SchemaData schemaUrl="#lago_sec1sec2_map_vitto_20250623_RevA_non_hatch">
		<SimpleData name="Layer">PLAT-TEXT-S1</SimpleData>
		<SimpleData name="SubClasses">AcDbEntity:AcDbText:AcDbText</SimpleData>
		<SimpleData name="EntityHandle">3B1</SimpleData>
		<SimpleData name="Text">2</SimpleData>
	</SchemaData></ExtendedData>
      <MultiGeometry><Point><coordinates>-97.5523118219402,26.0502860349545,30.596</coordinates></Point></MultiGeometry>
  </Placemark>
  <Placemark id="lago_sec1sec2_map_vitto_20250623_RevA_non_hatch.408">
	<ExtendedData><SchemaData schemaUrl="#lago_sec1sec2_map_vitto_20250623_RevA_non_hatch">
		<SimpleData name="Layer">PLAT-TEXT-S1</SimpleData>
		<SimpleData name="SubClasses">AcDbEntity:AcDbMText</SimpleData>
		<SimpleData name="EntityHandle">3B2</SimpleData>
		<SimpleData name="Text">LAGO BELLO SUBDIVISION SECTION I</SimpleData>
	</SchemaData></ExtendedData>
      <MultiGeometry><Point><coordinates>-97.5519612709701,26.0506550330014,0</coordinates></Point></MultiGeometry>
  </Placemark>
  <Placemark id="lago_sec1sec2_map_vitto_20250623_RevA_non_hatch.409">
	<ExtendedData><SchemaData schemaUrl="#lago_sec1sec2_map_vitto_20250623_RevA_non_hatch">
		<SimpleData name="Layer">PLAT-TEXT-S1</SimpleData>
		<SimpleData name="SubClasses">AcDbEntity:AcDbMText</SimpleData>
		<SimpleData name="EntityHandle">3B3</SimpleData>
		<SimpleData name="Text">(DOCUMENT NO. 13623, MAP RECORDS)</SimpleData>
	</SchemaData></ExtendedData>
      <MultiGeometry><Point><coordinates>-97.5519378415706,26.0506890355209,0</coordinates></Point></MultiGeometry>
  </Placemark>
  <Placemark id="lago_sec1sec2_map_vitto_20250623_RevA_non_hatch.410">
	<Style><LineStyle><color>ff0000ff</color></LineStyle><PolyStyle><fill>0</fill></PolyStyle></Style>
	<ExtendedData><SchemaData schemaUrl="#lago_sec1sec2_map_vitto_20250623_RevA_non_hatch">
		<SimpleData name="Layer">PLAT-DIM-EASEMENT-S1</SimpleData>
		<SimpleData name="SubClasses">AcDbEntity:AcDbLine</SimpleData>
		<SimpleData name="EntityHandle">3B4</SimpleData>
	</SchemaData></ExtendedData>
      <MultiGeometry><LineString><coordinates>-97.5521141926218,26.0515789135323,0 -97.5521880466637,26.0515866644555,0</coordinates></LineString></MultiGeometry>
  </Placemark>
  <Placemark id="lago_sec1sec2_map_vitto_20250623_RevA_non_hatch.411">
	<Style><LineStyle><color>ff0000ff</color></LineStyle><PolyStyle><fill>0</fill></PolyStyle></Style>
	<ExtendedData><SchemaData schemaUrl="#lago_sec1sec2_map_vitto_20250623_RevA_non_hatch">
		<SimpleData name="Layer">PLAT-DIM-S1</SimpleData>
		<SimpleData name="SubClasses">AcDbEntity:AcDbLine</SimpleData>
		<SimpleData name="EntityHandle">3B5</SimpleData>
	</SchemaData></ExtendedData>
      <MultiGeometry><LineString><coordinates>-97.552940199368,26.0510624421522,0 -97.5529345135425,26.0510809380722,0</coordinates></LineString></MultiGeometry>
  </Placemark>
  <Placemark id="lago_sec1sec2_map_vitto_20250623_RevA_non_hatch.412">
	<Style><LineStyle><color>ff0000ff</color></LineStyle><PolyStyle><fill>0</fill></PolyStyle></Style>
	<ExtendedData><SchemaData schemaUrl="#lago_sec1sec2_map_vitto_20250623_RevA_non_hatch">
		<SimpleData name="Layer">PLAT-BORDER-S2</SimpleData>
		<SimpleData name="SubClasses">AcDbEntity:AcDbLine</SimpleData>
		<SimpleData name="EntityHandle">3B6</SimpleData>
	</SchemaData></ExtendedData>
      <MultiGeometry><LineString><coordinates>-97.5513436961911,26.0515323305914,0 -97.5509517664296,26.0541995321439,0</coordinates></LineString></MultiGeometry>
  </Placemark>
  <Placemark id="lago_sec1sec2_map_vitto_20250623_RevA_non_hatch.413">
	<Style><LineStyle><color>ff0000ff</color></LineStyle><PolyStyle><fill>0</fill></PolyStyle></Style>
	<ExtendedData><SchemaData schemaUrl="#lago_sec1sec2_map_vitto_20250623_RevA_non_hatch">
		<SimpleData name="Layer">PLAT-LOTLINE-S2</SimpleData>
		<SimpleData name="SubClasses">AcDbEntity:AcDbLine</SimpleData>
		<SimpleData name="EntityHandle">3B7</SimpleData>
	</SchemaData></ExtendedData>
      <MultiGeometry><LineString><coordinates>-97.551434269712,26.0515431998074,0 -97.5510467578766,26.0541803509971,0</coordinates></LineString></MultiGeometry>
  </Placemark>
  <Placemark id="lago_sec1sec2_map_vitto_20250623_RevA_non_hatch.414">
	<Style><LineStyle><color>ff0000ff</color></LineStyle><PolyStyle><fill>0</fill></PolyStyle></Style>
	<ExtendedData><SchemaData schemaUrl="#lago_sec1sec2_map_vitto_20250623_RevA_non_hatch">
		<SimpleData name="Layer">PLAT-TITLE-S2</SimpleData>
		<SimpleData name="SubClasses">AcDbEntity:AcDbLine</SimpleData>
		<SimpleData name="EntityHandle">3B8</SimpleData>
	</SchemaData></ExtendedData>
      <MultiGeometry><LineString><coordinates>-97.5507582108977,26.051902109804,0 -97.5507523471981,26.0526058877684,0</coordinates></LineString></MultiGeometry>
  </Placemark>
  <Placemark id="lago_sec1sec2_map_vitto_20250623_RevA_non_hatch.415">
	<Style><LineStyle><color>ff0000ff</color></LineStyle><PolyStyle><fill>0</fill></PolyStyle></Style>
	<ExtendedData><SchemaData schemaUrl="#lago_sec1sec2_map_vitto_20250623_RevA_non_hatch">
		<SimpleData name="Layer">PLAT-TITLE-S2</SimpleData>
		<SimpleData name="SubClasses">AcDbEntity:AcDbLine</SimpleData>
		<SimpleData name="EntityHandle">3B9</SimpleData>
	</SchemaData></ExtendedData>
      <MultiGeometry><LineString><coordinates>-97.5507431548865,26.0518974592419,0 -97.5507372342601,26.0526080584223,0</coordinates></LineString></MultiGeometry>
  </Placemark>
  <Placemark id="lago_sec1sec2_map_vitto_20250623_RevA_non_hatch.416">
	<ExtendedData><SchemaData schemaUrl="#lago_sec1sec2_map_vitto_20250623_RevA_non_hatch">
		<SimpleData name="Layer">PLAT-DIM-S2</SimpleData>
		<SimpleData name="SubClasses">AcDbEntity:AcDbMText</SimpleData>
		<SimpleData name="EntityHandle">3BA</SimpleData>
		<SimpleData name="Text">C1</SimpleData>
	</SchemaData></ExtendedData>
      <MultiGeometry><Point><coordinates>-97.5529471333544,26.0538578186906,0</coordinates></Point></MultiGeometry>
  </Placemark>
  <Placemark id="lago_sec1sec2_map_vitto_20250623_RevA_non_hatch.417">
	<ExtendedData><SchemaData schemaUrl="#lago_sec1sec2_map_vitto_20250623_RevA_non_hatch">
		<SimpleData name="Layer">PLAT-DIM-S2</SimpleData>
		<SimpleData name="SubClasses">AcDbEntity:AcDbMText</SimpleData>
		<SimpleData name="EntityHandle">3BB</SimpleData>
		<SimpleData name="Text">L1</SimpleData>
	</SchemaData></ExtendedData>
      <MultiGeometry><Point><coordinates>-97.5528762747438,26.0538716547467,0</coordinates></Point></MultiGeometry>
  </Placemark>
  <Placemark id="lago_sec1sec2_map_vitto_20250623_RevA_non_hatch.418">
	<ExtendedData><SchemaData schemaUrl="#lago_sec1sec2_map_vitto_20250623_RevA_non_hatch">
		<SimpleData name="Layer">PLAT-DIM-S2</SimpleData>
		<SimpleData name="SubClasses">AcDbEntity:AcDbMText</SimpleData>
		<SimpleData name="EntityHandle">3BC</SimpleData>
		<SimpleData name="Text">L2</SimpleData>
	</SchemaData></ExtendedData>
      <MultiGeometry><Point><coordinates>-97.5528057137745,26.0538810332881,0</coordinates></Point></MultiGeometry>
  </Placemark>
  <Placemark id="lago_sec1sec2_map_vitto_20250623_RevA_non_hatch.419">
	<ExtendedData><SchemaData schemaUrl="#lago_sec1sec2_map_vitto_20250623_RevA_non_hatch">
		<SimpleData name="Layer">PLAT-DIM-S2</SimpleData>
		<SimpleData name="SubClasses">AcDbEntity:AcDbMText</SimpleData>
		<SimpleData name="EntityHandle">3BD</SimpleData>
		<SimpleData name="Text">L3</SimpleData>
	</SchemaData></ExtendedData>
      <MultiGeometry><Point><coordinates>-97.552704135129,26.0539511492265,0</coordinates></Point></MultiGeometry>
  </Placemark>
  <Placemark id="lago_sec1sec2_map_vitto_20250623_RevA_non_hatch.420">
	<ExtendedData><SchemaData schemaUrl="#lago_sec1sec2_map_vitto_20250623_RevA_non_hatch">
		<SimpleData name="Layer">PLAT-DIM-S2</SimpleData>
		<SimpleData name="SubClasses">AcDbEntity:AcDbMText</SimpleData>
		<SimpleData name="EntityHandle">3BE</SimpleData>
		<SimpleData name="Text">L4</SimpleData>
	</SchemaData></ExtendedData>
      <MultiGeometry><Point><coordinates>-97.5525740756059,26.0539192744571,0</coordinates></Point></MultiGeometry>
  </Placemark>
  <Placemark id="lago_sec1sec2_map_vitto_20250623_RevA_non_hatch.421">
	<Style><LineStyle><color>ff0000ff</color></LineStyle><PolyStyle><fill>0</fill></PolyStyle></Style>
	<ExtendedData><SchemaData schemaUrl="#lago_sec1sec2_map_vitto_20250623_RevA_non_hatch">
		<SimpleData name="Layer">PLAT-DIM-S2</SimpleData>
		<SimpleData name="SubClasses">AcDbEntity:AcDbLine</SimpleData>
		<SimpleData name="EntityHandle">3D6</SimpleData>
	</SchemaData></ExtendedData>
      <MultiGeometry><LineString><coordinates>-97.5526550930518,26.0523815229,0 -97.5526982779507,26.0523794054957,0</coordinates></LineString></MultiGeometry>
  </Placemark>
  <Placemark id="lago_sec1sec2_map_vitto_20250623_RevA_non_hatch.422">
	<Style><LineStyle><color>ff0000ff</color></LineStyle><PolyStyle><fill>0</fill></PolyStyle></Style>
	<ExtendedData><SchemaData schemaUrl="#lago_sec1sec2_map_vitto_20250623_RevA_non_hatch">
		<SimpleData name="Layer">PLAT-DIM-S2</SimpleData>
		<SimpleData name="SubClasses">AcDbEntity:AcDbTrace</SimpleData>
		<SimpleData name="EntityHandle">3D7</SimpleData>
	</SchemaData></ExtendedData>
      <MultiGeometry><Polygon><outerBoundaryIs><LinearRing><coordinates>-97.5526552416212,26.0523839952467 -97.5526549444824,26.0523790505534 -97.5526386706251,26.0523823281066 -97.5526552416212,26.0523839952467</coordinates></LinearRing></outerBoundaryIs></Polygon></MultiGeometry>
  </Placemark>
  <Placemark id="lago_sec1sec2_map_vitto_20250623_RevA_non_hatch.423">
	<Style><LineStyle><color>ff0000ff</color></LineStyle><PolyStyle><fill>0</fill></PolyStyle></Style>
	<ExtendedData><SchemaData schemaUrl="#lago_sec1sec2_map_vitto_20250623_RevA_non_hatch">
		<SimpleData name="Layer">PLAT-DIM-S2</SimpleData>
		<SimpleData name="SubClasses">AcDbEntity:AcDbTrace</SimpleData>
		<SimpleData name="EntityHandle">3D8</SimpleData>
	</SchemaData></ExtendedData>
      <MultiGeometry><Polygon><outerBoundaryIs><LinearRing><coordinates>-97.552698426521,26.0523818778423 -97.5526981293804,26.0523769331491 -97.5527147003766,26.0523786002821 -97.552698426521,26.0523818778423</coordinates></LinearRing></outerBoundaryIs></Polygon></MultiGeometry>
  </Placemark>
  <Placemark id="lago_sec1sec2_map_vitto_20250623_RevA_non_hatch.424">
	<ExtendedData><SchemaData schemaUrl="#lago_sec1sec2_map_vitto_20250623_RevA_non_hatch">
		<SimpleData name="Layer">PLAT-DIM-S2</SimpleData>
		<SimpleData name="SubClasses">AcDbEntity:AcDbMText</SimpleData>
		<SimpleData name="EntityHandle">3D9</SimpleData>
		<SimpleData name="Text">25.0'</SimpleData>
	</SchemaData></ExtendedData>
      <MultiGeometry><Point><coordinates>-97.5526771258876,26.0523679133412,0</coordinates></Point></MultiGeometry>
  </Placemark>
  <Placemark id="lago_sec1sec2_map_vitto_20250623_RevA_non_hatch.425">
	<Style><LineStyle><color>ff0000ff</color></LineStyle><PolyStyle><fill>0</fill></PolyStyle></Style>
	<ExtendedData><SchemaData schemaUrl="#lago_sec1sec2_map_vitto_20250623_RevA_non_hatch">
		<SimpleData name="Layer">PLAT-DIM-S2</SimpleData>
		<SimpleData name="SubClasses">AcDbEntity:AcDbLine</SimpleData>
		<SimpleData name="EntityHandle">3DA</SimpleData>
	</SchemaData></ExtendedData>
      <MultiGeometry><LineString><coordinates>-97.5526216366747,26.0523729568867,0 -97.5525784517768,26.0523750742674,0</coordinates></LineString></MultiGeometry>
  </Placemark>
  <Placemark id="lago_sec1sec2_map_vitto_20250623_RevA_non_hatch.426">
	<Style><LineStyle><color>ff0000ff</color></LineStyle><PolyStyle><fill>0</fill></PolyStyle></Style>
	<ExtendedData><SchemaData schemaUrl="#lago_sec1sec2_map_vitto_20250623_RevA_non_hatch">
		<SimpleData name="Layer">PLAT-DIM-S2</SimpleData>
		<SimpleData name="SubClasses">AcDbEntity:AcDbTrace</SimpleData>
		<SimpleData name="EntityHandle">3DB</SimpleData>
	</SchemaData></ExtendedData>
      <MultiGeometry><Polygon><outerBoundaryIs><LinearRing><coordinates>-97.5526217852433,26.0523754292334 -97.552621488106,26.0523704845401 -97.5526380591002,26.0523721516821 -97.5526217852433,26.0523754292334</coordinates></LinearRing></outerBoundaryIs></Polygon></MultiGeometry>
  </Placemark>
  <Placemark id="lago_sec1sec2_map_vitto_20250623_RevA_non_hatch.427">
	<Style><LineStyle><color>ff0000ff</color></LineStyle><PolyStyle><fill>0</fill></PolyStyle></Style>
	<ExtendedData><SchemaData schemaUrl="#lago_sec1sec2_map_vitto_20250623_RevA_non_hatch">
		<SimpleData name="Layer">PLAT-DIM-S2</SimpleData>
		<SimpleData name="SubClasses">AcDbEntity:AcDbTrace</SimpleData>
		<SimpleData name="EntityHandle">3DC</SimpleData>
	</SchemaData></ExtendedData>
      <MultiGeometry><Polygon><outerBoundaryIs><LinearRing><coordinates>-97.5525786003445,26.0523775466141 -97.5525783032091,26.0523726019207 -97.5525620293504,26.052375879465 -97.5525786003445,26.0523775466141</coordinates></LinearRing></outerBoundaryIs></Polygon></MultiGeometry>
  </Placemark>
  <Placemark id="lago_sec1sec2_map_vitto_20250623_RevA_non_hatch.428">
	<ExtendedData><SchemaData schemaUrl="#lago_sec1sec2_map_vitto_20250623_RevA_non_hatch">
		<SimpleData name="Layer">PLAT-DIM-S2</SimpleData>
		<SimpleData name="SubClasses">AcDbEntity:AcDbMText</SimpleData>
		<SimpleData name="EntityHandle">3DD</SimpleData>
		<SimpleData name="Text">25.0'</SimpleData>
	</SchemaData></ExtendedData>
      <MultiGeometry><Point><coordinates>-97.5526058715768,26.0523581376704,0</coordinates></Point></MultiGeometry>
  </Placemark>
  <Placemark id="lago_sec1sec2_map_vitto_20250623_RevA_non_hatch.429">
	<Style><LineStyle><color>ff0000ff</color></LineStyle><PolyStyle><fill>0</fill></PolyStyle></Style>
	<ExtendedData><SchemaData schemaUrl="#lago_sec1sec2_map_vitto_20250623_RevA_non_hatch">
		<SimpleData name="Layer">PLAT-DIM-EASEMENT-S2</SimpleData>
		<SimpleData name="SubClasses">AcDbEntity:AcDbLine</SimpleData>
		<SimpleData name="EntityHandle">3E1</SimpleData>
	</SchemaData></ExtendedData>
      <MultiGeometry><LineString><coordinates>-97.5528138035369,26.0538707586871,0 -97.5528440540734,26.0539929803959,0</coordinates></LineString></MultiGeometry>
  </Placemark>
  <Placemark id="lago_sec1sec2_map_vitto_20250623_RevA_non_hatch.430">
	<Style><LineStyle><color>ff0000ff</color></LineStyle><PolyStyle><fill>0</fill></PolyStyle></Style>
	<ExtendedData><SchemaData schemaUrl="#lago_sec1sec2_map_vitto_20250623_RevA_non_hatch">
		<SimpleData name="Layer">PLAT-DIM-EASEMENT-S2</SimpleData>
		<SimpleData name="SubClasses">AcDbEntity:AcDbTrace</SimpleData>
		<SimpleData name="EntityHandle">3E3</SimpleData>
	</SchemaData></ExtendedData>
      <MultiGeometry><Polygon><outerBoundaryIs><LinearRing><coordinates>-97.5528244185755,26.0539249952816 -97.5528297687766,26.0539239148663 -97.5528235053373,26.0539099570496 -97.5528244185755,26.0539249952816</coordinates></LinearRing></outerBoundaryIs></Polygon></MultiGeometry>
  </Placemark>
  <Placemark id="lago_sec1sec2_map_vitto_20250623_RevA_non_hatch.431">
	<Style><LineStyle><color>ff0000ff</color></LineStyle><PolyStyle><fill>0</fill></PolyStyle></Style>
	<ExtendedData><SchemaData schemaUrl="#lago_sec1sec2_map_vitto_20250623_RevA_non_hatch">
		<SimpleData name="Layer">PLAT-DIM-EASEMENT-S2</SimpleData>
		<SimpleData name="SubClasses">AcDbEntity:AcDbTrace</SimpleData>
		<SimpleData name="EntityHandle">3E4</SimpleData>
	</SchemaData></ExtendedData>
      <MultiGeometry><Polygon><outerBoundaryIs><LinearRing><coordinates>-97.5528164786363,26.0538702184797 -97.5528111284376,26.0538712988944 -97.5528102152015,26.0538562606625 -97.5528164786363,26.0538702184797</coordinates></LinearRing></outerBoundaryIs></Polygon></MultiGeometry>
  </Placemark>
  <Placemark id="lago_sec1sec2_map_vitto_20250623_RevA_non_hatch.432">
	<Style><LineStyle><color>ff0000ff</color></LineStyle><PolyStyle><fill>0</fill></PolyStyle></Style>
	<ExtendedData><SchemaData schemaUrl="#lago_sec1sec2_map_vitto_20250623_RevA_non_hatch">
		<SimpleData name="Layer">PLAT-DIM-EASEMENT-S2</SimpleData>
		<SimpleData name="SubClasses">AcDbEntity:AcDbLine</SimpleData>
		<SimpleData name="EntityHandle">3E5</SimpleData>
	</SchemaData></ExtendedData>
      <MultiGeometry><LineString><coordinates>-97.5528440540734,26.0539929803959,0 -97.5528105171327,26.0540005435891,0</coordinates></LineString></MultiGeometry>
  </Placemark>
  <Placemark id="lago_sec1sec2_map_vitto_20250623_RevA_non_hatch.433">
	<Style><LineStyle><color>ff0000ff</color></LineStyle><PolyStyle><fill>0</fill></PolyStyle></Style>
	<ExtendedData><SchemaData schemaUrl="#lago_sec1sec2_map_vitto_20250623_RevA_non_hatch">
		<SimpleData name="Layer">PLAT-TEXT-S2</SimpleData>
		<SimpleData name="SubClasses">AcDbEntity:AcDbPolyline</SimpleData>
		<SimpleData name="EntityHandle">3E6</SimpleData>
	</SchemaData></ExtendedData>
      <MultiGeometry><LineString><coordinates>-97.5526465287982,26.0525387490579 -97.5526626413145,26.0525417282744 -97.5526626413145,26.0525417282744 -97.5526775360666,26.0525449521906 -97.5526921604672,26.0525490637705 -97.5526921604672,26.0525490637705 -97.5526929456149,26.0525493385975 -97.5526937077945,26.0525496619036 -97.5526944433424,26.0525500321348 -97.5526951487232,26.0525504475117 -97.5526958205465,26.0525509060375 -97.552696455583,26.0525514055085 -97.5526970507803,26.0525519435238 -97.5526976032777,26.0525525174974 -97.5526981104194,26.0525531246704 -97.5526985697679,26.0525537621245 -97.5526989791152,26.0525544267955 -97.5526993364937,26.0525551154888 -97.5526996401858,26.0525558248941 -97.5526998887316,26.0525565516014 -97.5527000809365,26.0525572921179 -97.5527002158767,26.0525580428842 -97.5527002929035,26.0525588002916 -97.5527003116467,26.0525595606996 -97.5527002720162,26.0525603204532 -97.5527001742026,26.0525610759006 -97.5527000186758,26.0525618234106 -97.5526998061836,26.0525625593903 -97.5526995377473,26.0525632803021</coordinates></LineString></MultiGeometry>
  </Placemark>
  <Placemark id="lago_sec1sec2_map_vitto_20250623_RevA_non_hatch.434">
	<ExtendedData><SchemaData schemaUrl="#lago_sec1sec2_map_vitto_20250623_RevA_non_hatch">
		<SimpleData name="Layer">PLAT-DIM-S2</SimpleData>
		<SimpleData name="SubClasses">AcDbEntity:AcDbMText</SimpleData>
		<SimpleData name="EntityHandle">3E7</SimpleData>
		<SimpleData name="Text">L5</SimpleData>
	</SchemaData></ExtendedData>
      <MultiGeometry><Point><coordinates>-97.5526897404999,26.0515463738113,0</coordinates></Point></MultiGeometry>
  </Placemark>
  <Placemark id="lago_sec1sec2_map_vitto_20250623_RevA_non_hatch.435">
	<Style><LineStyle><color>ff0000ff</color></LineStyle><PolyStyle><fill>0</fill></PolyStyle></Style>
	<ExtendedData><SchemaData schemaUrl="#lago_sec1sec2_map_vitto_20250623_RevA_non_hatch">
		<SimpleData name="Layer">PLAT-DIM-EASEMENT-S1</SimpleData>
		<SimpleData name="SubClasses">AcDbEntity:AcDbLine</SimpleData>
		<SimpleData name="EntityHandle">3E8</SimpleData>
	</SchemaData></ExtendedData>
      <MultiGeometry><LineString><coordinates>-97.5521864439976,26.0515975724772,0 -97.5521880466637,26.0515866644555,0</coordinates></LineString></MultiGeometry>
  </Placemark>
  <Placemark id="lago_sec1sec2_map_vitto_20250623_RevA_non_hatch.436">
	<Style><LineStyle><color>ff0000ff</color></LineStyle><PolyStyle><fill>0</fill></PolyStyle></Style>
	<ExtendedData><SchemaData schemaUrl="#lago_sec1sec2_map_vitto_20250623_RevA_non_hatch">
		<SimpleData name="Layer">PLAT-DIM-EASEMENT-S1</SimpleData>
		<SimpleData name="SubClasses">AcDbEntity:AcDbLine</SimpleData>
		<SimpleData name="EntityHandle">3E9</SimpleData>
	</SchemaData></ExtendedData>
      <MultiGeometry><LineString><coordinates>-97.5521791113191,26.0516474799234,0 -97.5521771875741,26.0516605732488,0</coordinates></LineString></MultiGeometry>
  </Placemark>
  <Placemark id="lago_sec1sec2_map_vitto_20250623_RevA_non_hatch.437">
	<Style><LineStyle><color>ff0000ff</color></LineStyle><PolyStyle><fill>0</fill></PolyStyle></Style>
	<ExtendedData><SchemaData schemaUrl="#lago_sec1sec2_map_vitto_20250623_RevA_non_hatch">
		<SimpleData name="Layer">PLAT-DIM-EASEMENT-S1</SimpleData>
		<SimpleData name="SubClasses">AcDbEntity:AcDbTrace</SimpleData>
		<SimpleData name="EntityHandle">3EA</SimpleData>
	</SchemaData></ExtendedData>
      <MultiGeometry><Polygon><outerBoundaryIs><LinearRing><coordinates>-97.5521891612533,26.0515978982227 -97.5521837267419,26.0515972467316 -97.552184280257,26.0516122992646 -97.5521891612533,26.0515978982227</coordinates></LinearRing></outerBoundaryIs></Polygon></MultiGeometry>
  </Placemark>
  <Placemark id="lago_sec1sec2_map_vitto_20250623_RevA_non_hatch.438">
	<Style><LineStyle><color>ff0000ff</color></LineStyle><PolyStyle><fill>0</fill></PolyStyle></Style>
	<ExtendedData><SchemaData schemaUrl="#lago_sec1sec2_map_vitto_20250623_RevA_non_hatch">
		<SimpleData name="Layer">PLAT-DIM-EASEMENT-S1</SimpleData>
		<SimpleData name="SubClasses">AcDbEntity:AcDbTrace</SimpleData>
		<SimpleData name="EntityHandle">3EB</SimpleData>
	</SchemaData></ExtendedData>
      <MultiGeometry><Polygon><outerBoundaryIs><LinearRing><coordinates>-97.5521818285759,26.0516478056691 -97.5521763940622,26.0516471541777 -97.5521812750609,26.051632753136 -97.5521818285759,26.0516478056691</coordinates></LinearRing></outerBoundaryIs></Polygon></MultiGeometry>
  </Placemark>
  <Placemark id="lago_sec1sec2_map_vitto_20250623_RevA_non_hatch.439">
	<Style><LineStyle><color>ff0000ff</color></LineStyle><PolyStyle><fill>0</fill></PolyStyle></Style>
	<ExtendedData><SchemaData schemaUrl="#lago_sec1sec2_map_vitto_20250623_RevA_non_hatch">
		<SimpleData name="Layer">PLAT-TEXT-S2</SimpleData>
		<SimpleData name="SubClasses">AcDbEntity:AcDbPolyline</SimpleData>
		<SimpleData name="EntityHandle">3EC</SimpleData>
	</SchemaData></ExtendedData>
      <MultiGeometry><LineString><coordinates>-97.5529021324042,26.0537692992115 -97.5529098501679,26.0537824179083 -97.5529098501679,26.0537824179083 -97.5529132636996,26.0537877982602 -97.5529170504877,26.053792970823 -97.5529211950873,26.0537979144992 -97.5529256805938,26.0538026091251 -97.5529304887121,26.0538070355526 -97.5529304887121,26.0538070355526 -97.5529308241819,26.0538073460145 -97.5529311351139,26.053807676662 -97.5529314200233,26.0538080259164 -97.5529316775495,26.0538083921098 -97.5529319064628,26.0538087734937 -97.5529321056702,26.0538091682468 -97.5529322742204,26.0538095744842 -97.5529324113085,26.053809990266 -97.55293251628,26.0538104136068 -97.5529325886335,26.0538108424851 -97.5529326280236,26.0538112748529 -97.5529326342622,26.0538117086456 -97.5529326073195,26.0538121417918 -97.5529325473241,26.0538125722231 -97.5529324545626,26.0538129978842 -97.5529323294778,26.0538134167424 -97.5529321726671,26.0538138267976 -97.5529319848793,26.0538142260918 -97.552931767011,26.0538146127184 -97.5529315201027,26.053814984831 -97.5529312453334,26.0538153406528 -97.5529309440151,26.0538156784847 -97.5529306175867,26.0538159967134 -97.5529302676069,26.0538162938194 -97.5529298957469,26.053816568384 -97.5529295037825,26.0538168190961 -97.5529290935852,26.0538170447585 -97.5529286671139,26.0538172442936 -97.552928226405,26.0538174167486 -97.552928226405,26.0538174167486 -97.552926766537,26.0538178823215 -97.5529252743186,26.0538182549323 -97.5529237569955,26.0538185327718 -97.5529222219353,26.0538187144908 -97.552920676592,26.0538187992069 -97.552919128469,26.0538187865088 -97.5529175850837,26.0538186764581 -97.5529160539303,26.0538184695893 -97.5529145424435,26.0538181669068</coordinates></LineString></MultiGeometry>
  </Placemark>
  <Placemark id="lago_sec1sec2_map_vitto_20250623_RevA_non_hatch.440">
	<Style><LineStyle><color>ff0000ff</color></LineStyle><PolyStyle><fill>0</fill></PolyStyle></Style>
	<ExtendedData><SchemaData schemaUrl="#lago_sec1sec2_map_vitto_20250623_RevA_non_hatch">
		<SimpleData name="Layer">PLAT-DIM-S1</SimpleData>
		<SimpleData name="SubClasses">AcDbEntity:AcDbLine</SimpleData>
		<SimpleData name="EntityHandle">3ED</SimpleData>
	</SchemaData></ExtendedData>
      <MultiGeometry><LineString><coordinates>-97.5526782268592,26.0509854856982,0 -97.5525946817124,26.050963784113,0</coordinates></LineString></MultiGeometry>
  </Placemark>
  <Placemark id="lago_sec1sec2_map_vitto_20250623_RevA_non_hatch.441">
	<Style><LineStyle><color>ff0000ff</color></LineStyle><PolyStyle><fill>0</fill></PolyStyle></Style>
	<ExtendedData><SchemaData schemaUrl="#lago_sec1sec2_map_vitto_20250623_RevA_non_hatch">
		<SimpleData name="Layer">PLAT-DIM-S1</SimpleData>
		<SimpleData name="SubClasses">AcDbEntity:AcDbTrace</SimpleData>
		<SimpleData name="EntityHandle">3EE</SimpleData>
	</SchemaData></ExtendedData>
      <MultiGeometry><Polygon><outerBoundaryIs><LinearRing><coordinates>-97.5526189291672,26.0509726589379 -97.5526204442588,26.0509678998371 -97.5526354925509,26.0509743850938 -97.5526189291672,26.0509726589379</coordinates></LinearRing></outerBoundaryIs></Polygon></MultiGeometry>
  </Placemark>
  <Placemark id="lago_sec1sec2_map_vitto_20250623_RevA_non_hatch.442">
	<Style><LineStyle><color>ff0000ff</color></LineStyle><PolyStyle><fill>0</fill></PolyStyle></Style>
	<ExtendedData><SchemaData schemaUrl="#lago_sec1sec2_map_vitto_20250623_RevA_non_hatch">
		<SimpleData name="Layer">PLAT-DIM-S1</SimpleData>
		<SimpleData name="SubClasses">AcDbEntity:AcDbTrace</SimpleData>
		<SimpleData name="EntityHandle">3EF</SimpleData>
	</SchemaData></ExtendedData>
      <MultiGeometry><Polygon><outerBoundaryIs><LinearRing><coordinates>-97.5526789844039,26.0509831061475 -97.5526774693146,26.0509878652489 -97.5526940327014,26.0509895913979 -97.5526789844039,26.0509831061475</coordinates></LinearRing></outerBoundaryIs></Polygon></MultiGeometry>
  </Placemark>
  <Placemark id="lago_sec1sec2_map_vitto_20250623_RevA_non_hatch.443">
	<Style><LineStyle><color>ff0000ff</color></LineStyle><PolyStyle><fill>0</fill></PolyStyle></Style>
	<ExtendedData><SchemaData schemaUrl="#lago_sec1sec2_map_vitto_20250623_RevA_non_hatch">
		<SimpleData name="Layer">PLAT-DIM-S1</SimpleData>
		<SimpleData name="SubClasses">AcDbEntity:AcDbLine</SimpleData>
		<SimpleData name="EntityHandle">3F0</SimpleData>
	</SchemaData></ExtendedData>
      <MultiGeometry><LineString><coordinates>-97.5525946817124,26.050963784113,0 -97.5525884906691,26.0509830712443,0</coordinates></LineString></MultiGeometry>
  </Placemark>
  <Placemark id="lago_sec1sec2_map_vitto_20250623_RevA_non_hatch.444">
	<Style><LineStyle><color>ff0000ff</color></LineStyle><PolyStyle><fill>0</fill></PolyStyle></Style>
	<ExtendedData><SchemaData schemaUrl="#lago_sec1sec2_map_vitto_20250623_RevA_non_hatch">
		<SimpleData name="Layer">PLAT-DIM-S1</SimpleData>
		<SimpleData name="SubClasses">AcDbEntity:AcDbLine</SimpleData>
		<SimpleData name="EntityHandle">3F1</SimpleData>
	</SchemaData></ExtendedData>
      <MultiGeometry><LineString><coordinates>-97.5528218939678,26.0510319605385,0 -97.5528099903767,26.0510288935489,0</coordinates></LineString></MultiGeometry>
  </Placemark>
  <Placemark id="lago_sec1sec2_map_vitto_20250623_RevA_non_hatch.445">
	<Style><LineStyle><color>ff0000ff</color></LineStyle><PolyStyle><fill>0</fill></PolyStyle></Style>
	<ExtendedData><SchemaData schemaUrl="#lago_sec1sec2_map_vitto_20250623_RevA_non_hatch">
		<SimpleData name="Layer">PLAT-DIM-S1</SimpleData>
		<SimpleData name="SubClasses">AcDbEntity:AcDbTrace</SimpleData>
		<SimpleData name="EntityHandle">3F2</SimpleData>
	</SchemaData></ExtendedData>
      <MultiGeometry><Polygon><outerBoundaryIs><LinearRing><coordinates>-97.5528674173942,26.0510462644903 -97.5528689211269,26.0510415024507 -97.5528523536531,26.0510398085461 -97.5528674173942,26.0510462644903</coordinates></LinearRing></outerBoundaryIs></Polygon></MultiGeometry>
  </Placemark>
  <Placemark id="lago_sec1sec2_map_vitto_20250623_RevA_non_hatch.446">
	<Style><LineStyle><color>ff0000ff</color></LineStyle><PolyStyle><fill>0</fill></PolyStyle></Style>
	<ExtendedData><SchemaData schemaUrl="#lago_sec1sec2_map_vitto_20250623_RevA_non_hatch">
		<SimpleData name="Layer">PLAT-DIM-S1</SimpleData>
		<SimpleData name="SubClasses">AcDbEntity:AcDbTrace</SimpleData>
		<SimpleData name="EntityHandle">3F3</SimpleData>
	</SchemaData></ExtendedData>
      <MultiGeometry><Polygon><outerBoundaryIs><LinearRing><coordinates>-97.5528211421005,26.0510343415581 -97.552822645835,26.0510295795189 -97.5528377095731,26.0510360354664 -97.5528211421005,26.0510343415581</coordinates></LinearRing></outerBoundaryIs></Polygon></MultiGeometry>
  </Placemark>
  <Placemark id="lago_sec1sec2_map_vitto_20250623_RevA_non_hatch.447">
	<Style><LineStyle><color>ff0000ff</color></LineStyle><PolyStyle><fill>0</fill></PolyStyle></Style>
	<ExtendedData><SchemaData schemaUrl="#lago_sec1sec2_map_vitto_20250623_RevA_non_hatch">
		<SimpleData name="Layer">PLAT-DIM-S1</SimpleData>
		<SimpleData name="SubClasses">AcDbEntity:AcDbLine</SimpleData>
		<SimpleData name="EntityHandle">3F4</SimpleData>
	</SchemaData></ExtendedData>
      <MultiGeometry><LineString><coordinates>-97.552940199368,26.0510624421522,0 -97.5528523536531,26.0510398085461,0</coordinates></LineString></MultiGeometry>
  </Placemark>
  <Placemark id="lago_sec1sec2_map_vitto_20250623_RevA_non_hatch.448">
	<Style><LineStyle><color>ff0000ff</color></LineStyle><PolyStyle><fill>0</fill></PolyStyle></Style>
	<ExtendedData><SchemaData schemaUrl="#lago_sec1sec2_map_vitto_20250623_RevA_non_hatch">
		<SimpleData name="Layer">PLAT-DIM-EASEMENT-ACCESS</SimpleData>
		<SimpleData name="SubClasses">AcDbEntity:AcDbLine</SimpleData>
		<SimpleData name="EntityHandle">3F5</SimpleData>
	</SchemaData></ExtendedData>
      <MultiGeometry><LineString><coordinates>-97.5532619920757,26.0488724134544,0 -97.5532707081554,26.0488801995542,0</coordinates></LineString></MultiGeometry>
  </Placemark>
  <Placemark id="lago_sec1sec2_map_vitto_20250623_RevA_non_hatch.449">
	<Style><LineStyle><color>ff0000ff</color></LineStyle><PolyStyle><fill>0</fill></PolyStyle></Style>
	<ExtendedData><SchemaData schemaUrl="#lago_sec1sec2_map_vitto_20250623_RevA_non_hatch">
		<SimpleData name="Layer">PLAT-DIM-EASEMENT-ACCESS</SimpleData>
		<SimpleData name="SubClasses">AcDbEntity:AcDbLine</SimpleData>
		<SimpleData name="EntityHandle">3F6</SimpleData>
	</SchemaData></ExtendedData>
      <MultiGeometry><LineString><coordinates>-97.5531952945422,26.0488128322971,0 -97.5531737403102,26.0487935778006,0</coordinates></LineString></MultiGeometry>
  </Placemark>
  <Placemark id="lago_sec1sec2_map_vitto_20250623_RevA_non_hatch.450">
	<Style><LineStyle><color>ff0000ff</color></LineStyle><PolyStyle><fill>0</fill></PolyStyle></Style>
	<ExtendedData><SchemaData schemaUrl="#lago_sec1sec2_map_vitto_20250623_RevA_non_hatch">
		<SimpleData name="Layer">PLAT-DIM-EASEMENT-ACCESS</SimpleData>
		<SimpleData name="SubClasses">AcDbEntity:AcDbTrace</SimpleData>
		<SimpleData name="EntityHandle">3F7</SimpleData>
	</SchemaData></ExtendedData>
      <MultiGeometry><Polygon><outerBoundaryIs><LinearRing><coordinates>-97.5532600647088,26.0488741739642 -97.5532639194425,26.0488706529446 -97.5532502983472,26.0488619674096 -97.5532600647088,26.0488741739642</coordinates></LinearRing></outerBoundaryIs></Polygon></MultiGeometry>
  </Placemark>
  <Placemark id="lago_sec1sec2_map_vitto_20250623_RevA_non_hatch.451">
	<Style><LineStyle><color>ff0000ff</color></LineStyle><PolyStyle><fill>0</fill></PolyStyle></Style>
	<ExtendedData><SchemaData schemaUrl="#lago_sec1sec2_map_vitto_20250623_RevA_non_hatch">
		<SimpleData name="Layer">PLAT-DIM-EASEMENT-ACCESS</SimpleData>
		<SimpleData name="SubClasses">AcDbEntity:AcDbTrace</SimpleData>
		<SimpleData name="EntityHandle">3F8</SimpleData>
	</SchemaData></ExtendedData>
      <MultiGeometry><Polygon><outerBoundaryIs><LinearRing><coordinates>-97.5531933671754,26.0488145928059 -97.5531972219091,26.0488110717882 -97.5532069882606,26.0488232783464 -97.5531933671754,26.0488145928059</coordinates></LinearRing></outerBoundaryIs></Polygon></MultiGeometry>
  </Placemark>
  <Placemark id="lago_sec1sec2_map_vitto_20250623_RevA_non_hatch.452">
	<Style><LineStyle><color>ff0000ff</color></LineStyle><PolyStyle><fill>0</fill></PolyStyle></Style>
	<ExtendedData><SchemaData schemaUrl="#lago_sec1sec2_map_vitto_20250623_RevA_non_hatch">
		<SimpleData name="Layer">PLAT-DIM-EASEMENT-ACCESS</SimpleData>
		<SimpleData name="SubClasses">AcDbEntity:AcDbLine</SimpleData>
		<SimpleData name="EntityHandle">3F9</SimpleData>
	</SchemaData></ExtendedData>
      <MultiGeometry><LineString><coordinates>-97.5531737403102,26.0487935778006,0 -97.5531541884644,26.0488107284177,0</coordinates></LineString></MultiGeometry>
  </Placemark>
  <Placemark id="lago_sec1sec2_map_vitto_20250623_RevA_non_hatch.453">
	<Style><LineStyle><color>ff0000ff</color></LineStyle><PolyStyle><fill>0</fill></PolyStyle></Style>
	<ExtendedData><SchemaData schemaUrl="#lago_sec1sec2_map_vitto_20250623_RevA_non_hatch">
		<SimpleData name="Layer">PLAT-DIM-EASEMENT-ACCESS</SimpleData>
		<SimpleData name="SubClasses">AcDbEntity:AcDbLine</SimpleData>
		<SimpleData name="EntityHandle">3FA</SimpleData>
	</SchemaData></ExtendedData>
      <MultiGeometry><LineString><coordinates>-97.5533071523702,26.0490854743882,0 -97.5533313640662,26.0491071027087,0</coordinates></LineString></MultiGeometry>
  </Placemark>
  <Placemark id="lago_sec1sec2_map_vitto_20250623_RevA_non_hatch.454">
	<Style><LineStyle><color>ff0000ff</color></LineStyle><PolyStyle><fill>0</fill></PolyStyle></Style>
	<ExtendedData><SchemaData schemaUrl="#lago_sec1sec2_map_vitto_20250623_RevA_non_hatch">
		<SimpleData name="Layer">PLAT-DIM-EASEMENT-ACCESS</SimpleData>
		<SimpleData name="SubClasses">AcDbEntity:AcDbLine</SimpleData>
		<SimpleData name="EntityHandle">3FB</SimpleData>
	</SchemaData></ExtendedData>
      <MultiGeometry><LineString><coordinates>-97.5532512822294,26.0490355655153,0 -97.5532398391045,26.0490253433481,0</coordinates></LineString></MultiGeometry>
  </Placemark>
  <Placemark id="lago_sec1sec2_map_vitto_20250623_RevA_non_hatch.455">
	<Style><LineStyle><color>ff0000ff</color></LineStyle><PolyStyle><fill>0</fill></PolyStyle></Style>
	<ExtendedData><SchemaData schemaUrl="#lago_sec1sec2_map_vitto_20250623_RevA_non_hatch">
		<SimpleData name="Layer">PLAT-DIM-EASEMENT-ACCESS</SimpleData>
		<SimpleData name="SubClasses">AcDbEntity:AcDbTrace</SimpleData>
		<SimpleData name="EntityHandle">3FC</SimpleData>
	</SchemaData></ExtendedData>
      <MultiGeometry><Polygon><outerBoundaryIs><LinearRing><coordinates>-97.5533052250004,26.0490872348986 -97.5533090797399,26.0490837138777 -97.5532954586158,26.0490750283468 -97.5533052250004,26.0490872348986</coordinates></LinearRing></outerBoundaryIs></Polygon></MultiGeometry>
  </Placemark>
  <Placemark id="lago_sec1sec2_map_vitto_20250623_RevA_non_hatch.456">
	<Style><LineStyle><color>ff0000ff</color></LineStyle><PolyStyle><fill>0</fill></PolyStyle></Style>
	<ExtendedData><SchemaData schemaUrl="#lago_sec1sec2_map_vitto_20250623_RevA_non_hatch">
		<SimpleData name="Layer">PLAT-DIM-EASEMENT-ACCESS</SimpleData>
		<SimpleData name="SubClasses">AcDbEntity:AcDbTrace</SimpleData>
		<SimpleData name="EntityHandle">3FD</SimpleData>
	</SchemaData></ExtendedData>
      <MultiGeometry><Polygon><outerBoundaryIs><LinearRing><coordinates>-97.5532493548596,26.049037326025 -97.5532532095991,26.0490338050055 -97.5532629759757,26.0490460115603 -97.5532493548596,26.049037326025</coordinates></LinearRing></outerBoundaryIs></Polygon></MultiGeometry>
  </Placemark>
  <Placemark id="lago_sec1sec2_map_vitto_20250623_RevA_non_hatch.457">
	<Style><LineStyle><color>ff0000ff</color></LineStyle><PolyStyle><fill>0</fill></PolyStyle></Style>
	<ExtendedData><SchemaData schemaUrl="#lago_sec1sec2_map_vitto_20250623_RevA_non_hatch">
		<SimpleData name="Layer">PLAT-TEXT-ACCESS</SimpleData>
		<SimpleData name="SubClasses">AcDbEntity:AcDbPolyline</SimpleData>
		<SimpleData name="EntityHandle">3FE</SimpleData>
	</SchemaData></ExtendedData>
      <MultiGeometry><LineString><coordinates>-97.5527930266673,26.0493970237295 -97.5527970452649,26.0494114293185 -97.5527970452649,26.0494114293185 -97.5528014696835,26.0494287859032 -97.5528014696835,26.0494287859032 -97.5528017120053,26.0494300463083 -97.552801859412,26.0494313186306 -97.5528019112285,26.049432597045 -97.5528018672176,26.049433875698 -97.5528017275809,26.0494351487355 -97.5528014929576,26.0494364103287 -97.552801164422,26.0494376547014 -97.5528007434783,26.0494388761561 -97.5528002320538,26.0494400691005 -97.5527996324901,26.0494412280726 -97.5527989475322,26.049442347766 -97.5527981803164,26.0494434230542 -97.5527973343552,26.0494444490138 -97.552796413522,26.0494454209476 -97.5527954220328,26.0494463344055 -97.5527943644271,26.0494471852051 -97.5527932455474,26.0494479694512 -97.5527920705163,26.0494486835529 -97.5527908447139,26.0494493242408 -97.5527895737524,26.0494498885814</coordinates></LineString></MultiGeometry>
  </Placemark>
  <Placemark id="lago_sec1sec2_map_vitto_20250623_RevA_non_hatch.458">
	<ExtendedData><SchemaData schemaUrl="#lago_sec1sec2_map_vitto_20250623_RevA_non_hatch">
		<SimpleData name="Layer">PLAT-TEXT-ACCESS</SimpleData>
		<SimpleData name="SubClasses">AcDbEntity:AcDbMText</SimpleData>
		<SimpleData name="Linetype">Continuous</SimpleData>
		<SimpleData name="EntityHandle">3FF</SimpleData>
		<SimpleData name="Text">S43Â°48'18&quot;W</SimpleData>
	</SchemaData></ExtendedData>
      <MultiGeometry><Point><coordinates>-97.5529017764453,26.0491606594063,0</coordinates></Point></MultiGeometry>
  </Placemark>
  <Placemark id="lago_sec1sec2_map_vitto_20250623_RevA_non_hatch.459">
	<ExtendedData><SchemaData schemaUrl="#lago_sec1sec2_map_vitto_20250623_RevA_non_hatch">
		<SimpleData name="Layer">PLAT-DIM-S1</SimpleData>
		<SimpleData name="SubClasses">AcDbEntity:AcDbMText</SimpleData>
		<SimpleData name="Linetype">Continuous</SimpleData>
		<SimpleData name="EntityHandle">400</SimpleData>
		<SimpleData name="Text">475.19'</SimpleData>
	</SchemaData></ExtendedData>
      <MultiGeometry><Point><coordinates>-97.5514644542211,26.0509020231519,0</coordinates></Point></MultiGeometry>
  </Placemark>
  <Placemark id="lago_sec1sec2_map_vitto_20250623_RevA_non_hatch.460">
	<ExtendedData><SchemaData schemaUrl="#lago_sec1sec2_map_vitto_20250623_RevA_non_hatch">
		<SimpleData name="Layer">PLAT-DIM-S1</SimpleData>
		<SimpleData name="SubClasses">AcDbEntity:AcDbMText</SimpleData>
		<SimpleData name="Linetype">Continuous</SimpleData>
		<SimpleData name="EntityHandle">401</SimpleData>
		<SimpleData name="Text">(275.75' REC.)</SimpleData>
	</SchemaData></ExtendedData>
      <MultiGeometry><Point><coordinates>-97.551726952639,26.0515552956488,0</coordinates></Point></MultiGeometry>
  </Placemark>
  <Placemark id="lago_sec1sec2_map_vitto_20250623_RevA_non_hatch.461">
	<ExtendedData><SchemaData schemaUrl="#lago_sec1sec2_map_vitto_20250623_RevA_non_hatch">
		<SimpleData name="Layer">PLAT-DIM-S1</SimpleData>
		<SimpleData name="SubClasses">AcDbEntity:AcDbMText</SimpleData>
		<SimpleData name="Linetype">Continuous</SimpleData>
		<SimpleData name="EntityHandle">402</SimpleData>
		<SimpleData name="Text">S46°11'42&quot;E</SimpleData>
	</SchemaData></ExtendedData>
      <MultiGeometry><Point><coordinates>-97.552092880733,26.0502453439919,0</coordinates></Point></MultiGeometry>
  </Placemark>
  <Placemark id="lago_sec1sec2_map_vitto_20250623_RevA_non_hatch.462">
	<ExtendedData><SchemaData schemaUrl="#lago_sec1sec2_map_vitto_20250623_RevA_non_hatch">
		<SimpleData name="Layer">PLAT-DIM-S1</SimpleData>
		<SimpleData name="SubClasses">AcDbEntity:AcDbMText</SimpleData>
		<SimpleData name="Linetype">Continuous</SimpleData>
		<SimpleData name="EntityHandle">403</SimpleData>
		<SimpleData name="Text">30.00'</SimpleData>
	</SchemaData></ExtendedData>
      <MultiGeometry><Point><coordinates>-97.5520785431729,26.0502572259633,0</coordinates></Point></MultiGeometry>
  </Placemark>
  <Placemark id="lago_sec1sec2_map_vitto_20250623_RevA_non_hatch.463">
	<ExtendedData><SchemaData schemaUrl="#lago_sec1sec2_map_vitto_20250623_RevA_non_hatch">
		<SimpleData name="Layer">PLAT-DIM-S1</SimpleData>
		<SimpleData name="SubClasses">AcDbEntity:AcDbMText</SimpleData>
		<SimpleData name="Linetype">Continuous</SimpleData>
		<SimpleData name="EntityHandle">404</SimpleData>
		<SimpleData name="Text">S32°32'52&quot;E</SimpleData>
	</SchemaData></ExtendedData>
      <MultiGeometry><Point><coordinates>-97.5522043582306,26.0503798203186,0</coordinates></Point></MultiGeometry>
  </Placemark>
  <Placemark id="lago_sec1sec2_map_vitto_20250623_RevA_non_hatch.464">
	<ExtendedData><SchemaData schemaUrl="#lago_sec1sec2_map_vitto_20250623_RevA_non_hatch">
		<SimpleData name="Layer">PLAT-DIM-S1</SimpleData>
		<SimpleData name="SubClasses">AcDbEntity:AcDbMText</SimpleData>
		<SimpleData name="Linetype">Continuous</SimpleData>
		<SimpleData name="EntityHandle">405</SimpleData>
		<SimpleData name="Text">80.01'</SimpleData>
	</SchemaData></ExtendedData>
      <MultiGeometry><Point><coordinates>-97.5521895683192,26.0503889715667,0</coordinates></Point></MultiGeometry>
  </Placemark>
  <Placemark id="lago_sec1sec2_map_vitto_20250623_RevA_non_hatch.465">
	<ExtendedData><SchemaData schemaUrl="#lago_sec1sec2_map_vitto_20250623_RevA_non_hatch">
		<SimpleData name="Layer">PLAT-DIM-S1</SimpleData>
		<SimpleData name="SubClasses">AcDbEntity:AcDbMText</SimpleData>
		<SimpleData name="Linetype">Continuous</SimpleData>
		<SimpleData name="EntityHandle">406</SimpleData>
		<SimpleData name="Text">S21°15'59&quot;E</SimpleData>
	</SchemaData></ExtendedData>
      <MultiGeometry><Point><coordinates>-97.5523019996561,26.050568064865,0</coordinates></Point></MultiGeometry>
  </Placemark>
  <Placemark id="lago_sec1sec2_map_vitto_20250623_RevA_non_hatch.466">
	<ExtendedData><SchemaData schemaUrl="#lago_sec1sec2_map_vitto_20250623_RevA_non_hatch">
		<SimpleData name="Layer">PLAT-DIM-S1</SimpleData>
		<SimpleData name="SubClasses">AcDbEntity:AcDbMText</SimpleData>
		<SimpleData name="Linetype">Continuous</SimpleData>
		<SimpleData name="EntityHandle">407</SimpleData>
		<SimpleData name="Text">77.00'</SimpleData>
	</SchemaData></ExtendedData>
      <MultiGeometry><Point><coordinates>-97.5522853487282,26.0505751086401,0</coordinates></Point></MultiGeometry>
  </Placemark>
  <Placemark id="lago_sec1sec2_map_vitto_20250623_RevA_non_hatch.467">
	<ExtendedData><SchemaData schemaUrl="#lago_sec1sec2_map_vitto_20250623_RevA_non_hatch">
		<SimpleData name="Layer">PLAT-DIM-S1</SimpleData>
		<SimpleData name="SubClasses">AcDbEntity:AcDbMText</SimpleData>
		<SimpleData name="Linetype">Continuous</SimpleData>
		<SimpleData name="EntityHandle">408</SimpleData>
		<SimpleData name="Text">S01°56'05&quot;W</SimpleData>
	</SchemaData></ExtendedData>
      <MultiGeometry><Point><coordinates>-97.5523328642223,26.0507926465648,0</coordinates></Point></MultiGeometry>
  </Placemark>
  <Placemark id="lago_sec1sec2_map_vitto_20250623_RevA_non_hatch.468">
	<ExtendedData><SchemaData schemaUrl="#lago_sec1sec2_map_vitto_20250623_RevA_non_hatch">
		<SimpleData name="Layer">PLAT-DIM-S1</SimpleData>
		<SimpleData name="SubClasses">AcDbEntity:AcDbMText</SimpleData>
		<SimpleData name="Linetype">Continuous</SimpleData>
		<SimpleData name="EntityHandle">409</SimpleData>
		<SimpleData name="Text">78.57'</SimpleData>
	</SchemaData></ExtendedData>
      <MultiGeometry><Point><coordinates>-97.5523142722169,26.0507884342187,0</coordinates></Point></MultiGeometry>
  </Placemark>
  <Placemark id="lago_sec1sec2_map_vitto_20250623_RevA_non_hatch.469">
	<ExtendedData><SchemaData schemaUrl="#lago_sec1sec2_map_vitto_20250623_RevA_non_hatch">
		<SimpleData name="Layer">PLAT-DIM-S1</SimpleData>
		<SimpleData name="SubClasses">AcDbEntity:AcDbMText</SimpleData>
		<SimpleData name="Linetype">Continuous</SimpleData>
		<SimpleData name="EntityHandle">40A</SimpleData>
		<SimpleData name="Text">S12°12'00&quot;W       187.87'</SimpleData>
	</SchemaData></ExtendedData>
      <MultiGeometry><Point><coordinates>-97.5522622544924,26.0511063912007,0</coordinates></Point></MultiGeometry>
  </Placemark>
  <Placemark id="lago_sec1sec2_map_vitto_20250623_RevA_non_hatch.470">
	<ExtendedData><SchemaData schemaUrl="#lago_sec1sec2_map_vitto_20250623_RevA_non_hatch">
		<SimpleData name="Layer">PLAT-DIM-S1</SimpleData>
		<SimpleData name="SubClasses">AcDbEntity:AcDbMText</SimpleData>
		<SimpleData name="Linetype">Continuous</SimpleData>
		<SimpleData name="EntityHandle">40B</SimpleData>
		<SimpleData name="Text">93.93'</SimpleData>
	</SchemaData></ExtendedData>
      <MultiGeometry><Point><coordinates>-97.5523212473747,26.0510036663597,0</coordinates></Point></MultiGeometry>
  </Placemark>
  <Placemark id="lago_sec1sec2_map_vitto_20250623_RevA_non_hatch.471">
	<ExtendedData><SchemaData schemaUrl="#lago_sec1sec2_map_vitto_20250623_RevA_non_hatch">
		<SimpleData name="Layer">PLAT-DIM-S1</SimpleData>
		<SimpleData name="SubClasses">AcDbEntity:AcDbMText</SimpleData>
		<SimpleData name="Linetype">Continuous</SimpleData>
		<SimpleData name="EntityHandle">40C</SimpleData>
		<SimpleData name="Text">93.94'</SimpleData>
	</SchemaData></ExtendedData>
      <MultiGeometry><Point><coordinates>-97.5522563481274,26.0512639356901,0</coordinates></Point></MultiGeometry>
  </Placemark>
  <Placemark id="lago_sec1sec2_map_vitto_20250623_RevA_non_hatch.472">
	<ExtendedData><SchemaData schemaUrl="#lago_sec1sec2_map_vitto_20250623_RevA_non_hatch">
		<SimpleData name="Layer">PLAT-DIM-S1</SimpleData>
		<SimpleData name="SubClasses">AcDbEntity:AcDbMText</SimpleData>
		<SimpleData name="Linetype">Continuous</SimpleData>
		<SimpleData name="EntityHandle">40D</SimpleData>
		<SimpleData name="Text">S06°41'02&quot;W      </SimpleData>
	</SchemaData></ExtendedData>
      <MultiGeometry><Point><coordinates>-97.5522313111978,26.0514696074722,0</coordinates></Point></MultiGeometry>
  </Placemark>
  <Placemark id="lago_sec1sec2_map_vitto_20250623_RevA_non_hatch.473">
	<ExtendedData><SchemaData schemaUrl="#lago_sec1sec2_map_vitto_20250623_RevA_non_hatch">
		<SimpleData name="Layer">PLAT-DIM-S1</SimpleData>
		<SimpleData name="SubClasses">AcDbEntity:AcDbMText</SimpleData>
		<SimpleData name="Linetype">Continuous</SimpleData>
		<SimpleData name="EntityHandle">40E</SimpleData>
		<SimpleData name="Text">93.48' (93.83' REC.)      </SimpleData>
	</SchemaData></ExtendedData>
      <MultiGeometry><Point><coordinates>-97.5522131009875,26.0514649146917,0</coordinates></Point></MultiGeometry>
  </Placemark>
  <Placemark id="lago_sec1sec2_map_vitto_20250623_RevA_non_hatch.474">
	<ExtendedData><SchemaData schemaUrl="#lago_sec1sec2_map_vitto_20250623_RevA_non_hatch">
		<SimpleData name="Layer">PLAT-DIM-S1</SimpleData>
		<SimpleData name="SubClasses">AcDbEntity:AcDbText:AcDbText</SimpleData>
		<SimpleData name="EntityHandle">40F</SimpleData>
		<SimpleData name="Text">S83°18'58&quot;E</SimpleData>
	</SchemaData></ExtendedData>
      <MultiGeometry><Point><coordinates>-97.5523764091162,26.051387644846,0</coordinates></Point></MultiGeometry>
  </Placemark>
  <Placemark id="lago_sec1sec2_map_vitto_20250623_RevA_non_hatch.475">
	<ExtendedData><SchemaData schemaUrl="#lago_sec1sec2_map_vitto_20250623_RevA_non_hatch">
		<SimpleData name="Layer">PLAT-DIM-S1</SimpleData>
		<SimpleData name="SubClasses">AcDbEntity:AcDbText:AcDbText</SimpleData>
		<SimpleData name="EntityHandle">410</SimpleData>
		<SimpleData name="Text">128.79'</SimpleData>
	</SchemaData></ExtendedData>
      <MultiGeometry><Point><coordinates>-97.5524063197035,26.0514186162178,0</coordinates></Point></MultiGeometry>
  </Placemark>
  <Placemark id="lago_sec1sec2_map_vitto_20250623_RevA_non_hatch.476">
	<ExtendedData><SchemaData schemaUrl="#lago_sec1sec2_map_vitto_20250623_RevA_non_hatch">
		<SimpleData name="Layer">PLAT-DIM-S1</SimpleData>
		<SimpleData name="SubClasses">AcDbEntity:AcDbText:AcDbText</SimpleData>
		<SimpleData name="EntityHandle">411</SimpleData>
		<SimpleData name="Text">S83°18'58&quot;E</SimpleData>
	</SchemaData></ExtendedData>
      <MultiGeometry><Point><coordinates>-97.5524011131532,26.0511281481083,0</coordinates></Point></MultiGeometry>
  </Placemark>
  <Placemark id="lago_sec1sec2_map_vitto_20250623_RevA_non_hatch.477">
	<ExtendedData><SchemaData schemaUrl="#lago_sec1sec2_map_vitto_20250623_RevA_non_hatch">
		<SimpleData name="Layer">PLAT-DIM-S1</SimpleData>
		<SimpleData name="SubClasses">AcDbEntity:AcDbText:AcDbText</SimpleData>
		<SimpleData name="EntityHandle">412</SimpleData>
		<SimpleData name="Text">123.87'</SimpleData>
	</SchemaData></ExtendedData>
      <MultiGeometry><Point><coordinates>-97.552414109324,26.0511625295275,0</coordinates></Point></MultiGeometry>
  </Placemark>
  <Placemark id="lago_sec1sec2_map_vitto_20250623_RevA_non_hatch.478">
	<ExtendedData><SchemaData schemaUrl="#lago_sec1sec2_map_vitto_20250623_RevA_non_hatch">
		<SimpleData name="Layer">PLAT-DIM-S1</SimpleData>
		<SimpleData name="SubClasses">AcDbEntity:AcDbText:AcDbText</SimpleData>
		<SimpleData name="EntityHandle">413</SimpleData>
		<SimpleData name="Text">N83°18'58&quot;W</SimpleData>
	</SchemaData></ExtendedData>
      <MultiGeometry><Point><coordinates>-97.5524802178679,26.0508808150674,0</coordinates></Point></MultiGeometry>
  </Placemark>
  <Placemark id="lago_sec1sec2_map_vitto_20250623_RevA_non_hatch.479">
	<ExtendedData><SchemaData schemaUrl="#lago_sec1sec2_map_vitto_20250623_RevA_non_hatch">
		<SimpleData name="Layer">PLAT-DIM-S1</SimpleData>
		<SimpleData name="SubClasses">AcDbEntity:AcDbText:AcDbText</SimpleData>
		<SimpleData name="EntityHandle">414</SimpleData>
		<SimpleData name="Text">127.07' (126.54' REC.)</SimpleData>
	</SchemaData></ExtendedData>
      <MultiGeometry><Point><coordinates>-97.5524230113553,26.0509022674945,0</coordinates></Point></MultiGeometry>
  </Placemark>
  <Placemark id="lago_sec1sec2_map_vitto_20250623_RevA_non_hatch.480">
	<ExtendedData><SchemaData schemaUrl="#lago_sec1sec2_map_vitto_20250623_RevA_non_hatch">
		<SimpleData name="Layer">PLAT-DIM-S1</SimpleData>
		<SimpleData name="SubClasses">AcDbEntity:AcDbText:AcDbText</SimpleData>
		<SimpleData name="EntityHandle">415</SimpleData>
		<SimpleData name="Text">S85°59'48&quot;E</SimpleData>
	</SchemaData></ExtendedData>
      <MultiGeometry><Point><coordinates>-97.5525210604549,26.050643431873,0</coordinates></Point></MultiGeometry>
  </Placemark>
  <Placemark id="lago_sec1sec2_map_vitto_20250623_RevA_non_hatch.481">
	<ExtendedData><SchemaData schemaUrl="#lago_sec1sec2_map_vitto_20250623_RevA_non_hatch">
		<SimpleData name="Layer">PLAT-DIM-S1</SimpleData>
		<SimpleData name="SubClasses">AcDbEntity:AcDbText:AcDbText</SimpleData>
		<SimpleData name="EntityHandle">416</SimpleData>
		<SimpleData name="Text">152.26'</SimpleData>
	</SchemaData></ExtendedData>
      <MultiGeometry><Point><coordinates>-97.5525381578657,26.0506624194598,0</coordinates></Point></MultiGeometry>
  </Placemark>
  <Placemark id="lago_sec1sec2_map_vitto_20250623_RevA_non_hatch.482">
	<ExtendedData><SchemaData schemaUrl="#lago_sec1sec2_map_vitto_20250623_RevA_non_hatch">
		<SimpleData name="Layer">PLAT-DIM-S1</SimpleData>
		<SimpleData name="SubClasses">AcDbEntity:AcDbText:AcDbText</SimpleData>
		<SimpleData name="EntityHandle">417</SimpleData>
		<SimpleData name="Text">S69°34'28&quot;W</SimpleData>
	</SchemaData></ExtendedData>
      <MultiGeometry><Point><coordinates>-97.5524412843121,26.0503871333904,0</coordinates></Point></MultiGeometry>
  </Placemark>
  <Placemark id="lago_sec1sec2_map_vitto_20250623_RevA_non_hatch.483">
	<ExtendedData><SchemaData schemaUrl="#lago_sec1sec2_map_vitto_20250623_RevA_non_hatch">
		<SimpleData name="Layer">PLAT-DIM-S1</SimpleData>
		<SimpleData name="SubClasses">AcDbEntity:AcDbText:AcDbText</SimpleData>
		<SimpleData name="EntityHandle">418</SimpleData>
		<SimpleData name="Text">109.80'</SimpleData>
	</SchemaData></ExtendedData>
      <MultiGeometry><Point><coordinates>-97.5524164660932,26.0503776446802,0</coordinates></Point></MultiGeometry>
  </Placemark>
  <Placemark id="lago_sec1sec2_map_vitto_20250623_RevA_non_hatch.484">
	<ExtendedData><SchemaData schemaUrl="#lago_sec1sec2_map_vitto_20250623_RevA_non_hatch">
		<SimpleData name="Layer">PLAT-DIM-S1</SimpleData>
		<SimpleData name="SubClasses">AcDbEntity:AcDbText:AcDbText</SimpleData>
		<SimpleData name="EntityHandle">419</SimpleData>
		<SimpleData name="Text">S48°01'45&quot;W</SimpleData>
	</SchemaData></ExtendedData>
      <MultiGeometry><Point><coordinates>-97.5521495473434,26.0501280056642,0</coordinates></Point></MultiGeometry>
  </Placemark>
  <Placemark id="lago_sec1sec2_map_vitto_20250623_RevA_non_hatch.485">
	<ExtendedData><SchemaData schemaUrl="#lago_sec1sec2_map_vitto_20250623_RevA_non_hatch">
		<SimpleData name="Layer">PLAT-DIM-S1</SimpleData>
		<SimpleData name="SubClasses">AcDbEntity:AcDbText:AcDbText</SimpleData>
		<SimpleData name="EntityHandle">41A</SimpleData>
		<SimpleData name="Text">60.37'</SimpleData>
	</SchemaData></ExtendedData>
      <MultiGeometry><Point><coordinates>-97.5521178587264,26.0501322398037,0</coordinates></Point></MultiGeometry>
  </Placemark>
  <Placemark id="lago_sec1sec2_map_vitto_20250623_RevA_non_hatch.486">
	<ExtendedData><SchemaData schemaUrl="#lago_sec1sec2_map_vitto_20250623_RevA_non_hatch">
		<SimpleData name="Layer">PLAT-DIM-S1</SimpleData>
		<SimpleData name="SubClasses">AcDbEntity:AcDbMText</SimpleData>
		<SimpleData name="Linetype">Continuous</SimpleData>
		<SimpleData name="EntityHandle">44C</SimpleData>
		<SimpleData name="Text">200.00'</SimpleData>
	</SchemaData></ExtendedData>
      <MultiGeometry><Point><coordinates>-97.5518882691113,26.0495359962656,0</coordinates></Point></MultiGeometry>
  </Placemark>
  <Placemark id="lago_sec1sec2_map_vitto_20250623_RevA_non_hatch.487">
	<ExtendedData><SchemaData schemaUrl="#lago_sec1sec2_map_vitto_20250623_RevA_non_hatch">
		<SimpleData name="Layer">PLAT-DIM-S1</SimpleData>
		<SimpleData name="SubClasses">AcDbEntity:AcDbMText</SimpleData>
		<SimpleData name="Linetype">Continuous</SimpleData>
		<SimpleData name="EntityHandle">44D</SimpleData>
		<SimpleData name="Text">N46°11'42&quot;E  208.37'</SimpleData>
	</SchemaData></ExtendedData>
      <MultiGeometry><Point><coordinates>-97.5518350698207,26.0497416968061,0</coordinates></Point></MultiGeometry>
  </Placemark>
  <Placemark id="lago_sec1sec2_map_vitto_20250623_RevA_non_hatch.488">
	<Style><LineStyle><color>ff0000ff</color></LineStyle><PolyStyle><fill>0</fill></PolyStyle></Style>
	<ExtendedData><SchemaData schemaUrl="#lago_sec1sec2_map_vitto_20250623_RevA_non_hatch">
		<SimpleData name="Layer">PLAT-DIM-S1</SimpleData>
		<SimpleData name="SubClasses">AcDbEntity:AcDbLine</SimpleData>
		<SimpleData name="EntityHandle">44E</SimpleData>
	</SchemaData></ExtendedData>
      <MultiGeometry><LineString><coordinates>-97.5520628384772,26.0497975848124,0 -97.5521146641273,26.0497502470886,0</coordinates></LineString></MultiGeometry>
  </Placemark>
  <Placemark id="lago_sec1sec2_map_vitto_20250623_RevA_non_hatch.489">
	<Style><LineStyle><color>ff0000ff</color></LineStyle><PolyStyle><fill>0</fill></PolyStyle></Style>
	<ExtendedData><SchemaData schemaUrl="#lago_sec1sec2_map_vitto_20250623_RevA_non_hatch">
		<SimpleData name="Layer">PLAT-DIM-S1</SimpleData>
		<SimpleData name="SubClasses">AcDbEntity:AcDbTrace</SimpleData>
		<SimpleData name="EntityHandle">44F</SimpleData>
	</SchemaData></ExtendedData>
      <MultiGeometry><Polygon><outerBoundaryIs><LinearRing><coordinates>-97.5520647874296,26.0497993258368 -97.5520608895248,26.049795843788 -97.55205127407,26.049808147773 -97.5520647874296,26.0497993258368</coordinates></LinearRing></outerBoundaryIs></Polygon></MultiGeometry>
  </Placemark>
  <Placemark id="lago_sec1sec2_map_vitto_20250623_RevA_non_hatch.490">
	<Style><LineStyle><color>ff0000ff</color></LineStyle><PolyStyle><fill>0</fill></PolyStyle></Style>
	<ExtendedData><SchemaData schemaUrl="#lago_sec1sec2_map_vitto_20250623_RevA_non_hatch">
		<SimpleData name="Layer">PLAT-DIM-S1</SimpleData>
		<SimpleData name="SubClasses">AcDbEntity:AcDbTrace</SimpleData>
		<SimpleData name="EntityHandle">450</SimpleData>
	</SchemaData></ExtendedData>
      <MultiGeometry><Polygon><outerBoundaryIs><LinearRing><coordinates>-97.5521166130797,26.0497519881122 -97.5521127151749,26.0497485060649 -97.5521262285227,26.0497396841228 -97.5521166130797,26.0497519881122</coordinates></LinearRing></outerBoundaryIs></Polygon></MultiGeometry>
  </Placemark>
  <Placemark id="lago_sec1sec2_map_vitto_20250623_RevA_non_hatch.491">
	<ExtendedData><SchemaData schemaUrl="#lago_sec1sec2_map_vitto_20250623_RevA_non_hatch">
		<SimpleData name="Layer">PLAT-DIM-S1</SimpleData>
		<SimpleData name="SubClasses">AcDbEntity:AcDbMText</SimpleData>
		<SimpleData name="EntityHandle">451</SimpleData>
		<SimpleData name="Text">35.0'</SimpleData>
	</SchemaData></ExtendedData>
      <MultiGeometry><Point><coordinates>-97.552094789711,26.0497867071211,0</coordinates></Point></MultiGeometry>
  </Placemark>
  <Placemark id="lago_sec1sec2_map_vitto_20250623_RevA_non_hatch.492">
	<ExtendedData><SchemaData schemaUrl="#lago_sec1sec2_map_vitto_20250623_RevA_non_hatch">
		<SimpleData name="Layer">PLAT-DIM-S1</SimpleData>
		<SimpleData name="SubClasses">AcDbEntity:AcDbMText</SimpleData>
		<SimpleData name="Linetype">Continuous</SimpleData>
		<SimpleData name="EntityHandle">452</SimpleData>
		<SimpleData name="Text">50.00'</SimpleData>
	</SchemaData></ExtendedData>
      <MultiGeometry><Point><coordinates>-97.5521557768956,26.0497730698484,0</coordinates></Point></MultiGeometry>
  </Placemark>
  <Placemark id="lago_sec1sec2_map_vitto_20250623_RevA_non_hatch.493">
	<ExtendedData><SchemaData schemaUrl="#lago_sec1sec2_map_vitto_20250623_RevA_non_hatch">
		<SimpleData name="Layer">PLAT-DIM-S1</SimpleData>
		<SimpleData name="SubClasses">AcDbEntity:AcDbMText</SimpleData>
		<SimpleData name="Linetype">Continuous</SimpleData>
		<SimpleData name="EntityHandle">453</SimpleData>
		<SimpleData name="Text">22.77'</SimpleData>
	</SchemaData></ExtendedData>
      <MultiGeometry><Point><coordinates>-97.5520466377045,26.0498099010827,0</coordinates></Point></MultiGeometry>
  </Placemark>
  <Placemark id="lago_sec1sec2_map_vitto_20250623_RevA_non_hatch.494">
	<ExtendedData><SchemaData schemaUrl="#lago_sec1sec2_map_vitto_20250623_RevA_non_hatch">
		<SimpleData name="Layer">PLAT-DIM-S1</SimpleData>
		<SimpleData name="SubClasses">AcDbEntity:AcDbMText</SimpleData>
		<SimpleData name="Linetype">Continuous</SimpleData>
		<SimpleData name="EntityHandle">454</SimpleData>
		<SimpleData name="Text">50.00'</SimpleData>
	</SchemaData></ExtendedData>
      <MultiGeometry><Point><coordinates>-97.5520529535929,26.0498643799617,0</coordinates></Point></MultiGeometry>
  </Placemark>
  <Placemark id="lago_sec1sec2_map_vitto_20250623_RevA_non_hatch.495">
	<ExtendedData><SchemaData schemaUrl="#lago_sec1sec2_map_vitto_20250623_RevA_non_hatch">
		<SimpleData name="Layer">PLAT-DIM-S1</SimpleData>
		<SimpleData name="SubClasses">AcDbEntity:AcDbMText</SimpleData>
		<SimpleData name="Linetype">Continuous</SimpleData>
		<SimpleData name="EntityHandle">455</SimpleData>
		<SimpleData name="Text">R=75.00'
L=26.82'</SimpleData>
	</SchemaData></ExtendedData>
      <MultiGeometry><Point><coordinates>-97.5522574777921,26.0498258042556,0</coordinates></Point></MultiGeometry>
  </Placemark>
  <Placemark id="lago_sec1sec2_map_vitto_20250623_RevA_non_hatch.496">
	<ExtendedData><SchemaData schemaUrl="#lago_sec1sec2_map_vitto_20250623_RevA_non_hatch">
		<SimpleData name="Layer">PLAT-DIM-S1</SimpleData>
		<SimpleData name="SubClasses">AcDbEntity:AcDbText:AcDbText</SimpleData>
		<SimpleData name="EntityHandle">456</SimpleData>
		<SimpleData name="Text">N66°40'56&quot;W</SimpleData>
	</SchemaData></ExtendedData>
      <MultiGeometry><Point><coordinates>-97.5523257158192,26.0497717385227,0</coordinates></Point></MultiGeometry>
  </Placemark>
  <Placemark id="lago_sec1sec2_map_vitto_20250623_RevA_non_hatch.497">
	<ExtendedData><SchemaData schemaUrl="#lago_sec1sec2_map_vitto_20250623_RevA_non_hatch">
		<SimpleData name="Layer">PLAT-DIM-S1</SimpleData>
		<SimpleData name="SubClasses">AcDbEntity:AcDbText:AcDbText</SimpleData>
		<SimpleData name="EntityHandle">457</SimpleData>
		<SimpleData name="Text">36.45'</SimpleData>
	</SchemaData></ExtendedData>
      <MultiGeometry><Point><coordinates>-97.5522874914857,26.0497862358078,0</coordinates></Point></MultiGeometry>
  </Placemark>
  <Placemark id="lago_sec1sec2_map_vitto_20250623_RevA_non_hatch.498">
	<Style><LineStyle><color>ff0000ff</color></LineStyle><PolyStyle><fill>0</fill></PolyStyle></Style>
	<ExtendedData><SchemaData schemaUrl="#lago_sec1sec2_map_vitto_20250623_RevA_non_hatch">
		<SimpleData name="Layer">PLAT-DIM-S1</SimpleData>
		<SimpleData name="SubClasses">AcDbEntity:AcDbPolyline</SimpleData>
		<SimpleData name="EntityHandle">458</SimpleData>
	</SchemaData></ExtendedData>
      <MultiGeometry><LineString><coordinates>-97.5521933876298,26.0498915939424 -97.5522051886432,26.0498812467022 -97.5522051886432,26.0498812467022 -97.5522068193976,26.0498799043821 -97.5522085405413,26.0498786575424 -97.5522103452345,26.0498775111378 -97.5522122263059,26.0498764697237 -97.5522141762802,26.0498755374388 -97.5522161874087,26.0498747179876 -97.5522182516995,26.0498740146266 -97.5522203609494,26.0498734301508 -97.5522225067766,26.0498729668828 -97.5522225067766,26.0498729668828 -97.5522253378126,26.0498717168499 -97.5522280670248,26.0498702939841 -97.5522306815014,26.0498687050168 -97.5522331688737,26.0498669574652 -97.552235517374,26.0498650595969 -97.5522377158918,26.0498630203906 -97.5522397540261,26.0498608494936</coordinates></LineString></MultiGeometry>
  </Placemark>
  <Placemark id="lago_sec1sec2_map_vitto_20250623_RevA_non_hatch.499">
	<Style><LineStyle><color>ff0000ff</color></LineStyle><PolyStyle><fill>0</fill></PolyStyle></Style>
	<ExtendedData><SchemaData schemaUrl="#lago_sec1sec2_map_vitto_20250623_RevA_non_hatch">
		<SimpleData name="Layer">PLAT-DIM-ACCESS</SimpleData>
		<SimpleData name="SubClasses">AcDbEntity:AcDbLine</SimpleData>
		<SimpleData name="EntityHandle">459</SimpleData>
	</SchemaData></ExtendedData>
      <MultiGeometry><LineString><coordinates>-97.5531558835542,26.0490444554173,0 -97.5531143058346,26.0490073138878,0</coordinates></LineString></MultiGeometry>
  </Placemark>
  <Placemark id="lago_sec1sec2_map_vitto_20250623_RevA_non_hatch.500">
	<Style><LineStyle><color>ff0000ff</color></LineStyle><PolyStyle><fill>0</fill></PolyStyle></Style>
	<ExtendedData><SchemaData schemaUrl="#lago_sec1sec2_map_vitto_20250623_RevA_non_hatch">
		<SimpleData name="Layer">PLAT-DIM-ACCESS</SimpleData>
		<SimpleData name="SubClasses">AcDbEntity:AcDbTrace</SimpleData>
		<SimpleData name="EntityHandle">45A</SimpleData>
	</SchemaData></ExtendedData>
      <MultiGeometry><Polygon><outerBoundaryIs><LinearRing><coordinates>-97.5531539561828,26.0490462159257 -97.5531578109255,26.0490426949089 -97.5531675772927,26.0490549014703 -97.5531539561828,26.0490462159257</coordinates></LinearRing></outerBoundaryIs></Polygon></MultiGeometry>
  </Placemark>
  <Placemark id="lago_sec1sec2_map_vitto_20250623_RevA_non_hatch.501">
	<Style><LineStyle><color>ff0000ff</color></LineStyle><PolyStyle><fill>0</fill></PolyStyle></Style>
	<ExtendedData><SchemaData schemaUrl="#lago_sec1sec2_map_vitto_20250623_RevA_non_hatch">
		<SimpleData name="Layer">PLAT-DIM-ACCESS</SimpleData>
		<SimpleData name="SubClasses">AcDbEntity:AcDbTrace</SimpleData>
		<SimpleData name="EntityHandle">45B</SimpleData>
	</SchemaData></ExtendedData>
      <MultiGeometry><Polygon><outerBoundaryIs><LinearRing><coordinates>-97.5531123784632,26.0490090743956 -97.5531162332059,26.04900555338 -97.5531026121059,26.0489968678304 -97.5531123784632,26.0490090743956</coordinates></LinearRing></outerBoundaryIs></Polygon></MultiGeometry>
  </Placemark>
  <Placemark id="lago_sec1sec2_map_vitto_20250623_RevA_non_hatch.502">
	<ExtendedData><SchemaData schemaUrl="#lago_sec1sec2_map_vitto_20250623_RevA_non_hatch">
		<SimpleData name="Layer">PLAT-DIM-ACCESS</SimpleData>
		<SimpleData name="SubClasses">AcDbEntity:AcDbMText</SimpleData>
		<SimpleData name="EntityHandle">45C</SimpleData>
		<SimpleData name="Text">30.0'</SimpleData>
	</SchemaData></ExtendedData>
      <MultiGeometry><Point><coordinates>-97.5531456492896,26.0490200792609,0</coordinates></Point></MultiGeometry>
  </Placemark>
  <Placemark id="lago_sec1sec2_map_vitto_20250623_RevA_non_hatch.503">
	<Style><LineStyle><color>ff0000ff</color></LineStyle><PolyStyle><fill>0</fill></PolyStyle></Style>
	<ExtendedData><SchemaData schemaUrl="#lago_sec1sec2_map_vitto_20250623_RevA_non_hatch">
		<SimpleData name="Layer">PLAT-DIM-ACCESS</SimpleData>
		<SimpleData name="SubClasses">AcDbEntity:AcDbLine</SimpleData>
		<SimpleData name="EntityHandle">45D</SimpleData>
	</SchemaData></ExtendedData>
      <MultiGeometry><LineString><coordinates>-97.5531733556941,26.0490707507392,0 -97.5532049721148,26.0490989937653,0</coordinates></LineString></MultiGeometry>
  </Placemark>
  <Placemark id="lago_sec1sec2_map_vitto_20250623_RevA_non_hatch.504">
	<Style><LineStyle><color>ff0000ff</color></LineStyle><PolyStyle><fill>0</fill></PolyStyle></Style>
	<ExtendedData><SchemaData schemaUrl="#lago_sec1sec2_map_vitto_20250623_RevA_non_hatch">
		<SimpleData name="Layer">PLAT-DIM-ACCESS</SimpleData>
		<SimpleData name="SubClasses">AcDbEntity:AcDbTrace</SimpleData>
		<SimpleData name="EntityHandle">45E</SimpleData>
	</SchemaData></ExtendedData>
      <MultiGeometry><Polygon><outerBoundaryIs><LinearRing><coordinates>-97.5531752830656,26.0490689902306 -97.5531714283225,26.0490725112479 -97.5531616619534,26.0490603046867 -97.5531752830656,26.0490689902306</coordinates></LinearRing></outerBoundaryIs></Polygon></MultiGeometry>
  </Placemark>
  <Placemark id="lago_sec1sec2_map_vitto_20250623_RevA_non_hatch.505">
	<Style><LineStyle><color>ff0000ff</color></LineStyle><PolyStyle><fill>0</fill></PolyStyle></Style>
	<ExtendedData><SchemaData schemaUrl="#lago_sec1sec2_map_vitto_20250623_RevA_non_hatch">
		<SimpleData name="Layer">PLAT-DIM-ACCESS</SimpleData>
		<SimpleData name="SubClasses">AcDbEntity:AcDbTrace</SimpleData>
		<SimpleData name="EntityHandle">45F</SimpleData>
	</SchemaData></ExtendedData>
      <MultiGeometry><Polygon><outerBoundaryIs><LinearRing><coordinates>-97.5531952057398,26.0490867872065 -97.5531913509968,26.0490903082243 -97.5532049721148,26.0490989937653 -97.5531952057398,26.0490867872065</coordinates></LinearRing></outerBoundaryIs></Polygon></MultiGeometry>
  </Placemark>
  <Placemark id="lago_sec1sec2_map_vitto_20250623_RevA_non_hatch.506">
	<ExtendedData><SchemaData schemaUrl="#lago_sec1sec2_map_vitto_20250623_RevA_non_hatch">
		<SimpleData name="Layer">PLAT-DIM-ACCESS</SimpleData>
		<SimpleData name="SubClasses">AcDbEntity:AcDbMText</SimpleData>
		<SimpleData name="EntityHandle">460</SimpleData>
		<SimpleData name="Text">20.0'</SimpleData>
	</SchemaData></ExtendedData>
      <MultiGeometry><Point><coordinates>-97.5531960517554,26.0490709988321,0</coordinates></Point></MultiGeometry>
  </Placemark>
  <Placemark id="lago_sec1sec2_map_vitto_20250623_RevA_non_hatch.507">
	<ExtendedData><SchemaData schemaUrl="#lago_sec1sec2_map_vitto_20250623_RevA_non_hatch">
		<SimpleData name="Layer">PLAT-DIM-S1</SimpleData>
		<SimpleData name="SubClasses">AcDbEntity:AcDbMText</SimpleData>
		<SimpleData name="Linetype">Continuous</SimpleData>
		<SimpleData name="EntityHandle">461</SimpleData>
		<SimpleData name="Text">R=50.00'
L=91.48'</SimpleData>
	</SchemaData></ExtendedData>
      <MultiGeometry><Point><coordinates>-97.5522808309726,26.049997103397,0</coordinates></Point></MultiGeometry>
  </Placemark>
  <Placemark id="lago_sec1sec2_map_vitto_20250623_RevA_non_hatch.508">
	<ExtendedData><SchemaData schemaUrl="#lago_sec1sec2_map_vitto_20250623_RevA_non_hatch">
		<SimpleData name="Layer">PLAT-DIM-S1</SimpleData>
		<SimpleData name="SubClasses">AcDbEntity:AcDbMText</SimpleData>
		<SimpleData name="Linetype">Continuous</SimpleData>
		<SimpleData name="EntityHandle">462</SimpleData>
		<SimpleData name="Text">L=73.61'</SimpleData>
	</SchemaData></ExtendedData>
      <MultiGeometry><Point><coordinates>-97.5522257934337,26.0500070152882,0</coordinates></Point></MultiGeometry>
  </Placemark>
  <Placemark id="lago_sec1sec2_map_vitto_20250623_RevA_non_hatch.509">
	<ExtendedData><SchemaData schemaUrl="#lago_sec1sec2_map_vitto_20250623_RevA_non_hatch">
		<SimpleData name="Layer">PLAT-DIM-S1</SimpleData>
		<SimpleData name="SubClasses">AcDbEntity:AcDbMText</SimpleData>
		<SimpleData name="Linetype">Continuous</SimpleData>
		<SimpleData name="EntityHandle">463</SimpleData>
		<SimpleData name="Text">R=400.00' L=103.56'</SimpleData>
	</SchemaData></ExtendedData>
      <MultiGeometry><Point><coordinates>-97.5524539849022,26.0501524982533,0</coordinates></Point></MultiGeometry>
  </Placemark>
  <Placemark id="lago_sec1sec2_map_vitto_20250623_RevA_non_hatch.510">
	<ExtendedData><SchemaData schemaUrl="#lago_sec1sec2_map_vitto_20250623_RevA_non_hatch">
		<SimpleData name="Layer">PLAT-DIM-S1</SimpleData>
		<SimpleData name="SubClasses">AcDbEntity:AcDbMText</SimpleData>
		<SimpleData name="Linetype">Continuous</SimpleData>
		<SimpleData name="EntityHandle">464</SimpleData>
		<SimpleData name="Text">R=75.00'
L=56.73'</SimpleData>
	</SchemaData></ExtendedData>
      <MultiGeometry><Point><coordinates>-97.5520914590283,26.0500050259219,0</coordinates></Point></MultiGeometry>
  </Placemark>
  <Placemark id="lago_sec1sec2_map_vitto_20250623_RevA_non_hatch.511">
	<ExtendedData><SchemaData schemaUrl="#lago_sec1sec2_map_vitto_20250623_RevA_non_hatch">
		<SimpleData name="Layer">PLAT-DIM-S1</SimpleData>
		<SimpleData name="SubClasses">AcDbEntity:AcDbMText</SimpleData>
		<SimpleData name="Linetype">Continuous</SimpleData>
		<SimpleData name="EntityHandle">465</SimpleData>
		<SimpleData name="Text">22.79'</SimpleData>
	</SchemaData></ExtendedData>
      <MultiGeometry><Point><coordinates>-97.5521502762653,26.050101945623,0</coordinates></Point></MultiGeometry>
  </Placemark>
  <Placemark id="lago_sec1sec2_map_vitto_20250623_RevA_non_hatch.512">
	<ExtendedData><SchemaData schemaUrl="#lago_sec1sec2_map_vitto_20250623_RevA_non_hatch">
		<SimpleData name="Layer">PLAT-DIM-S1</SimpleData>
		<SimpleData name="SubClasses">AcDbEntity:AcDbText:AcDbText</SimpleData>
		<SimpleData name="EntityHandle">466</SimpleData>
		<SimpleData name="Text">N46°42'18&quot;W</SimpleData>
	</SchemaData></ExtendedData>
      <MultiGeometry><Point><coordinates>-97.5521129873755,26.0500591376906,0</coordinates></Point></MultiGeometry>
  </Placemark>
  <Placemark id="lago_sec1sec2_map_vitto_20250623_RevA_non_hatch.513">
	<ExtendedData><SchemaData schemaUrl="#lago_sec1sec2_map_vitto_20250623_RevA_non_hatch">
		<SimpleData name="Layer">PLAT-DIM-S1</SimpleData>
		<SimpleData name="SubClasses">AcDbEntity:AcDbMText</SimpleData>
		<SimpleData name="Linetype">Continuous</SimpleData>
		<SimpleData name="EntityHandle">467</SimpleData>
		<SimpleData name="Text">R=75.00'
L=50.17'</SimpleData>
	</SchemaData></ExtendedData>
      <MultiGeometry><Point><coordinates>-97.5522588294908,26.050163726738,0</coordinates></Point></MultiGeometry>
  </Placemark>
  <Placemark id="lago_sec1sec2_map_vitto_20250623_RevA_non_hatch.514">
	<ExtendedData><SchemaData schemaUrl="#lago_sec1sec2_map_vitto_20250623_RevA_non_hatch">
		<SimpleData name="Layer">PLAT-DIM-S1</SimpleData>
		<SimpleData name="SubClasses">AcDbEntity:AcDbMText</SimpleData>
		<SimpleData name="Linetype">Continuous</SimpleData>
		<SimpleData name="EntityHandle">468</SimpleData>
		<SimpleData name="Text">R=380.00'
L=73.64'</SimpleData>
	</SchemaData></ExtendedData>
      <MultiGeometry><Point><coordinates>-97.5524198804817,26.050250412117,0</coordinates></Point></MultiGeometry>
  </Placemark>
  <Placemark id="lago_sec1sec2_map_vitto_20250623_RevA_non_hatch.515">
	<ExtendedData><SchemaData schemaUrl="#lago_sec1sec2_map_vitto_20250623_RevA_non_hatch">
		<SimpleData name="Layer">PLAT-DIM-S1</SimpleData>
		<SimpleData name="SubClasses">AcDbEntity:AcDbMText</SimpleData>
		<SimpleData name="Linetype">Continuous</SimpleData>
		<SimpleData name="EntityHandle">469</SimpleData>
		<SimpleData name="Text">30.27'</SimpleData>
	</SchemaData></ExtendedData>
      <MultiGeometry><Point><coordinates>-97.552532266547,26.0503423658159,0</coordinates></Point></MultiGeometry>
  </Placemark>
  <Placemark id="lago_sec1sec2_map_vitto_20250623_RevA_non_hatch.516">
	<Style><LineStyle><color>ff0000ff</color></LineStyle><PolyStyle><fill>0</fill></PolyStyle></Style>
	<ExtendedData><SchemaData schemaUrl="#lago_sec1sec2_map_vitto_20250623_RevA_non_hatch">
		<SimpleData name="Layer">PLAT-DIM-S1</SimpleData>
		<SimpleData name="SubClasses">AcDbEntity:AcDbLine</SimpleData>
		<SimpleData name="EntityHandle">46A</SimpleData>
	</SchemaData></ExtendedData>
      <MultiGeometry><LineString><coordinates>-97.5526202285353,26.0503728886261,0 -97.5526317929471,26.0503623256175,0</coordinates></LineString></MultiGeometry>
  </Placemark>
  <Placemark id="lago_sec1sec2_map_vitto_20250623_RevA_non_hatch.517">
	<Style><LineStyle><color>ff0000ff</color></LineStyle><PolyStyle><fill>0</fill></PolyStyle></Style>
	<ExtendedData><SchemaData schemaUrl="#lago_sec1sec2_map_vitto_20250623_RevA_non_hatch">
		<SimpleData name="Layer">PLAT-DIM-S1</SimpleData>
		<SimpleData name="SubClasses">AcDbEntity:AcDbLine</SimpleData>
		<SimpleData name="EntityHandle">46B</SimpleData>
	</SchemaData></ExtendedData>
      <MultiGeometry><LineString><coordinates>-97.5525863919109,26.0504037952014,0 -97.5525757196359,26.0504135433161,0</coordinates></LineString></MultiGeometry>
  </Placemark>
  <Placemark id="lago_sec1sec2_map_vitto_20250623_RevA_non_hatch.518">
	<Style><LineStyle><color>ff0000ff</color></LineStyle><PolyStyle><fill>0</fill></PolyStyle></Style>
	<ExtendedData><SchemaData schemaUrl="#lago_sec1sec2_map_vitto_20250623_RevA_non_hatch">
		<SimpleData name="Layer">PLAT-DIM-S1</SimpleData>
		<SimpleData name="SubClasses">AcDbEntity:AcDbTrace</SimpleData>
		<SimpleData name="EntityHandle">46C</SimpleData>
	</SchemaData></ExtendedData>
      <MultiGeometry><Polygon><outerBoundaryIs><LinearRing><coordinates>-97.5526221775062,26.0503746296428 -97.5526182795646,26.0503711476094 -97.5526086641215,26.0503834516338 -97.5526221775062,26.0503746296428</coordinates></LinearRing></outerBoundaryIs></Polygon></MultiGeometry>
  </Placemark>
  <Placemark id="lago_sec1sec2_map_vitto_20250623_RevA_non_hatch.519">
	<Style><LineStyle><color>ff0000ff</color></LineStyle><PolyStyle><fill>0</fill></PolyStyle></Style>
	<ExtendedData><SchemaData schemaUrl="#lago_sec1sec2_map_vitto_20250623_RevA_non_hatch">
		<SimpleData name="Layer">PLAT-DIM-S1</SimpleData>
		<SimpleData name="SubClasses">AcDbEntity:AcDbTrace</SimpleData>
		<SimpleData name="EntityHandle">46D</SimpleData>
	</SchemaData></ExtendedData>
      <MultiGeometry><Polygon><outerBoundaryIs><LinearRing><coordinates>-97.5525883408818,26.0504055362185 -97.5525844429402,26.0504020541841 -97.5525979563289,26.0503932321956 -97.5525883408818,26.0504055362185</coordinates></LinearRing></outerBoundaryIs></Polygon></MultiGeometry>
  </Placemark>
  <Placemark id="lago_sec1sec2_map_vitto_20250623_RevA_non_hatch.520">
	<Style><LineStyle><color>ff0000ff</color></LineStyle><PolyStyle><fill>0</fill></PolyStyle></Style>
	<ExtendedData><SchemaData schemaUrl="#lago_sec1sec2_map_vitto_20250623_RevA_non_hatch">
		<SimpleData name="Layer">PLAT-DIM-S1</SimpleData>
		<SimpleData name="SubClasses">AcDbEntity:AcDbLine</SimpleData>
		<SimpleData name="EntityHandle">46E</SimpleData>
	</SchemaData></ExtendedData>
      <MultiGeometry><LineString><coordinates>-97.5525757196359,26.0504135433161,0 -97.5525851482049,26.0504214581681,0</coordinates></LineString></MultiGeometry>
  </Placemark>
  <Placemark id="lago_sec1sec2_map_vitto_20250623_RevA_non_hatch.521">
	<ExtendedData><SchemaData schemaUrl="#lago_sec1sec2_map_vitto_20250623_RevA_non_hatch">
		<SimpleData name="Layer">PLAT-DIM-S1</SimpleData>
		<SimpleData name="SubClasses">AcDbEntity:AcDbText:AcDbText</SimpleData>
		<SimpleData name="EntityHandle">46F</SimpleData>
		<SimpleData name="Text">N46°11'42&quot;W</SimpleData>
	</SchemaData></ExtendedData>
      <MultiGeometry><Point><coordinates>-97.5526727604377,26.0503529826648,0</coordinates></Point></MultiGeometry>
  </Placemark>
  <Placemark id="lago_sec1sec2_map_vitto_20250623_RevA_non_hatch.522">
	<ExtendedData><SchemaData schemaUrl="#lago_sec1sec2_map_vitto_20250623_RevA_non_hatch">
		<SimpleData name="Layer">PLAT-DIM-S1</SimpleData>
		<SimpleData name="SubClasses">AcDbEntity:AcDbText:AcDbText</SimpleData>
		<SimpleData name="EntityHandle">470</SimpleData>
		<SimpleData name="Text">118.57'</SimpleData>
	</SchemaData></ExtendedData>
      <MultiGeometry><Point><coordinates>-97.5526694842917,26.0503828024539,0</coordinates></Point></MultiGeometry>
  </Placemark>
  <Placemark id="lago_sec1sec2_map_vitto_20250623_RevA_non_hatch.523">
	<ExtendedData><SchemaData schemaUrl="#lago_sec1sec2_map_vitto_20250623_RevA_non_hatch">
		<SimpleData name="Layer">PLAT-DIM-EASEMENT-S1</SimpleData>
		<SimpleData name="SubClasses">AcDbEntity:AcDbMText</SimpleData>
		<SimpleData name="Linetype">Continuous</SimpleData>
		<SimpleData name="EntityHandle">471</SimpleData>
		<SimpleData name="Text">88.29'</SimpleData>
	</SchemaData></ExtendedData>
      <MultiGeometry><Point><coordinates>-97.5526814541995,26.0504707280146,0</coordinates></Point></MultiGeometry>
  </Placemark>
  <Placemark id="lago_sec1sec2_map_vitto_20250623_RevA_non_hatch.524">
	<ExtendedData><SchemaData schemaUrl="#lago_sec1sec2_map_vitto_20250623_RevA_non_hatch">
		<SimpleData name="Layer">PLAT-DIM-S1</SimpleData>
		<SimpleData name="SubClasses">AcDbEntity:AcDbMText</SimpleData>
		<SimpleData name="EntityHandle">472</SimpleData>
		<SimpleData name="Text">175.60'</SimpleData>
	</SchemaData></ExtendedData>
      <MultiGeometry><Point><coordinates>-97.5531307017496,26.050647325228,0</coordinates></Point></MultiGeometry>
  </Placemark>
  <Placemark id="lago_sec1sec2_map_vitto_20250623_RevA_non_hatch.525">
	<ExtendedData><SchemaData schemaUrl="#lago_sec1sec2_map_vitto_20250623_RevA_non_hatch">
		<SimpleData name="Layer">PLAT-DIM-S1</SimpleData>
		<SimpleData name="SubClasses">AcDbEntity:AcDbMText</SimpleData>
		<SimpleData name="Linetype">Continuous</SimpleData>
		<SimpleData name="EntityHandle">473</SimpleData>
		<SimpleData name="Text">L=118.41'</SimpleData>
	</SchemaData></ExtendedData>
      <MultiGeometry><Point><coordinates>-97.5530155771395,26.050604874741,0</coordinates></Point></MultiGeometry>
  </Placemark>
  <Placemark id="lago_sec1sec2_map_vitto_20250623_RevA_non_hatch.526">
	<ExtendedData><SchemaData schemaUrl="#lago_sec1sec2_map_vitto_20250623_RevA_non_hatch">
		<SimpleData name="Layer">PLAT-DIM-S1</SimpleData>
		<SimpleData name="SubClasses">AcDbEntity:AcDbMText</SimpleData>
		<SimpleData name="Linetype">Continuous</SimpleData>
		<SimpleData name="EntityHandle">474</SimpleData>
		<SimpleData name="Text">R=100.00'</SimpleData>
	</SchemaData></ExtendedData>
      <MultiGeometry><Point><coordinates>-97.5529709619609,26.0506088022579,0</coordinates></Point></MultiGeometry>
  </Placemark>
  <Placemark id="lago_sec1sec2_map_vitto_20250623_RevA_non_hatch.527">
	<ExtendedData><SchemaData schemaUrl="#lago_sec1sec2_map_vitto_20250623_RevA_non_hatch">
		<SimpleData name="Layer">PLAT-DIM-S1</SimpleData>
		<SimpleData name="SubClasses">AcDbEntity:AcDbMText</SimpleData>
		<SimpleData name="Linetype">Continuous</SimpleData>
		<SimpleData name="EntityHandle">475</SimpleData>
		<SimpleData name="Text">L=88.09'</SimpleData>
	</SchemaData></ExtendedData>
      <MultiGeometry><Point><coordinates>-97.5529103630229,26.0506146700656,0</coordinates></Point></MultiGeometry>
  </Placemark>
  <Placemark id="lago_sec1sec2_map_vitto_20250623_RevA_non_hatch.528">
	<ExtendedData><SchemaData schemaUrl="#lago_sec1sec2_map_vitto_20250623_RevA_non_hatch">
		<SimpleData name="Layer">PLAT-DIM-S1</SimpleData>
		<SimpleData name="SubClasses">AcDbEntity:AcDbMText</SimpleData>
		<SimpleData name="Linetype">Continuous</SimpleData>
		<SimpleData name="EntityHandle">476</SimpleData>
		<SimpleData name="Text">R=55.00'
L=64.70'</SimpleData>
	</SchemaData></ExtendedData>
      <MultiGeometry><Point><coordinates>-97.5528327535831,26.0506096685287,0</coordinates></Point></MultiGeometry>
  </Placemark>
  <Placemark id="lago_sec1sec2_map_vitto_20250623_RevA_non_hatch.529">
	<ExtendedData><SchemaData schemaUrl="#lago_sec1sec2_map_vitto_20250623_RevA_non_hatch">
		<SimpleData name="Layer">PLAT-DIM-S1</SimpleData>
		<SimpleData name="SubClasses">AcDbEntity:AcDbMText</SimpleData>
		<SimpleData name="Linetype">Continuous</SimpleData>
		<SimpleData name="EntityHandle">477</SimpleData>
		<SimpleData name="Text">L=53.15'</SimpleData>
	</SchemaData></ExtendedData>
      <MultiGeometry><Point><coordinates>-97.5532299266807,26.0508244899745,0</coordinates></Point></MultiGeometry>
  </Placemark>
  <Placemark id="lago_sec1sec2_map_vitto_20250623_RevA_non_hatch.530">
	<ExtendedData><SchemaData schemaUrl="#lago_sec1sec2_map_vitto_20250623_RevA_non_hatch">
		<SimpleData name="Layer">PLAT-DIM-S1</SimpleData>
		<SimpleData name="SubClasses">AcDbEntity:AcDbMText</SimpleData>
		<SimpleData name="Linetype">Continuous</SimpleData>
		<SimpleData name="EntityHandle">478</SimpleData>
		<SimpleData name="Text">L=72.35'</SimpleData>
	</SchemaData></ExtendedData>
      <MultiGeometry><Point><coordinates>-97.5531644974704,26.050993041256,0</coordinates></Point></MultiGeometry>
  </Placemark>
  <Placemark id="lago_sec1sec2_map_vitto_20250623_RevA_non_hatch.531">
	<ExtendedData><SchemaData schemaUrl="#lago_sec1sec2_map_vitto_20250623_RevA_non_hatch">
		<SimpleData name="Layer">PLAT-DIM-S1</SimpleData>
		<SimpleData name="SubClasses">AcDbEntity:AcDbMText</SimpleData>
		<SimpleData name="Linetype">Continuous</SimpleData>
		<SimpleData name="EntityHandle">479</SimpleData>
		<SimpleData name="Text">L=72.35'</SimpleData>
	</SchemaData></ExtendedData>
      <MultiGeometry><Point><coordinates>-97.553105475013,26.0511743517402,0</coordinates></Point></MultiGeometry>
  </Placemark>
  <Placemark id="lago_sec1sec2_map_vitto_20250623_RevA_non_hatch.532">
	<ExtendedData><SchemaData schemaUrl="#lago_sec1sec2_map_vitto_20250623_RevA_non_hatch">
		<SimpleData name="Layer">PLAT-DIM-S1</SimpleData>
		<SimpleData name="SubClasses">AcDbEntity:AcDbMText</SimpleData>
		<SimpleData name="Linetype">Continuous</SimpleData>
		<SimpleData name="EntityHandle">47A</SimpleData>
		<SimpleData name="Text">L=29.56'</SimpleData>
	</SchemaData></ExtendedData>
      <MultiGeometry><Point><coordinates>-97.5529760840129,26.0507754922963,0</coordinates></Point></MultiGeometry>
  </Placemark>
  <Placemark id="lago_sec1sec2_map_vitto_20250623_RevA_non_hatch.533">
	<ExtendedData><SchemaData schemaUrl="#lago_sec1sec2_map_vitto_20250623_RevA_non_hatch">
		<SimpleData name="Layer">PLAT-DIM-S1</SimpleData>
		<SimpleData name="SubClasses">AcDbEntity:AcDbMText</SimpleData>
		<SimpleData name="Linetype">Continuous</SimpleData>
		<SimpleData name="EntityHandle">47B</SimpleData>
		<SimpleData name="Text">L=80.04'</SimpleData>
	</SchemaData></ExtendedData>
      <MultiGeometry><Point><coordinates>-97.552913294639,26.0509179619797,0</coordinates></Point></MultiGeometry>
  </Placemark>
  <Placemark id="lago_sec1sec2_map_vitto_20250623_RevA_non_hatch.534">
	<ExtendedData><SchemaData schemaUrl="#lago_sec1sec2_map_vitto_20250623_RevA_non_hatch">
		<SimpleData name="Layer">PLAT-DIM-S1</SimpleData>
		<SimpleData name="SubClasses">AcDbEntity:AcDbMText</SimpleData>
		<SimpleData name="Linetype">Continuous</SimpleData>
		<SimpleData name="EntityHandle">47C</SimpleData>
		<SimpleData name="Text">L=72.35'</SimpleData>
	</SchemaData></ExtendedData>
      <MultiGeometry><Point><coordinates>-97.5530526224536,26.0513800847363,0</coordinates></Point></MultiGeometry>
  </Placemark>
  <Placemark id="lago_sec1sec2_map_vitto_20250623_RevA_non_hatch.535">
	<ExtendedData><SchemaData schemaUrl="#lago_sec1sec2_map_vitto_20250623_RevA_non_hatch">
		<SimpleData name="Layer">PLAT-DIM-S1</SimpleData>
		<SimpleData name="SubClasses">AcDbEntity:AcDbMText</SimpleData>
		<SimpleData name="Linetype">Continuous</SimpleData>
		<SimpleData name="EntityHandle">47D</SimpleData>
		<SimpleData name="Text">L=71.96'</SimpleData>
	</SchemaData></ExtendedData>
      <MultiGeometry><Point><coordinates>-97.553031513434,26.0515597878951,0</coordinates></Point></MultiGeometry>
  </Placemark>
  <Placemark id="lago_sec1sec2_map_vitto_20250623_RevA_non_hatch.536">
	<ExtendedData><SchemaData schemaUrl="#lago_sec1sec2_map_vitto_20250623_RevA_non_hatch">
		<SimpleData name="Layer">PLAT-DIM-S1</SimpleData>
		<SimpleData name="SubClasses">AcDbEntity:AcDbMText</SimpleData>
		<SimpleData name="Linetype">Continuous</SimpleData>
		<SimpleData name="EntityHandle">47E</SimpleData>
		<SimpleData name="Text">L=79.96'</SimpleData>
	</SchemaData></ExtendedData>
      <MultiGeometry><Point><coordinates>-97.5528458972988,26.0511323392841,0</coordinates></Point></MultiGeometry>
  </Placemark>
  <Placemark id="lago_sec1sec2_map_vitto_20250623_RevA_non_hatch.537">
	<ExtendedData><SchemaData schemaUrl="#lago_sec1sec2_map_vitto_20250623_RevA_non_hatch">
		<SimpleData name="Layer">PLAT-DIM-S1</SimpleData>
		<SimpleData name="SubClasses">AcDbEntity:AcDbMText</SimpleData>
		<SimpleData name="Linetype">Continuous</SimpleData>
		<SimpleData name="EntityHandle">47F</SimpleData>
		<SimpleData name="Text">L=80.04'</SimpleData>
	</SchemaData></ExtendedData>
      <MultiGeometry><Point><coordinates>-97.552796610584,26.0513333133587,0</coordinates></Point></MultiGeometry>
  </Placemark>
  <Placemark id="lago_sec1sec2_map_vitto_20250623_RevA_non_hatch.538">
	<ExtendedData><SchemaData schemaUrl="#lago_sec1sec2_map_vitto_20250623_RevA_non_hatch">
		<SimpleData name="Layer">PLAT-DIM-S1</SimpleData>
		<SimpleData name="SubClasses">AcDbEntity:AcDbMText</SimpleData>
		<SimpleData name="Linetype">Continuous</SimpleData>
		<SimpleData name="EntityHandle">480</SimpleData>
		<SimpleData name="Text">(79.99' REC.)</SimpleData>
	</SchemaData></ExtendedData>
      <MultiGeometry><Point><coordinates>-97.5528198539366,26.0515040802756,0</coordinates></Point></MultiGeometry>
  </Placemark>
  <Placemark id="lago_sec1sec2_map_vitto_20250623_RevA_non_hatch.539">
	<ExtendedData><SchemaData schemaUrl="#lago_sec1sec2_map_vitto_20250623_RevA_non_hatch">
		<SimpleData name="Layer">PLAT-DIM-S1</SimpleData>
		<SimpleData name="SubClasses">AcDbEntity:AcDbText:AcDbText</SimpleData>
		<SimpleData name="EntityHandle">481</SimpleData>
		<SimpleData name="Text">N69°57'24&quot;W</SimpleData>
	</SchemaData></ExtendedData>
      <MultiGeometry><Point><coordinates>-97.5530389259395,26.0508288267647,0</coordinates></Point></MultiGeometry>
  </Placemark>
  <Placemark id="lago_sec1sec2_map_vitto_20250623_RevA_non_hatch.540">
	<ExtendedData><SchemaData schemaUrl="#lago_sec1sec2_map_vitto_20250623_RevA_non_hatch">
		<SimpleData name="Layer">PLAT-DIM-S1</SimpleData>
		<SimpleData name="SubClasses">AcDbEntity:AcDbText:AcDbText</SimpleData>
		<SimpleData name="EntityHandle">482</SimpleData>
		<SimpleData name="Text">100.00'</SimpleData>
	</SchemaData></ExtendedData>
      <MultiGeometry><Point><coordinates>-97.5530450025579,26.0508588364644,0</coordinates></Point></MultiGeometry>
  </Placemark>
  <Placemark id="lago_sec1sec2_map_vitto_20250623_RevA_non_hatch.541">
	<ExtendedData><SchemaData schemaUrl="#lago_sec1sec2_map_vitto_20250623_RevA_non_hatch">
		<SimpleData name="Layer">PLAT-DIM-S1</SimpleData>
		<SimpleData name="SubClasses">AcDbEntity:AcDbText:AcDbText</SimpleData>
		<SimpleData name="EntityHandle">483</SimpleData>
		<SimpleData name="Text">N74°22'08&quot;W</SimpleData>
	</SchemaData></ExtendedData>
      <MultiGeometry><Point><coordinates>-97.5529473424222,26.0510246744828,0</coordinates></Point></MultiGeometry>
  </Placemark>
  <Placemark id="lago_sec1sec2_map_vitto_20250623_RevA_non_hatch.542">
	<ExtendedData><SchemaData schemaUrl="#lago_sec1sec2_map_vitto_20250623_RevA_non_hatch">
		<SimpleData name="Layer">PLAT-DIM-S1</SimpleData>
		<SimpleData name="SubClasses">AcDbEntity:AcDbText:AcDbText</SimpleData>
		<SimpleData name="EntityHandle">484</SimpleData>
		<SimpleData name="Text">N78°46'12&quot;W</SimpleData>
	</SchemaData></ExtendedData>
      <MultiGeometry><Point><coordinates>-97.5528999158301,26.0512343262204,0</coordinates></Point></MultiGeometry>
  </Placemark>
  <Placemark id="lago_sec1sec2_map_vitto_20250623_RevA_non_hatch.543">
	<ExtendedData><SchemaData schemaUrl="#lago_sec1sec2_map_vitto_20250623_RevA_non_hatch">
		<SimpleData name="Layer">PLAT-DIM-S1</SimpleData>
		<SimpleData name="SubClasses">AcDbEntity:AcDbText:AcDbText</SimpleData>
		<SimpleData name="EntityHandle">485</SimpleData>
		<SimpleData name="Text">100.00'</SimpleData>
	</SchemaData></ExtendedData>
      <MultiGeometry><Point><coordinates>-97.552915579007,26.0512597437086,0</coordinates></Point></MultiGeometry>
  </Placemark>
  <Placemark id="lago_sec1sec2_map_vitto_20250623_RevA_non_hatch.544">
	<ExtendedData><SchemaData schemaUrl="#lago_sec1sec2_map_vitto_20250623_RevA_non_hatch">
		<SimpleData name="Layer">PLAT-DIM-S1</SimpleData>
		<SimpleData name="SubClasses">AcDbEntity:AcDbText:AcDbText</SimpleData>
		<SimpleData name="EntityHandle">486</SimpleData>
		<SimpleData name="Text">N83°10'32&quot;W</SimpleData>
	</SchemaData></ExtendedData>
      <MultiGeometry><Point><coordinates>-97.5528785008856,26.051440966672,0</coordinates></Point></MultiGeometry>
  </Placemark>
  <Placemark id="lago_sec1sec2_map_vitto_20250623_RevA_non_hatch.545">
	<ExtendedData><SchemaData schemaUrl="#lago_sec1sec2_map_vitto_20250623_RevA_non_hatch">
		<SimpleData name="Layer">PLAT-DIM-S1</SimpleData>
		<SimpleData name="SubClasses">AcDbEntity:AcDbText:AcDbText</SimpleData>
		<SimpleData name="EntityHandle">487</SimpleData>
		<SimpleData name="Text">100.00'</SimpleData>
	</SchemaData></ExtendedData>
      <MultiGeometry><Point><coordinates>-97.5529115402285,26.0514754715554,0</coordinates></Point></MultiGeometry>
  </Placemark>
  <Placemark id="lago_sec1sec2_map_vitto_20250623_RevA_non_hatch.546">
	<ExtendedData><SchemaData schemaUrl="#lago_sec1sec2_map_vitto_20250623_RevA_non_hatch">
		<SimpleData name="Layer">PLAT-DIM-S1</SimpleData>
		<SimpleData name="SubClasses">AcDbEntity:AcDbMText</SimpleData>
		<SimpleData name="Linetype">Continuous</SimpleData>
		<SimpleData name="EntityHandle">488</SimpleData>
		<SimpleData name="Text">R=1,065.93'
L=358.59'</SimpleData>
	</SchemaData></ExtendedData>
      <MultiGeometry><Point><coordinates>-97.5527331107616,26.0511942272904,0</coordinates></Point></MultiGeometry>
  </Placemark>
  <Placemark id="lago_sec1sec2_map_vitto_20250623_RevA_non_hatch.547">
	<Style><LineStyle><color>ff0000ff</color></LineStyle><PolyStyle><fill>0</fill></PolyStyle></Style>
	<ExtendedData><SchemaData schemaUrl="#lago_sec1sec2_map_vitto_20250623_RevA_non_hatch">
		<SimpleData name="Layer">PLAT-DIM-S1</SimpleData>
		<SimpleData name="SubClasses">AcDbEntity:AcDbLine</SimpleData>
		<SimpleData name="EntityHandle">489</SimpleData>
	</SchemaData></ExtendedData>
      <MultiGeometry><LineString><coordinates>-97.5527140210258,26.0512733656678,0 -97.5527565052229,26.0512806754437,0</coordinates></LineString></MultiGeometry>
  </Placemark>
  <Placemark id="lago_sec1sec2_map_vitto_20250623_RevA_non_hatch.548">
	<Style><LineStyle><color>ff0000ff</color></LineStyle><PolyStyle><fill>0</fill></PolyStyle></Style>
	<ExtendedData><SchemaData schemaUrl="#lago_sec1sec2_map_vitto_20250623_RevA_non_hatch">
		<SimpleData name="Layer">PLAT-DIM-S1</SimpleData>
		<SimpleData name="SubClasses">AcDbEntity:AcDbTrace</SimpleData>
		<SimpleData name="EntityHandle">48A</SimpleData>
	</SchemaData></ExtendedData>
      <MultiGeometry><Polygon><outerBoundaryIs><LinearRing><coordinates>-97.5527135081263,26.0512757979225 -97.5527145339253,26.0512709334132 -97.552697865065,26.0512705858905 -97.5527135081263,26.0512757979225</coordinates></LinearRing></outerBoundaryIs></Polygon></MultiGeometry>
  </Placemark>
  <Placemark id="lago_sec1sec2_map_vitto_20250623_RevA_non_hatch.549">
	<Style><LineStyle><color>ff0000ff</color></LineStyle><PolyStyle><fill>0</fill></PolyStyle></Style>
	<ExtendedData><SchemaData schemaUrl="#lago_sec1sec2_map_vitto_20250623_RevA_non_hatch">
		<SimpleData name="Layer">PLAT-DIM-S1</SimpleData>
		<SimpleData name="SubClasses">AcDbEntity:AcDbTrace</SimpleData>
		<SimpleData name="EntityHandle">48B</SimpleData>
	</SchemaData></ExtendedData>
      <MultiGeometry><Polygon><outerBoundaryIs><LinearRing><coordinates>-97.5527559923243,26.0512831076985 -97.5527570181216,26.0512782431889 -97.5527726611867,26.0512834552142 -97.5527559923243,26.0512831076985</coordinates></LinearRing></outerBoundaryIs></Polygon></MultiGeometry>
  </Placemark>
  <Placemark id="lago_sec1sec2_map_vitto_20250623_RevA_non_hatch.550">
	<ExtendedData><SchemaData schemaUrl="#lago_sec1sec2_map_vitto_20250623_RevA_non_hatch">
		<SimpleData name="Layer">PLAT-DIM-S1</SimpleData>
		<SimpleData name="SubClasses">AcDbEntity:AcDbMText</SimpleData>
		<SimpleData name="EntityHandle">48C</SimpleData>
		<SimpleData name="Text">25.0'</SimpleData>
	</SchemaData></ExtendedData>
      <MultiGeometry><Point><coordinates>-97.5527421158637,26.0512641940916,0</coordinates></Point></MultiGeometry>
  </Placemark>
  <Placemark id="lago_sec1sec2_map_vitto_20250623_RevA_non_hatch.551">
	<Style><LineStyle><color>ff0000ff</color></LineStyle><PolyStyle><fill>0</fill></PolyStyle></Style>
	<ExtendedData><SchemaData schemaUrl="#lago_sec1sec2_map_vitto_20250623_RevA_non_hatch">
		<SimpleData name="Layer">PLAT-DIM-S1</SimpleData>
		<SimpleData name="SubClasses">AcDbEntity:AcDbLine</SimpleData>
		<SimpleData name="EntityHandle">48D</SimpleData>
	</SchemaData></ExtendedData>
      <MultiGeometry><LineString><coordinates>-97.5526816948626,26.0512678719132,0 -97.5526392091333,26.0512605694298,0</coordinates></LineString></MultiGeometry>
  </Placemark>
  <Placemark id="lago_sec1sec2_map_vitto_20250623_RevA_non_hatch.552">
	<Style><LineStyle><color>ff0000ff</color></LineStyle><PolyStyle><fill>0</fill></PolyStyle></Style>
	<ExtendedData><SchemaData schemaUrl="#lago_sec1sec2_map_vitto_20250623_RevA_non_hatch">
		<SimpleData name="Layer">PLAT-DIM-S1</SimpleData>
		<SimpleData name="SubClasses">AcDbEntity:AcDbTrace</SimpleData>
		<SimpleData name="EntityHandle">48E</SimpleData>
	</SchemaData></ExtendedData>
      <MultiGeometry><Polygon><outerBoundaryIs><LinearRing><coordinates>-97.5526811824757,26.051270304256 -97.5526822072495,26.0512654395704 -97.552697851409,26.0512706489105 -97.5526811824757,26.051270304256</coordinates></LinearRing></outerBoundaryIs></Polygon></MultiGeometry>
  </Placemark>
  <Placemark id="lago_sec1sec2_map_vitto_20250623_RevA_non_hatch.553">
	<Style><LineStyle><color>ff0000ff</color></LineStyle><PolyStyle><fill>0</fill></PolyStyle></Style>
	<ExtendedData><SchemaData schemaUrl="#lago_sec1sec2_map_vitto_20250623_RevA_non_hatch">
		<SimpleData name="Layer">PLAT-DIM-S1</SimpleData>
		<SimpleData name="SubClasses">AcDbEntity:AcDbTrace</SimpleData>
		<SimpleData name="EntityHandle">48F</SimpleData>
	</SchemaData></ExtendedData>
      <MultiGeometry><Polygon><outerBoundaryIs><LinearRing><coordinates>-97.5526386967455,26.0512630017724 -97.552639721521,26.0512581370871 -97.5526230525897,26.0512577924256 -97.5526386967455,26.0512630017724</coordinates></LinearRing></outerBoundaryIs></Polygon></MultiGeometry>
  </Placemark>
  <Placemark id="lago_sec1sec2_map_vitto_20250623_RevA_non_hatch.554">
	<ExtendedData><SchemaData schemaUrl="#lago_sec1sec2_map_vitto_20250623_RevA_non_hatch">
		<SimpleData name="Layer">PLAT-DIM-S1</SimpleData>
		<SimpleData name="SubClasses">AcDbEntity:AcDbMText</SimpleData>
		<SimpleData name="EntityHandle">490</SimpleData>
		<SimpleData name="Text">25.0'</SimpleData>
	</SchemaData></ExtendedData>
      <MultiGeometry><Point><coordinates>-97.5526697723586,26.0512514227717,0</coordinates></Point></MultiGeometry>
  </Placemark>
  <Placemark id="lago_sec1sec2_map_vitto_20250623_RevA_non_hatch.555">
	<Style><LineStyle><color>ff0000ff</color></LineStyle><PolyStyle><fill>0</fill></PolyStyle></Style>
	<ExtendedData><SchemaData schemaUrl="#lago_sec1sec2_map_vitto_20250623_RevA_non_hatch">
		<SimpleData name="Layer">PLAT-DIM-S1</SimpleData>
		<SimpleData name="SubClasses">AcDbEntity:AcDbLine</SimpleData>
		<SimpleData name="EntityHandle">491</SimpleData>
	</SchemaData></ExtendedData>
      <MultiGeometry><LineString><coordinates>-97.5526853289013,26.0510747810813,0 -97.5528009566954,26.0511016362668,0</coordinates></LineString></MultiGeometry>
  </Placemark>
  <Placemark id="lago_sec1sec2_map_vitto_20250623_RevA_non_hatch.556">
	<Style><LineStyle><color>ff0000ff</color></LineStyle><PolyStyle><fill>0</fill></PolyStyle></Style>
	<ExtendedData><SchemaData schemaUrl="#lago_sec1sec2_map_vitto_20250623_RevA_non_hatch">
		<SimpleData name="Layer">PLAT-DIM-S1</SimpleData>
		<SimpleData name="SubClasses">AcDbEntity:AcDbTrace</SimpleData>
		<SimpleData name="EntityHandle">492</SimpleData>
	</SchemaData></ExtendedData>
      <MultiGeometry><Polygon><outerBoundaryIs><LinearRing><coordinates>-97.5526846463143,26.0510771790683 -97.5526860114883,26.0510723830943 -97.552669400587,26.051071081635 -97.5526846463143,26.0510771790683</coordinates></LinearRing></outerBoundaryIs></Polygon></MultiGeometry>
  </Placemark>
  <Placemark id="lago_sec1sec2_map_vitto_20250623_RevA_non_hatch.557">
	<Style><LineStyle><color>ff0000ff</color></LineStyle><PolyStyle><fill>0</fill></PolyStyle></Style>
	<ExtendedData><SchemaData schemaUrl="#lago_sec1sec2_map_vitto_20250623_RevA_non_hatch">
		<SimpleData name="Layer">PLAT-DIM-S1</SimpleData>
		<SimpleData name="SubClasses">AcDbEntity:AcDbTrace</SimpleData>
		<SimpleData name="EntityHandle">493</SimpleData>
	</SchemaData></ExtendedData>
      <MultiGeometry><Polygon><outerBoundaryIs><LinearRing><coordinates>-97.5528002741107,26.0511040342544 -97.5528016392801,26.0510992382792 -97.5528168850183,26.0511053356982 -97.5528002741107,26.0511040342544</coordinates></LinearRing></outerBoundaryIs></Polygon></MultiGeometry>
  </Placemark>
  <Placemark id="lago_sec1sec2_map_vitto_20250623_RevA_non_hatch.558">
	<ExtendedData><SchemaData schemaUrl="#lago_sec1sec2_map_vitto_20250623_RevA_non_hatch">
		<SimpleData name="Layer">PLAT-DIM-S1</SimpleData>
		<SimpleData name="SubClasses">AcDbEntity:AcDbMText</SimpleData>
		<SimpleData name="EntityHandle">494</SimpleData>
		<SimpleData name="Text">50.0'</SimpleData>
	</SchemaData></ExtendedData>
      <MultiGeometry><Point><coordinates>-97.5527451579931,26.0510764680101,0</coordinates></Point></MultiGeometry>
  </Placemark>
  <Placemark id="lago_sec1sec2_map_vitto_20250623_RevA_non_hatch.559">
	<ExtendedData><SchemaData schemaUrl="#lago_sec1sec2_map_vitto_20250623_RevA_non_hatch">
		<SimpleData name="Layer">PLAT-DIM-S1</SimpleData>
		<SimpleData name="SubClasses">AcDbEntity:AcDbMText</SimpleData>
		<SimpleData name="Linetype">Continuous</SimpleData>
		<SimpleData name="EntityHandle">495</SimpleData>
		<SimpleData name="Text">L=87.43'
(95.78' REC.)</SimpleData>
	</SchemaData></ExtendedData>
      <MultiGeometry><Point><coordinates>-97.5527467886907,26.0508166674673,0</coordinates></Point></MultiGeometry>
  </Placemark>
  <Placemark id="lago_sec1sec2_map_vitto_20250623_RevA_non_hatch.560">
	<ExtendedData><SchemaData schemaUrl="#lago_sec1sec2_map_vitto_20250623_RevA_non_hatch">
		<SimpleData name="Layer">PLAT-DIM-S1</SimpleData>
		<SimpleData name="SubClasses">AcDbEntity:AcDbMText</SimpleData>
		<SimpleData name="Linetype">Continuous</SimpleData>
		<SimpleData name="EntityHandle">496</SimpleData>
		<SimpleData name="Text">L=94.32'</SimpleData>
	</SchemaData></ExtendedData>
      <MultiGeometry><Point><coordinates>-97.5526685282591,26.0510557995427,0</coordinates></Point></MultiGeometry>
  </Placemark>
  <Placemark id="lago_sec1sec2_map_vitto_20250623_RevA_non_hatch.561">
	<ExtendedData><SchemaData schemaUrl="#lago_sec1sec2_map_vitto_20250623_RevA_non_hatch">
		<SimpleData name="Layer">PLAT-DIM-S1</SimpleData>
		<SimpleData name="SubClasses">AcDbEntity:AcDbMText</SimpleData>
		<SimpleData name="Linetype">Continuous</SimpleData>
		<SimpleData name="EntityHandle">497</SimpleData>
		<SimpleData name="Text">L=93.62'</SimpleData>
	</SchemaData></ExtendedData>
      <MultiGeometry><Point><coordinates>-97.552605638073,26.0513066535773,0</coordinates></Point></MultiGeometry>
  </Placemark>
  <Placemark id="lago_sec1sec2_map_vitto_20250623_RevA_non_hatch.562">
	<ExtendedData><SchemaData schemaUrl="#lago_sec1sec2_map_vitto_20250623_RevA_non_hatch">
		<SimpleData name="Layer">PLAT-DIM-S1</SimpleData>
		<SimpleData name="SubClasses">AcDbEntity:AcDbMText</SimpleData>
		<SimpleData name="Linetype">Continuous</SimpleData>
		<SimpleData name="EntityHandle">498</SimpleData>
		<SimpleData name="Text">L=93.59'</SimpleData>
	</SchemaData></ExtendedData>
      <MultiGeometry><Point><coordinates>-97.5525679740634,26.0515534920912,0</coordinates></Point></MultiGeometry>
  </Placemark>
  <Placemark id="lago_sec1sec2_map_vitto_20250623_RevA_non_hatch.563">
	<ExtendedData><SchemaData schemaUrl="#lago_sec1sec2_map_vitto_20250623_RevA_non_hatch">
		<SimpleData name="Layer">PLAT-DIM-S1</SimpleData>
		<SimpleData name="SubClasses">AcDbEntity:AcDbMText</SimpleData>
		<SimpleData name="Linetype">Continuous</SimpleData>
		<SimpleData name="EntityHandle">499</SimpleData>
		<SimpleData name="Text">68.98'
(62.71' REC.)</SimpleData>
	</SchemaData></ExtendedData>
      <MultiGeometry><Point><coordinates>-97.5516951067846,26.0494404146335,0</coordinates></Point></MultiGeometry>
  </Placemark>
  <Placemark id="lago_sec1sec2_map_vitto_20250623_RevA_non_hatch.564">
	<ExtendedData><SchemaData schemaUrl="#lago_sec1sec2_map_vitto_20250623_RevA_non_hatch">
		<SimpleData name="Layer">PLAT-DIM-ACCESS</SimpleData>
		<SimpleData name="SubClasses">AcDbEntity:AcDbMText</SimpleData>
		<SimpleData name="Linetype">Continuous</SimpleData>
		<SimpleData name="EntityHandle">49A</SimpleData>
		<SimpleData name="Text">N43°48'18&quot;E</SimpleData>
	</SchemaData></ExtendedData>
      <MultiGeometry><Point><coordinates>-97.5528558965672,26.0493662070676,0</coordinates></Point></MultiGeometry>
  </Placemark>
  <Placemark id="lago_sec1sec2_map_vitto_20250623_RevA_non_hatch.565">
	<ExtendedData><SchemaData schemaUrl="#lago_sec1sec2_map_vitto_20250623_RevA_non_hatch">
		<SimpleData name="Layer">PLAT-DIM-ACCESS</SimpleData>
		<SimpleData name="SubClasses">AcDbEntity:AcDbMText</SimpleData>
		<SimpleData name="Linetype">Continuous</SimpleData>
		<SimpleData name="EntityHandle">49E</SimpleData>
		<SimpleData name="Text">521.58'</SimpleData>
	</SchemaData></ExtendedData>
      <MultiGeometry><Point><coordinates>-97.552839036616,26.0493475221943,0</coordinates></Point></MultiGeometry>
  </Placemark>
  <Placemark id="lago_sec1sec2_map_vitto_20250623_RevA_non_hatch.566">
	<ExtendedData><SchemaData schemaUrl="#lago_sec1sec2_map_vitto_20250623_RevA_non_hatch">
		<SimpleData name="Layer">PLAT-DIM-S1</SimpleData>
		<SimpleData name="SubClasses">AcDbEntity:AcDbMText</SimpleData>
		<SimpleData name="Linetype">Continuous</SimpleData>
		<SimpleData name="EntityHandle">49F</SimpleData>
		<SimpleData name="Text">263.47' (270.11' REC.)</SimpleData>
	</SchemaData></ExtendedData>
      <MultiGeometry><Point><coordinates>-97.5516206050412,26.049895840685,0</coordinates></Point></MultiGeometry>
  </Placemark>
  <Placemark id="lago_sec1sec2_map_vitto_20250623_RevA_non_hatch.567">
	<ExtendedData><SchemaData schemaUrl="#lago_sec1sec2_map_vitto_20250623_RevA_non_hatch">
		<SimpleData name="Layer">PLAT-DIM-S1</SimpleData>
		<SimpleData name="SubClasses">AcDbEntity:AcDbMText</SimpleData>
		<SimpleData name="Linetype">Continuous</SimpleData>
		<SimpleData name="EntityHandle">4A0</SimpleData>
		<SimpleData name="Text">S83Â°26'03&quot;E</SimpleData>
	</SchemaData></ExtendedData>
      <MultiGeometry><Point><coordinates>-97.5516469202886,26.0502105092059,0</coordinates></Point></MultiGeometry>
  </Placemark>
  <Placemark id="lago_sec1sec2_map_vitto_20250623_RevA_non_hatch.568">
	<ExtendedData><SchemaData schemaUrl="#lago_sec1sec2_map_vitto_20250623_RevA_non_hatch">
		<SimpleData name="Layer">PLAT-DIM-S1</SimpleData>
		<SimpleData name="SubClasses">AcDbEntity:AcDbMText</SimpleData>
		<SimpleData name="Linetype">Continuous</SimpleData>
		<SimpleData name="EntityHandle">4A1</SimpleData>
		<SimpleData name="Text">62.00'</SimpleData>
	</SchemaData></ExtendedData>
      <MultiGeometry><Point><coordinates>-97.5516480188402,26.0502266434729,0</coordinates></Point></MultiGeometry>
  </Placemark>
  <Placemark id="lago_sec1sec2_map_vitto_20250623_RevA_non_hatch.569">
	<ExtendedData><SchemaData schemaUrl="#lago_sec1sec2_map_vitto_20250623_RevA_non_hatch">
		<SimpleData name="Layer">PLAT-DIM-S1</SimpleData>
		<SimpleData name="SubClasses">AcDbEntity:AcDbMText</SimpleData>
		<SimpleData name="Linetype">Continuous</SimpleData>
		<SimpleData name="EntityHandle">4A2</SimpleData>
		<SimpleData name="Text">(61.81' REC.)</SimpleData>
	</SchemaData></ExtendedData>
      <MultiGeometry><Point><coordinates>-97.5516370481681,26.0502575773369,0</coordinates></Point></MultiGeometry>
  </Placemark>
  <Placemark id="lago_sec1sec2_map_vitto_20250623_RevA_non_hatch.570">
	<ExtendedData><SchemaData schemaUrl="#lago_sec1sec2_map_vitto_20250623_RevA_non_hatch">
		<SimpleData name="Layer">PLAT-DIM-S1</SimpleData>
		<SimpleData name="SubClasses">AcDbEntity:AcDbMText</SimpleData>
		<SimpleData name="Linetype">Continuous</SimpleData>
		<SimpleData name="EntityHandle">4A3</SimpleData>
		<SimpleData name="Text">S43°48'18&quot;W</SimpleData>
	</SchemaData></ExtendedData>
      <MultiGeometry><Point><coordinates>-97.551890559064,26.0500874417045,0</coordinates></Point></MultiGeometry>
  </Placemark>
  <Placemark id="lago_sec1sec2_map_vitto_20250623_RevA_non_hatch.571">
	<ExtendedData><SchemaData schemaUrl="#lago_sec1sec2_map_vitto_20250623_RevA_non_hatch">
		<SimpleData name="Layer">PLAT-DIM-S1</SimpleData>
		<SimpleData name="SubClasses">AcDbEntity:AcDbMText</SimpleData>
		<SimpleData name="Linetype">Continuous</SimpleData>
		<SimpleData name="EntityHandle">4A4</SimpleData>
		<SimpleData name="Text">172.56' (178.00' REC.)</SimpleData>
	</SchemaData></ExtendedData>
      <MultiGeometry><Point><coordinates>-97.5518417277841,26.0501028635931,0</coordinates></Point></MultiGeometry>
  </Placemark>
  <Placemark id="lago_sec1sec2_map_vitto_20250623_RevA_non_hatch.572">
	<ExtendedData><SchemaData schemaUrl="#lago_sec1sec2_map_vitto_20250623_RevA_non_hatch">
		<SimpleData name="Layer">PLAT-DIM-S1</SimpleData>
		<SimpleData name="SubClasses">AcDbEntity:AcDbMText</SimpleData>
		<SimpleData name="EntityHandle">4A5</SimpleData>
		<SimpleData name="Text">55.0'</SimpleData>
	</SchemaData></ExtendedData>
      <MultiGeometry><Point><coordinates>-97.5520487283469,26.0497783670182,0</coordinates></Point></MultiGeometry>
  </Placemark>
  <Placemark id="lago_sec1sec2_map_vitto_20250623_RevA_non_hatch.573">
	<ExtendedData><SchemaData schemaUrl="#lago_sec1sec2_map_vitto_20250623_RevA_non_hatch">
		<SimpleData name="Layer">PLAT-DIM-S1</SimpleData>
		<SimpleData name="SubClasses">AcDbEntity:AcDbMText</SimpleData>
		<SimpleData name="Linetype">Continuous</SimpleData>
		<SimpleData name="EntityHandle">4A6</SimpleData>
		<SimpleData name="Text">L=17.88'</SimpleData>
	</SchemaData></ExtendedData>
      <MultiGeometry><Point><coordinates>-97.5522785486121,26.0499043116509,0</coordinates></Point></MultiGeometry>
  </Placemark>
  <Placemark id="lago_sec1sec2_map_vitto_20250623_RevA_non_hatch.574">
	<ExtendedData><SchemaData schemaUrl="#lago_sec1sec2_map_vitto_20250623_RevA_non_hatch">
		<SimpleData name="Layer">PLAT-DIM-S1</SimpleData>
		<SimpleData name="SubClasses">AcDbEntity:AcDbText:AcDbText</SimpleData>
		<SimpleData name="EntityHandle">4A7</SimpleData>
		<SimpleData name="Text">265.06'</SimpleData>
	</SchemaData></ExtendedData>
      <MultiGeometry><Point><coordinates>-97.5526491436987,26.050225245337,0</coordinates></Point></MultiGeometry>
  </Placemark>
  <Placemark id="lago_sec1sec2_map_vitto_20250623_RevA_non_hatch.575">
	<Style><LineStyle><color>ff0000ff</color></LineStyle><PolyStyle><fill>0</fill></PolyStyle></Style>
	<ExtendedData><SchemaData schemaUrl="#lago_sec1sec2_map_vitto_20250623_RevA_non_hatch">
		<SimpleData name="Layer">PLAT-DIM-S1</SimpleData>
		<SimpleData name="SubClasses">AcDbEntity:AcDbPolyline</SimpleData>
		<SimpleData name="EntityHandle">4A8</SimpleData>
	</SchemaData></ExtendedData>
      <MultiGeometry><LineString><coordinates>-97.5524845191962,26.0501371317234 -97.55249861887,26.0501294840597 -97.55249861887,26.0501294840597 -97.5525016348054,26.0501277436001 -97.5525045392282,26.0501258547154 -97.5525073231962,26.050123823221 -97.5525099781381,26.0501216553715 -97.5525099781381,26.0501216553715 -97.5525104604791,26.0501212670408 -97.5525109715174,26.0501209099132 -97.5525115087842,26.0501205857137 -97.552512069684,26.0501202960088 -97.552512651507,26.0501200421978 -97.5525132514425,26.050119825507 -97.5525138665922,26.0501196469831 -97.5525144939844,26.0501195074887 -97.5525151305882,26.0501194076976 -97.5525157733281,26.0501193480919 -97.5525164190991,26.0501193289596 -97.5525170647815,26.050119350393 -97.552517707256,26.0501194122887 -97.5525183434189,26.0501195143475 -97.5525189701968,26.0501196560766 -97.5525195845619,26.0501198367912 -97.5525201835461,26.0501200556182 -97.5525207642558,26.0501203115006 -97.5525213238856,26.0501206032021 -97.552521859732,26.0501209293135 -97.5525223692063,26.0501212882595 -97.5525228498472,26.050121678306 -97.5525232993327,26.0501220975687 -97.5525237154916,26.0501225440221 -97.5525240963131,26.0501230155094 -97.5525244399578,26.0501235097529 -97.5525247447653,26.0501240243649 -97.5525250092632,26.0501245568594 -97.5525252321738,26.0501251046638 -97.5525254124201,26.0501256651318 -97.5525255491313,26.0501262355558 -97.5525256416471,26.05012681318</coordinates></LineString></MultiGeometry>
  </Placemark>
  <Placemark id="lago_sec1sec2_map_vitto_20250623_RevA_non_hatch.576">
	<ExtendedData><SchemaData schemaUrl="#lago_sec1sec2_map_vitto_20250623_RevA_non_hatch">
		<SimpleData name="Layer">PLAT-DIM-S2</SimpleData>
		<SimpleData name="SubClasses">AcDbEntity:AcDbText:AcDbText</SimpleData>
		<SimpleData name="EntityHandle">4A9</SimpleData>
		<SimpleData name="Text">(132.73' REC.)</SimpleData>
	</SchemaData></ExtendedData>
      <MultiGeometry><Point><coordinates>-97.5523532049252,26.0516505754506,0</coordinates></Point></MultiGeometry>
  </Placemark>
  <Placemark id="lago_sec1sec2_map_vitto_20250623_RevA_non_hatch.577">
	<ExtendedData><SchemaData schemaUrl="#lago_sec1sec2_map_vitto_20250623_RevA_non_hatch">
		<SimpleData name="Layer">PLAT-DIM-S2</SimpleData>
		<SimpleData name="SubClasses">AcDbEntity:AcDbText:AcDbText</SimpleData>
		<SimpleData name="EntityHandle">4AA</SimpleData>
		<SimpleData name="Text">132.70'</SimpleData>
	</SchemaData></ExtendedData>
      <MultiGeometry><Point><coordinates>-97.5522893505098,26.0516435034472,0</coordinates></Point></MultiGeometry>
  </Placemark>
  <Placemark id="lago_sec1sec2_map_vitto_20250623_RevA_non_hatch.578">
	<ExtendedData><SchemaData schemaUrl="#lago_sec1sec2_map_vitto_20250623_RevA_non_hatch">
		<SimpleData name="Layer">PLAT-DIM-S1</SimpleData>
		<SimpleData name="SubClasses">AcDbEntity:AcDbMText</SimpleData>
		<SimpleData name="Linetype">Continuous</SimpleData>
		<SimpleData name="EntityHandle">4AB</SimpleData>
		<SimpleData name="Text">(93.94' REC.)</SimpleData>
	</SchemaData></ExtendedData>
      <MultiGeometry><Point><coordinates>-97.5525486856471,26.0515568269147,0</coordinates></Point></MultiGeometry>
  </Placemark>
  <Placemark id="lago_sec1sec2_map_vitto_20250623_RevA_non_hatch.579">
	<ExtendedData><SchemaData schemaUrl="#lago_sec1sec2_map_vitto_20250623_RevA_non_hatch">
		<SimpleData name="Layer">PLAT-DIM-S1</SimpleData>
		<SimpleData name="SubClasses">AcDbEntity:AcDbMText</SimpleData>
		<SimpleData name="Linetype">Continuous</SimpleData>
		<SimpleData name="EntityHandle">4AC</SimpleData>
		<SimpleData name="Text">(72.31' REC.)</SimpleData>
	</SchemaData></ExtendedData>
      <MultiGeometry><Point><coordinates>-97.5530148909264,26.0515313290163,0</coordinates></Point></MultiGeometry>
  </Placemark>
  <Placemark id="lago_sec1sec2_map_vitto_20250623_RevA_non_hatch.580">
	<ExtendedData><SchemaData schemaUrl="#lago_sec1sec2_map_vitto_20250623_RevA_non_hatch">
		<SimpleData name="Layer">PLAT-DIM-S1</SimpleData>
		<SimpleData name="SubClasses">AcDbEntity:AcDbMText</SimpleData>
		<SimpleData name="Linetype">Continuous</SimpleData>
		<SimpleData name="EntityHandle">4AD</SimpleData>
		<SimpleData name="Text">L=79.64'</SimpleData>
	</SchemaData></ExtendedData>
      <MultiGeometry><Point><coordinates>-97.5528358757387,26.0515189386789,0</coordinates></Point></MultiGeometry>
  </Placemark>
  <Placemark id="lago_sec1sec2_map_vitto_20250623_RevA_non_hatch.581">
	<ExtendedData><SchemaData schemaUrl="#lago_sec1sec2_map_vitto_20250623_RevA_non_hatch">
		<SimpleData name="Layer">PLAT-DIM-S1</SimpleData>
		<SimpleData name="SubClasses">AcDbEntity:AcDbMText</SimpleData>
		<SimpleData name="Linetype">Continuous</SimpleData>
		<SimpleData name="EntityHandle">4AE</SimpleData>
		<SimpleData name="Text">R=940.33'  L=288.92'</SimpleData>
	</SchemaData></ExtendedData>
      <MultiGeometry><Point><coordinates>-97.5531388934002,26.0513007664677,0</coordinates></Point></MultiGeometry>
  </Placemark>
  <Placemark id="lago_sec1sec2_map_vitto_20250623_RevA_non_hatch.582">
	<ExtendedData><SchemaData schemaUrl="#lago_sec1sec2_map_vitto_20250623_RevA_non_hatch">
		<SimpleData name="Layer">PLAT-DIM-S1</SimpleData>
		<SimpleData name="SubClasses">AcDbEntity:AcDbText:AcDbText</SimpleData>
		<SimpleData name="EntityHandle">4AF</SimpleData>
		<SimpleData name="Text">100.00'</SimpleData>
	</SchemaData></ExtendedData>
      <MultiGeometry><Point><coordinates>-97.5529552931706,26.0510547669817,0</coordinates></Point></MultiGeometry>
  </Placemark>
  <Placemark id="lago_sec1sec2_map_vitto_20250623_RevA_non_hatch.583">
	<ExtendedData><SchemaData schemaUrl="#lago_sec1sec2_map_vitto_20250623_RevA_non_hatch">
		<SimpleData name="Layer">PLAT-DIM-S1</SimpleData>
		<SimpleData name="SubClasses">AcDbEntity:AcDbMText</SimpleData>
		<SimpleData name="Linetype">Continuous</SimpleData>
		<SimpleData name="EntityHandle">4B0</SimpleData>
		<SimpleData name="Text">R=949.57'
L=53.15'</SimpleData>
	</SchemaData></ExtendedData>
      <MultiGeometry><Point><coordinates>-97.5532863167849,26.050855629871,0</coordinates></Point></MultiGeometry>
  </Placemark>
  <Placemark id="lago_sec1sec2_map_vitto_20250623_RevA_non_hatch.584">
	<ExtendedData><SchemaData schemaUrl="#lago_sec1sec2_map_vitto_20250623_RevA_non_hatch">
		<SimpleData name="Layer">PLAT-DIM-S1</SimpleData>
		<SimpleData name="SubClasses">AcDbEntity:AcDbMText</SimpleData>
		<SimpleData name="Linetype">Continuous</SimpleData>
		<SimpleData name="EntityHandle">4B1</SimpleData>
		<SimpleData name="Text">(L=289.28' REC.)</SimpleData>
	</SchemaData></ExtendedData>
      <MultiGeometry><Point><coordinates>-97.5531103954572,26.0514581836165,0</coordinates></Point></MultiGeometry>
  </Placemark>
  <Placemark id="lago_sec1sec2_map_vitto_20250623_RevA_non_hatch.585">
	<ExtendedData><SchemaData schemaUrl="#lago_sec1sec2_map_vitto_20250623_RevA_non_hatch">
		<SimpleData name="Layer">PLAT-DIM-S1</SimpleData>
		<SimpleData name="SubClasses">AcDbEntity:AcDbMText</SimpleData>
		<SimpleData name="Linetype">Continuous</SimpleData>
		<SimpleData name="EntityHandle">4B2</SimpleData>
		<SimpleData name="Text">(CHORD: N11°13'12&quot;E 287.79')</SimpleData>
	</SchemaData></ExtendedData>
      <MultiGeometry><Point><coordinates>-97.5531039710743,26.0513632033739,0</coordinates></Point></MultiGeometry>
  </Placemark>
  <Placemark id="lago_sec1sec2_map_vitto_20250623_RevA_non_hatch.586">
	<Style><LineStyle><color>ff0000ff</color></LineStyle><PolyStyle><fill>0</fill></PolyStyle></Style>
	<ExtendedData><SchemaData schemaUrl="#lago_sec1sec2_map_vitto_20250623_RevA_non_hatch">
		<SimpleData name="Layer">PLAT-DIM-S1</SimpleData>
		<SimpleData name="SubClasses">AcDbEntity:AcDbPolyline</SimpleData>
		<SimpleData name="EntityHandle">4B3</SimpleData>
	</SchemaData></ExtendedData>
      <MultiGeometry><LineString><coordinates>-97.5527295201642,26.0515600841281 -97.5527459541377,26.0515606634464 -97.5527459541377,26.0515606634464 -97.552775036511,26.0515622054623 -97.5528040294907,26.0515647771851 -97.5528040294907,26.0515647771851 -97.5528051786631,26.0515648636791 -97.5528063316988,26.0515648786534 -97.5528074831491,26.0515648220373 -97.5528086275727,26.0515646940982 -97.5528097595615,26.0515644954408 -97.5528108737662,26.0515642270038 -97.5528119649215,26.0515638900558 -97.5528130278711,26.051563486189 -97.5528140575918,26.0515630173119 -97.5528150492177,26.0515624856404 -97.5528159980627,26.0515618936868 -97.552816899643,26.0515612442484 -97.5528177496981,26.0515605403942 -97.5528185442109,26.0515597854505 -97.552819279427,26.0515589829847 -97.552819951872,26.0515581367889 -97.5528205583681,26.051557250862 -97.5528210960494,26.0515563293904 -97.552821562375,26.0515553767287 -97.5528219551413,26.0515543973787 -97.5528222724921,26.0515533959684 -97.5528225129277,26.0515523772302 -97.5528226753121,26.0515513459781</coordinates></LineString></MultiGeometry>
  </Placemark>
  <Placemark id="lago_sec1sec2_map_vitto_20250623_RevA_non_hatch.587">
	<Style><LineStyle><color>ff0000ff</color></LineStyle><PolyStyle><fill>0</fill></PolyStyle></Style>
	<ExtendedData><SchemaData schemaUrl="#lago_sec1sec2_map_vitto_20250623_RevA_non_hatch">
		<SimpleData name="Layer">PLAT-DIM-S2</SimpleData>
		<SimpleData name="SubClasses">AcDbEntity:AcDbLine</SimpleData>
		<SimpleData name="EntityHandle">4B4</SimpleData>
	</SchemaData></ExtendedData>
      <MultiGeometry><LineString><coordinates>-97.5513174875421,26.0516145119884,0 -97.5513337910489,26.0516164666647,0</coordinates></LineString></MultiGeometry>
  </Placemark>
  <Placemark id="lago_sec1sec2_map_vitto_20250623_RevA_non_hatch.588">
	<Style><LineStyle><color>ff0000ff</color></LineStyle><PolyStyle><fill>0</fill></PolyStyle></Style>
	<ExtendedData><SchemaData schemaUrl="#lago_sec1sec2_map_vitto_20250623_RevA_non_hatch">
		<SimpleData name="Layer">PLAT-DIM-S2</SimpleData>
		<SimpleData name="SubClasses">AcDbEntity:AcDbLine</SimpleData>
		<SimpleData name="EntityHandle">4B5</SimpleData>
	</SchemaData></ExtendedData>
      <MultiGeometry><LineString><coordinates>-97.5512244971804,26.0516033630581,0 -97.5511935547727,26.0515996532536,0</coordinates></LineString></MultiGeometry>
  </Placemark>
  <Placemark id="lago_sec1sec2_map_vitto_20250623_RevA_non_hatch.589">
	<Style><LineStyle><color>ff0000ff</color></LineStyle><PolyStyle><fill>0</fill></PolyStyle></Style>
	<ExtendedData><SchemaData schemaUrl="#lago_sec1sec2_map_vitto_20250623_RevA_non_hatch">
		<SimpleData name="Layer">PLAT-DIM-S2</SimpleData>
		<SimpleData name="SubClasses">AcDbEntity:AcDbTrace</SimpleData>
		<SimpleData name="EntityHandle">4B6</SimpleData>
	</SchemaData></ExtendedData>
      <MultiGeometry><Polygon><outerBoundaryIs><LinearRing><coordinates>-97.551317126881,26.0516169664485 -97.5513178482031,26.0516120575284 -97.5513011840358,26.0516125573103 -97.551317126881,26.0516169664485</coordinates></LinearRing></outerBoundaryIs></Polygon></MultiGeometry>
  </Placemark>
  <Placemark id="lago_sec1sec2_map_vitto_20250623_RevA_non_hatch.590">
	<Style><LineStyle><color>ff0000ff</color></LineStyle><PolyStyle><fill>0</fill></PolyStyle></Style>
	<ExtendedData><SchemaData schemaUrl="#lago_sec1sec2_map_vitto_20250623_RevA_non_hatch">
		<SimpleData name="Layer">PLAT-DIM-S2</SimpleData>
		<SimpleData name="SubClasses">AcDbEntity:AcDbTrace</SimpleData>
		<SimpleData name="EntityHandle">4B7</SimpleData>
	</SchemaData></ExtendedData>
      <MultiGeometry><Polygon><outerBoundaryIs><LinearRing><coordinates>-97.5512241365174,26.051605817518 -97.5512248578434,26.0516009085983 -97.5512408006841,26.0516053177452 -97.5512241365174,26.051605817518</coordinates></LinearRing></outerBoundaryIs></Polygon></MultiGeometry>
  </Placemark>
  <Placemark id="lago_sec1sec2_map_vitto_20250623_RevA_non_hatch.591">
	<Style><LineStyle><color>ff0000ff</color></LineStyle><PolyStyle><fill>0</fill></PolyStyle></Style>
	<ExtendedData><SchemaData schemaUrl="#lago_sec1sec2_map_vitto_20250623_RevA_non_hatch">
		<SimpleData name="Layer">PLAT-DIM-S2</SimpleData>
		<SimpleData name="SubClasses">AcDbEntity:AcDbLine</SimpleData>
		<SimpleData name="EntityHandle">4B8</SimpleData>
	</SchemaData></ExtendedData>
      <MultiGeometry><LineString><coordinates>-97.5511935547727,26.0515996532536,0 -97.5511969675585,26.0515773656575,0</coordinates></LineString></MultiGeometry>
  </Placemark>
  <Placemark id="lago_sec1sec2_map_vitto_20250623_RevA_non_hatch.592">
	<ExtendedData><SchemaData schemaUrl="#lago_sec1sec2_map_vitto_20250623_RevA_non_hatch">
		<SimpleData name="Layer">PLAT-DIM-S1</SimpleData>
		<SimpleData name="SubClasses">AcDbEntity:AcDbMText</SimpleData>
		<SimpleData name="Linetype">Continuous</SimpleData>
		<SimpleData name="EntityHandle">4BA</SimpleData>
		<SimpleData name="Text">807.64'</SimpleData>
	</SchemaData></ExtendedData>
      <MultiGeometry><Point><coordinates>-97.5514541638125,26.0504164861288,0</coordinates></Point></MultiGeometry>
  </Placemark>
  <Placemark id="lago_sec1sec2_map_vitto_20250623_RevA_non_hatch.593">
	<ExtendedData><SchemaData schemaUrl="#lago_sec1sec2_map_vitto_20250623_RevA_non_hatch">
		<SimpleData name="Layer">PLAT-DIM-S1</SimpleData>
		<SimpleData name="SubClasses">AcDbEntity:AcDbMText</SimpleData>
		<SimpleData name="Linetype">Continuous</SimpleData>
		<SimpleData name="EntityHandle">4BB</SimpleData>
		<SimpleData name="Text">272.74'</SimpleData>
	</SchemaData></ExtendedData>
      <MultiGeometry><Point><coordinates>-97.55173810608,26.0515361152585,0</coordinates></Point></MultiGeometry>
  </Placemark>
  <Placemark id="lago_sec1sec2_map_vitto_20250623_RevA_non_hatch.594">
	<ExtendedData><SchemaData schemaUrl="#lago_sec1sec2_map_vitto_20250623_RevA_non_hatch">
		<SimpleData name="Layer">PLAT-BORDER-LEGAL</SimpleData>
		<SimpleData name="SubClasses">AcDbEntity:AcDbMText</SimpleData>
		<SimpleData name="EntityHandle">4BC</SimpleData>
		<SimpleData name="Text">BOARD OF TRUSTEES OF THE SOUTH
TEXAS INDEPENDANT SCHOOL DISTRICT
43.68 ACRE TRACT
OUT OF A 213.374 ACRE TRACT</SimpleData>
	</SchemaData></ExtendedData>
      <MultiGeometry><Point><coordinates>-97.5531898424155,26.049327144425,0</coordinates></Point></MultiGeometry>
  </Placemark>
  <Placemark id="lago_sec1sec2_map_vitto_20250623_RevA_non_hatch.595">
	<ExtendedData><SchemaData schemaUrl="#lago_sec1sec2_map_vitto_20250623_RevA_non_hatch">
		<SimpleData name="Layer">PLAT-BORDER-LEGAL</SimpleData>
		<SimpleData name="SubClasses">AcDbEntity:AcDbMText</SimpleData>
		<SimpleData name="EntityHandle">4BE</SimpleData>
		<SimpleData name="Text">(CAB. 1, SLOT 1035-A, C.C.M.R.)</SimpleData>
	</SchemaData></ExtendedData>
      <MultiGeometry><Point><coordinates>-97.5521958432378,26.0490120331258,0</coordinates></Point></MultiGeometry>
  </Placemark>
  <Placemark id="lago_sec1sec2_map_vitto_20250623_RevA_non_hatch.596">
	<ExtendedData><SchemaData schemaUrl="#lago_sec1sec2_map_vitto_20250623_RevA_non_hatch">
		<SimpleData name="Layer">PLAT-BORDER-LEGAL</SimpleData>
		<SimpleData name="SubClasses">AcDbEntity:AcDbMText</SimpleData>
		<SimpleData name="EntityHandle">4C0</SimpleData>
		<SimpleData name="Text">RESIDUE OF A 31.683 ACRE TRACT OUT OF A
41.236 ACRE TRACT
 (41.237 ACRE REC.) 
OUT OF A 213.374 ACRE TRACT</SimpleData>
	</SchemaData></ExtendedData>
      <MultiGeometry><Point><coordinates>-97.5532510453457,26.0531884553393,0</coordinates></Point></MultiGeometry>
  </Placemark>
  <Placemark id="lago_sec1sec2_map_vitto_20250623_RevA_non_hatch.597">
	<ExtendedData><SchemaData schemaUrl="#lago_sec1sec2_map_vitto_20250623_RevA_non_hatch">
		<SimpleData name="Layer">PLAT-BORDER-LEGAL</SimpleData>
		<SimpleData name="SubClasses">AcDbEntity:AcDbMText</SimpleData>
		<SimpleData name="EntityHandle">4C1</SimpleData>
		<SimpleData name="Text">(VOL. 12669, Pg. 129, OFFICIAL RECORDS)</SimpleData>
	</SchemaData></ExtendedData>
      <MultiGeometry><Point><coordinates>-97.5531195693811,26.0534223439106,0</coordinates></Point></MultiGeometry>
  </Placemark>
  <Placemark id="lago_sec1sec2_map_vitto_20250623_RevA_non_hatch.598">
	<ExtendedData><SchemaData schemaUrl="#lago_sec1sec2_map_vitto_20250623_RevA_non_hatch">
		<SimpleData name="Layer">PLAT-BORDER-LEGAL</SimpleData>
		<SimpleData name="SubClasses">AcDbEntity:AcDbMText</SimpleData>
		<SimpleData name="EntityHandle">4D5</SimpleData>
		<SimpleData name="Text">EAST LINE OF SHARE 1, ESPIRITU SANTO GRANT, EAST LINE OF 41.237 ACRE TRACT AND EAST LINE OF 213.374 ACRE TRACT</SimpleData>
	</SchemaData></ExtendedData>
      <MultiGeometry><Point><coordinates>-97.5513922973351,26.0516878422882,29.832</coordinates></Point></MultiGeometry>
  </Placemark>
  <Placemark id="lago_sec1sec2_map_vitto_20250623_RevA_non_hatch.599">
	<ExtendedData><SchemaData schemaUrl="#lago_sec1sec2_map_vitto_20250623_RevA_non_hatch">
		<SimpleData name="Layer">PLAT-TEXT-S2</SimpleData>
		<SimpleData name="SubClasses">AcDbEntity:AcDbMText</SimpleData>
		<SimpleData name="EntityHandle">4D8</SimpleData>
		<SimpleData name="Text">L  A  K  E</SimpleData>
	</SchemaData></ExtendedData>
      <MultiGeometry><Point><coordinates>-97.5517516814656,26.0526405691614,0</coordinates></Point></MultiGeometry>
  </Placemark>
  <Placemark id="lago_sec1sec2_map_vitto_20250623_RevA_non_hatch.600">
	<ExtendedData><SchemaData schemaUrl="#lago_sec1sec2_map_vitto_20250623_RevA_non_hatch">
		<SimpleData name="Layer">PLAT-DIM-S2</SimpleData>
		<SimpleData name="SubClasses">AcDbEntity:AcDbMText</SimpleData>
		<SimpleData name="EntityHandle">4DB</SimpleData>
		<SimpleData name="Text">S06Â°41'02&quot;W     978.00'</SimpleData>
	</SchemaData></ExtendedData>
      <MultiGeometry><Point><coordinates>-97.5510991825643,26.0528106121389,0</coordinates></Point></MultiGeometry>
  </Placemark>
  <Placemark id="lago_sec1sec2_map_vitto_20250623_RevA_non_hatch.601">
	<ExtendedData><SchemaData schemaUrl="#lago_sec1sec2_map_vitto_20250623_RevA_non_hatch">
		<SimpleData name="Layer">PLAT-DIM-S2</SimpleData>
		<SimpleData name="SubClasses">AcDbEntity:AcDbMText</SimpleData>
		<SimpleData name="EntityHandle">4DC</SimpleData>
		<SimpleData name="Text">149.56'</SimpleData>
	</SchemaData></ExtendedData>
      <MultiGeometry><Point><coordinates>-97.5523522901386,26.0516622888819,0</coordinates></Point></MultiGeometry>
  </Placemark>
  <Placemark id="lago_sec1sec2_map_vitto_20250623_RevA_non_hatch.602">
	<ExtendedData><SchemaData schemaUrl="#lago_sec1sec2_map_vitto_20250623_RevA_non_hatch">
		<SimpleData name="Layer">PLAT-DIM-S2</SimpleData>
		<SimpleData name="SubClasses">AcDbEntity:AcDbMText</SimpleData>
		<SimpleData name="EntityHandle">4DD</SimpleData>
		<SimpleData name="Text">255.88'</SimpleData>
	</SchemaData></ExtendedData>
      <MultiGeometry><Point><coordinates>-97.5517281943823,26.0515881613549,0</coordinates></Point></MultiGeometry>
  </Placemark>
  <Placemark id="lago_sec1sec2_map_vitto_20250623_RevA_non_hatch.603">
	<ExtendedData><SchemaData schemaUrl="#lago_sec1sec2_map_vitto_20250623_RevA_non_hatch">
		<SimpleData name="Layer">PLAT-DIM-S2</SimpleData>
		<SimpleData name="SubClasses">AcDbEntity:AcDbMText</SimpleData>
		<SimpleData name="EntityHandle">4DE</SimpleData>
		<SimpleData name="Text">427.75'</SimpleData>
	</SchemaData></ExtendedData>
      <MultiGeometry><Point><coordinates>-97.551651371444,26.0540342877009,0</coordinates></Point></MultiGeometry>
  </Placemark>
  <Placemark id="lago_sec1sec2_map_vitto_20250623_RevA_non_hatch.604">
	<ExtendedData><SchemaData schemaUrl="#lago_sec1sec2_map_vitto_20250623_RevA_non_hatch">
		<SimpleData name="Layer">PLAT-TEXT-S2</SimpleData>
		<SimpleData name="SubClasses">AcDbEntity:AcDbMText</SimpleData>
		<SimpleData name="EntityHandle">4DF</SimpleData>
		<SimpleData name="Text">6.778 ACRES</SimpleData>
	</SchemaData></ExtendedData>
      <MultiGeometry><Point><coordinates>-97.5517013891198,26.0527108234225,0</coordinates></Point></MultiGeometry>
  </Placemark>
  <Placemark id="lago_sec1sec2_map_vitto_20250623_RevA_non_hatch.605">
	<Style><LineStyle><color>ff0000ff</color></LineStyle><PolyStyle><fill>0</fill></PolyStyle></Style>
	<ExtendedData><SchemaData schemaUrl="#lago_sec1sec2_map_vitto_20250623_RevA_non_hatch">
		<SimpleData name="Layer">PLAT-DIM-S2</SimpleData>
		<SimpleData name="SubClasses">AcDbEntity:AcDbPolyline</SimpleData>
		<SimpleData name="EntityHandle">4E0</SimpleData>
	</SchemaData></ExtendedData>
      <MultiGeometry><LineString><coordinates>-97.5526564250488,26.0516657593535 -97.5526635482898,26.0516523691459 -97.5526635482898,26.0516523691459 -97.5526697014439,26.0516415590725 -97.5526764906651,26.0516310642747 -97.5526764906651,26.0516310642747 -97.5526780528625,26.0516286113653 -97.5526794283582,26.0516260688708 -97.5526806108885,26.0516234483692 -97.5526815950685,26.0516207617937 -97.5526823764165,26.0516180213783 -97.5526829513744,26.0516152396024 -97.5526833173239,26.0516124291335 -97.5526834725986,26.05160960277 -97.5526834164915,26.0516067733824 -97.552683149258,26.0516039538552 -97.5526826721151,26.0516011570279 -97.5526819872357,26.0515983956367 -97.5526810977384,26.0515956822563 -97.552680007674,26.0515930292429</coordinates></LineString></MultiGeometry>
  </Placemark>
  <Placemark id="lago_sec1sec2_map_vitto_20250623_RevA_non_hatch.606">
	<Style><LineStyle><color>ff0000ff</color></LineStyle><PolyStyle><fill>0</fill></PolyStyle></Style>
	<ExtendedData><SchemaData schemaUrl="#lago_sec1sec2_map_vitto_20250623_RevA_non_hatch">
		<SimpleData name="Layer">PLAT-BORDER-LEGAL</SimpleData>
		<SimpleData name="SubClasses">AcDbEntity:AcDbPolyline</SimpleData>
		<SimpleData name="EntityHandle">4F6</SimpleData>
	</SchemaData></ExtendedData>
      <MultiGeometry><LineString><coordinates>-97.5513267397178,26.0516477271493 -97.5513419557576,26.051653365233 -97.5513419557576,26.051653365233 -97.5513608763706,26.0516598604548 -97.5513801462755,26.0516654554316 -97.5513801462755,26.0516654554316 -97.5513809650233,26.0516656997744 -97.5513817633794,26.0516659940686 -97.5513825376136,26.0516663369393 -97.5513832841087,26.0516667267844 -97.5513839993768,26.0516671617825 -97.5513846800761,26.0516676399013 -97.5513853230261,26.051668158907 -97.5513859252231,26.0516687163745 -97.5513864838532,26.0516693096993 -97.5513869963066,26.0516699361093 -97.551387460189,26.0516705926778 -97.551387873333,26.0516712763371 -97.5513882338082,26.0516719838931 -97.5513885399306,26.05167271204 -97.5513887902698,26.0516734573757 -97.5513889836563,26.0516742164178 -97.5513891191864,26.05167498562 -97.5513891962269,26.0516757613885 -97.551389214418,26.0516765400986 -97.5513891736746,26.0516773181121 -97.551389074187,26.051678091794 -97.5513889164202,26.0516788575294 -97.5513887011111,26.0516796117408 -97.5513884292658,26.0516803509043 -97.5513881021544,26.0516810715664 -97.5513877213052,26.05168177036</coordinates></LineString></MultiGeometry>
  </Placemark>
  <Placemark id="lago_sec1sec2_map_vitto_20250623_RevA_non_hatch.607">
	<ExtendedData><SchemaData schemaUrl="#lago_sec1sec2_map_vitto_20250623_RevA_non_hatch">
		<SimpleData name="Layer">PLAT-DIM-S2</SimpleData>
		<SimpleData name="SubClasses">AcDbEntity:AcDbMText</SimpleData>
		<SimpleData name="EntityHandle">4F7</SimpleData>
		<SimpleData name="Text">POINT OF BEGINNING</SimpleData>
	</SchemaData></ExtendedData>
      <MultiGeometry><Point><coordinates>-97.5532766802143,26.0514391318325,0</coordinates></Point></MultiGeometry>
  </Placemark>
  <Placemark id="lago_sec1sec2_map_vitto_20250623_RevA_non_hatch.608">
	<ExtendedData><SchemaData schemaUrl="#lago_sec1sec2_map_vitto_20250623_RevA_non_hatch">
		<SimpleData name="Layer">PLAT-BORDER-LEGAL</SimpleData>
		<SimpleData name="SubClasses">AcDbEntity:AcDbMText</SimpleData>
		<SimpleData name="EntityHandle">4FB</SimpleData>
		<SimpleData name="Text">89.45 ACRES
OUT OF BLOCKS 30 THROUGH 38, SAN CARLOS ESTATES, ABSTRACT 2
(DOCUMENT 2021-46831, 
OFFICIAL RECORDS)</SimpleData>
	</SchemaData></ExtendedData>
      <MultiGeometry><Point><coordinates>-97.551084955393,26.0524397925425,0</coordinates></Point></MultiGeometry>
  </Placemark>
  <Placemark id="lago_sec1sec2_map_vitto_20250623_RevA_non_hatch.609">
	<ExtendedData><SchemaData schemaUrl="#lago_sec1sec2_map_vitto_20250623_RevA_non_hatch">
		<SimpleData name="Layer">PLAT-BORDER-LEGAL</SimpleData>
		<SimpleData name="SubClasses">AcDbEntity:AcDbMText</SimpleData>
		<SimpleData name="EntityHandle">4FE</SimpleData>
		<SimpleData name="Text">21.39 ACRES
IN BLOCKS 27, 28 AND 29, SAN CARLOS ESTATES, ABSTRACT 2
(DOCUMENT 2021-46831, 
OFFICIAL RECORDS)</SimpleData>
	</SchemaData></ExtendedData>
      <MultiGeometry><Point><coordinates>-97.5514161879755,26.0502119150391,0</coordinates></Point></MultiGeometry>
  </Placemark>
  <Placemark id="lago_sec1sec2_map_vitto_20250623_RevA_non_hatch.610">
	<Style><LineStyle><color>ff0000ff</color></LineStyle><PolyStyle><fill>0</fill></PolyStyle></Style>
	<ExtendedData><SchemaData schemaUrl="#lago_sec1sec2_map_vitto_20250623_RevA_non_hatch">
		<SimpleData name="Layer">PLAT-LOTLINE-S2</SimpleData>
		<SimpleData name="SubClasses">AcDbEntity:AcDbLine</SimpleData>
		<SimpleData name="EntityHandle">51C</SimpleData>
	</SchemaData></ExtendedData>
      <MultiGeometry><LineString><coordinates>-97.5521127724951,26.0520058229118,0 -97.5521162509057,26.0516249580022,0</coordinates></LineString></MultiGeometry>
  </Placemark>
  <Placemark id="lago_sec1sec2_map_vitto_20250623_RevA_non_hatch.611">
	<ExtendedData><SchemaData schemaUrl="#lago_sec1sec2_map_vitto_20250623_RevA_non_hatch">
		<SimpleData name="Layer">PLAT-TEXT-S2</SimpleData>
		<SimpleData name="SubClasses">AcDbEntity:AcDbText:AcDbText</SimpleData>
		<SimpleData name="EntityHandle">51E</SimpleData>
		<SimpleData name="Text">15</SimpleData>
	</SchemaData></ExtendedData>
      <MultiGeometry><Point><coordinates>-97.5523501626247,26.0537371691085,0</coordinates></Point></MultiGeometry>
  </Placemark>
  <Placemark id="lago_sec1sec2_map_vitto_20250623_RevA_non_hatch.612">
	<ExtendedData><SchemaData schemaUrl="#lago_sec1sec2_map_vitto_20250623_RevA_non_hatch">
		<SimpleData name="Layer">PLAT-TITLE-S2</SimpleData>
		<SimpleData name="SubClasses">AcDbEntity:AcDbMText</SimpleData>
		<SimpleData name="EntityHandle">51F</SimpleData>
		<SimpleData name="Text">18 SINGLE FAMILY LOTS
       P-8009</SimpleData>
	</SchemaData></ExtendedData>
      <MultiGeometry><Point><coordinates>-97.5509322515558,26.0521003228985,0</coordinates></Point></MultiGeometry>
  </Placemark>
  <Placemark id="lago_sec1sec2_map_vitto_20250623_RevA_non_hatch.613">
	<ExtendedData><SchemaData schemaUrl="#lago_sec1sec2_map_vitto_20250623_RevA_non_hatch">
		<SimpleData name="Layer">PLAT-DIM-S2</SimpleData>
		<SimpleData name="SubClasses">AcDbEntity:AcDbMText</SimpleData>
		<SimpleData name="EntityHandle">520</SimpleData>
		<SimpleData name="Text">125.26'</SimpleData>
	</SchemaData></ExtendedData>
      <MultiGeometry><Point><coordinates>-97.5521487998882,26.0517698469656,0</coordinates></Point></MultiGeometry>
  </Placemark>
  <Placemark id="lago_sec1sec2_map_vitto_20250623_RevA_non_hatch.614">
	<ExtendedData><SchemaData schemaUrl="#lago_sec1sec2_map_vitto_20250623_RevA_non_hatch">
		<SimpleData name="Layer">PLAT-DIM-S2</SimpleData>
		<SimpleData name="SubClasses">AcDbEntity:AcDbMText</SimpleData>
		<SimpleData name="EntityHandle">521</SimpleData>
		<SimpleData name="Text">13.19'</SimpleData>
	</SchemaData></ExtendedData>
      <MultiGeometry><Point><coordinates>-97.5521443562071,26.0519765685325,0</coordinates></Point></MultiGeometry>
  </Placemark>
  <Placemark id="lago_sec1sec2_map_vitto_20250623_RevA_non_hatch.615">
	<Style><LineStyle><color>ff0000ff</color></LineStyle><PolyStyle><fill>0</fill></PolyStyle></Style>
	<ExtendedData><SchemaData schemaUrl="#lago_sec1sec2_map_vitto_20250623_RevA_non_hatch">
		<SimpleData name="Layer">PLAT-DIM-EASEMENT-S2</SimpleData>
		<SimpleData name="SubClasses">AcDbEntity:AcDbLine</SimpleData>
		<SimpleData name="EntityHandle">550</SimpleData>
	</SchemaData></ExtendedData>
      <MultiGeometry><LineString><coordinates>-97.5530477354059,26.0530220789942,0 -97.5530325401839,26.0530211712061,0</coordinates></LineString></MultiGeometry>
  </Placemark>
  <Placemark id="lago_sec1sec2_map_vitto_20250623_RevA_non_hatch.616">
	<ExtendedData><SchemaData schemaUrl="#lago_sec1sec2_map_vitto_20250623_RevA_non_hatch">
		<SimpleData name="Layer">PLAT-BORDER-LEGAL</SimpleData>
		<SimpleData name="SubClasses">AcDbEntity:AcDbMText</SimpleData>
		<SimpleData name="EntityHandle">555</SimpleData>
		<SimpleData name="Text">(VOLUME 18354, PAGE 47 O.R.) </SimpleData>
	</SchemaData></ExtendedData>
      <MultiGeometry><Point><coordinates>-97.5532503069855,26.0521613457483,0</coordinates></Point></MultiGeometry>
  </Placemark>
  <Placemark id="lago_sec1sec2_map_vitto_20250623_RevA_non_hatch.617">
	<ExtendedData><SchemaData schemaUrl="#lago_sec1sec2_map_vitto_20250623_RevA_non_hatch">
		<SimpleData name="Layer">PLAT-BORDER-LEGAL</SimpleData>
		<SimpleData name="SubClasses">AcDbEntity:AcDbMText</SimpleData>
		<SimpleData name="EntityHandle">557</SimpleData>
		<SimpleData name="Text">BOARD OF TRUSTEES OF THE SOUTH
TEXAS INDEPENDANT SCHOOL DISTRICT
43.68 ACRE TRACT
OUT OF A 213.374 ACRE TRACT</SimpleData>
	</SchemaData></ExtendedData>
      <MultiGeometry><Point><coordinates>-97.5533512928316,26.0517503102129,0</coordinates></Point></MultiGeometry>
  </Placemark>
  <Placemark id="lago_sec1sec2_map_vitto_20250623_RevA_non_hatch.618">
	<ExtendedData><SchemaData schemaUrl="#lago_sec1sec2_map_vitto_20250623_RevA_non_hatch">
		<SimpleData name="Layer">PLAT-TEXT-S2</SimpleData>
		<SimpleData name="SubClasses">AcDbEntity:AcDbText:AcDbText</SimpleData>
		<SimpleData name="EntityHandle">559</SimpleData>
		<SimpleData name="Text">C</SimpleData>
	</SchemaData></ExtendedData>
      <MultiGeometry><Point><coordinates>-97.5526931135119,26.0525645172561,0</coordinates></Point></MultiGeometry>
  </Placemark>
  <Placemark id="lago_sec1sec2_map_vitto_20250623_RevA_non_hatch.619">
	<ExtendedData><SchemaData schemaUrl="#lago_sec1sec2_map_vitto_20250623_RevA_non_hatch">
		<SimpleData name="Layer">PLAT-TEXT-S2</SimpleData>
		<SimpleData name="SubClasses">AcDbEntity:AcDbText:AcDbText</SimpleData>
		<SimpleData name="EntityHandle">55A</SimpleData>
		<SimpleData name="Text">C</SimpleData>
	</SchemaData></ExtendedData>
      <MultiGeometry><Point><coordinates>-97.5529138530037,26.0538128561916,0</coordinates></Point></MultiGeometry>
  </Placemark>
  <Placemark id="lago_sec1sec2_map_vitto_20250623_RevA_non_hatch.620">
	<ExtendedData><SchemaData schemaUrl="#lago_sec1sec2_map_vitto_20250623_RevA_non_hatch">
		<SimpleData name="Layer">PLAT-BORDER-LEGAL</SimpleData>
		<SimpleData name="SubClasses">AcDbEntity:AcDbMText</SimpleData>
		<SimpleData name="EntityHandle">57D</SimpleData>
		<SimpleData name="Text">RESIDUE OF A 31.683 ACRE TRACT OUT OF A
41.236 ACRE TRACT
 (41.237 ACRE REC.) 
OUT OF A 213.374 ACRE TRACT</SimpleData>
	</SchemaData></ExtendedData>
      <MultiGeometry><Point><coordinates>-97.5527228378582,26.054082726592,0</coordinates></Point></MultiGeometry>
  </Placemark>
  <Placemark id="lago_sec1sec2_map_vitto_20250623_RevA_non_hatch.621">
	<ExtendedData><SchemaData schemaUrl="#lago_sec1sec2_map_vitto_20250623_RevA_non_hatch">
		<SimpleData name="Layer">PLAT-BORDER-LEGAL</SimpleData>
		<SimpleData name="SubClasses">AcDbEntity:AcDbMText</SimpleData>
		<SimpleData name="EntityHandle">57E</SimpleData>
		<SimpleData name="Text">(VOL. 12669, Pg. 129, OFFICIAL RECORDS)</SimpleData>
	</SchemaData></ExtendedData>
      <MultiGeometry><Point><coordinates>-97.5524343711325,26.0540524865425,0</coordinates></Point></MultiGeometry>
  </Placemark>
  <Placemark id="lago_sec1sec2_map_vitto_20250623_RevA_non_hatch.622">
	<Style><LineStyle><color>ff0000ff</color></LineStyle><PolyStyle><fill>0</fill></PolyStyle></Style>
	<ExtendedData><SchemaData schemaUrl="#lago_sec1sec2_map_vitto_20250623_RevA_non_hatch">
		<SimpleData name="Layer">PLAT-DIM-S2</SimpleData>
		<SimpleData name="SubClasses">AcDbEntity:AcDbLine</SimpleData>
		<SimpleData name="EntityHandle">57F</SimpleData>
	</SchemaData></ExtendedData>
      <MultiGeometry><LineString><coordinates>-97.5530288931482,26.0520237694641,0 -97.5530136863707,26.0520245151094,0</coordinates></LineString></MultiGeometry>
  </Placemark>
  <Placemark id="lago_sec1sec2_map_vitto_20250623_RevA_non_hatch.623">
	<ExtendedData><SchemaData schemaUrl="#lago_sec1sec2_map_vitto_20250623_RevA_non_hatch">
		<SimpleData name="Layer">PLAT-DIM-S2</SimpleData>
		<SimpleData name="SubClasses">AcDbEntity:AcDbMText</SimpleData>
		<SimpleData name="Linetype">Continuous</SimpleData>
		<SimpleData name="EntityHandle">580</SimpleData>
		<SimpleData name="Text">5.00'</SimpleData>
	</SchemaData></ExtendedData>
      <MultiGeometry><Point><coordinates>-97.5529997980102,26.0520744771637,0</coordinates></Point></MultiGeometry>
  </Placemark>
  <Placemark id="lago_sec1sec2_map_vitto_20250623_RevA_non_hatch.624">
	<ExtendedData><SchemaData schemaUrl="#lago_sec1sec2_map_vitto_20250623_RevA_non_hatch">
		<SimpleData name="Layer">PLAT-DIM-S2</SimpleData>
		<SimpleData name="SubClasses">AcDbEntity:AcDbMText</SimpleData>
		<SimpleData name="Linetype">Continuous</SimpleData>
		<SimpleData name="EntityHandle">581</SimpleData>
		<SimpleData name="Text">5.00'</SimpleData>
	</SchemaData></ExtendedData>
      <MultiGeometry><Point><coordinates>-97.5530132229948,26.0530680096629,0</coordinates></Point></MultiGeometry>
  </Placemark>
  <Placemark id="lago_sec1sec2_map_vitto_20250623_RevA_non_hatch.625">
	<ExtendedData><SchemaData schemaUrl="#lago_sec1sec2_map_vitto_20250623_RevA_non_hatch">
		<SimpleData name="Layer">PLAT-DIM-S2</SimpleData>
		<SimpleData name="SubClasses">AcDbEntity:AcDbMText</SimpleData>
		<SimpleData name="Linetype">Continuous</SimpleData>
		<SimpleData name="EntityHandle">582</SimpleData>
		<SimpleData name="Text">5.00'</SimpleData>
	</SchemaData></ExtendedData>
      <MultiGeometry><Point><coordinates>-97.5529882141915,26.0532620179085,0</coordinates></Point></MultiGeometry>
  </Placemark>
  <Placemark id="lago_sec1sec2_map_vitto_20250623_RevA_non_hatch.626">
	<Style><LineStyle><color>ff0000ff</color></LineStyle><PolyStyle><fill>0</fill></PolyStyle></Style>
	<ExtendedData><SchemaData schemaUrl="#lago_sec1sec2_map_vitto_20250623_RevA_non_hatch">
		<SimpleData name="Layer">PLAT-DIM-EASEMENT-S2</SimpleData>
		<SimpleData name="SubClasses">AcDbEntity:AcDbPolyline</SimpleData>
		<SimpleData name="EntityHandle">583</SimpleData>
	</SchemaData></ExtendedData>
      <MultiGeometry><LineString><coordinates>-97.5530127135228,26.0532290838561 -97.5530114399988,26.0532438951716 -97.5530114399988,26.0532438951716 -97.5530114097187,26.0532445229418 -97.5530114266894,26.0532451511206 -97.5530114908326,26.0532457768095 -97.5530116018523,26.0532463971217 -97.5530117592363,26.0532470091949 -97.5530119622585,26.0532476102053 -97.553012209982,26.0532481973797 -97.553012209982,26.0532481973797 -97.5530122926969,26.053248393632 -97.5530123603245,26.053248594544 -97.5530124125468,26.0532487991707 -97.5530124491179,26.0532490065495 -97.553012469866,26.0532492157049 -97.5530124746934,26.053249425653 -97.5530124635774,26.0532496354061 -97.5530124365703,26.0532498439777 -97.5530123937991,26.0532500503865 -97.553012335465,26.0532502536617 -97.5530122618425,26.053250452847 -97.5530121732778,26.0532506470055 -97.5530120701876,26.0532508352237 -97.5530119530568,26.0532510166164 -97.5530118224364,26.0532511903302 -97.5530116789408,26.053251355548 -97.5530115232451,26.0532515114926 -97.5530113560816,26.0532516574305 -97.5530111782367,26.0532517926751 -97.553010990547,26.0532519165902 -97.5530107938954,26.053252028593 -97.5530105892068,26.0532521281566 -97.5530103774443,26.0532522148125 -97.5530101596039,26.0532522881533 -97.5530099367104,26.0532523478338 -97.5530097098122,26.0532523935735 -97.5530094799768,26.053252425157 -97.5530092482852,26.0532524424358 -97.5530090158272,26.0532524453287 -97.5530087836966,26.053252433822</coordinates></LineString></MultiGeometry>
  </Placemark>
  <Placemark id="lago_sec1sec2_map_vitto_20250623_RevA_non_hatch.627">
	<Style><LineStyle><color>ff0000ff</color></LineStyle><PolyStyle><fill>0</fill></PolyStyle></Style>
	<ExtendedData><SchemaData schemaUrl="#lago_sec1sec2_map_vitto_20250623_RevA_non_hatch">
		<SimpleData name="Layer">PLAT-DIM-EASEMENT-S2</SimpleData>
		<SimpleData name="SubClasses">AcDbEntity:AcDbPolyline</SimpleData>
		<SimpleData name="EntityHandle">584</SimpleData>
	</SchemaData></ExtendedData>
      <MultiGeometry><LineString><coordinates>-97.5530283604883,26.0532259113711 -97.5530227585162,26.053239878961 -97.5530227585162,26.053239878961 -97.5530221657959,26.0532412201566 -97.5530214786404,26.0532425240702 -97.5530206999052,26.0532437852835 -97.5530198328264,26.0532449985555 -97.5530188810071,26.0532461588441 -97.5530178484028,26.0532472613278 -97.5530178484028,26.0532472613278 -97.5530172619405,26.0532478112124 -97.5530166373787,26.0532483257294 -97.5530159773263,26.0532488027295 -97.5530152845403,26.0532492402203 -97.5530145619147,26.0532496363743 -97.5530138124678,26.0532499895369 -97.5530130393303,26.0532502982327 -97.5530122457314,26.0532505611724</coordinates></LineString></MultiGeometry>
  </Placemark>
  <Placemark id="lago_sec1sec2_map_vitto_20250623_RevA_non_hatch.628">
	<Style><LineStyle><color>ff0000ff</color></LineStyle><PolyStyle><fill>0</fill></PolyStyle></Style>
	<ExtendedData><SchemaData schemaUrl="#lago_sec1sec2_map_vitto_20250623_RevA_non_hatch">
		<SimpleData name="Layer">PLAT-EASEMENT-S2</SimpleData>
		<SimpleData name="SubClasses">AcDbEntity:AcDbCircle:AcDbArc</SimpleData>
		<SimpleData name="Linetype">HIDDEN2</SimpleData>
		<SimpleData name="EntityHandle">5B2</SimpleData>
	</SchemaData></ExtendedData>
      <MultiGeometry><LineString><coordinates>-97.552698485231,26.0536932987277,0 -97.5526882595423,26.0536416061917,0</coordinates></LineString></MultiGeometry>
  </Placemark>
  <Placemark id="lago_sec1sec2_map_vitto_20250623_RevA_non_hatch.629">
	<Style><LineStyle><color>ff0000ff</color></LineStyle><PolyStyle><fill>0</fill></PolyStyle></Style>
	<ExtendedData><SchemaData schemaUrl="#lago_sec1sec2_map_vitto_20250623_RevA_non_hatch">
		<SimpleData name="Layer">PLAT-EASEMENT-S2</SimpleData>
		<SimpleData name="SubClasses">AcDbEntity:AcDbLine</SimpleData>
		<SimpleData name="Linetype">HIDDEN2</SimpleData>
		<SimpleData name="EntityHandle">5B3</SimpleData>
	</SchemaData></ExtendedData>
      <MultiGeometry><LineString><coordinates>-97.5528055128916,26.0537106217639,0 -97.5527485363588,26.0537221275578,0</coordinates></LineString></MultiGeometry>
  </Placemark>
  <Placemark id="lago_sec1sec2_map_vitto_20250623_RevA_non_hatch.630">
	<Style><LineStyle><color>ff0000ff</color></LineStyle><PolyStyle><fill>0</fill></PolyStyle></Style>
	<ExtendedData><SchemaData schemaUrl="#lago_sec1sec2_map_vitto_20250623_RevA_non_hatch">
		<SimpleData name="Layer">PLAT-EASEMENT-S2</SimpleData>
		<SimpleData name="SubClasses">AcDbEntity:AcDbLine</SimpleData>
		<SimpleData name="Linetype">HIDDEN2</SimpleData>
		<SimpleData name="EntityHandle">5B4</SimpleData>
	</SchemaData></ExtendedData>
      <MultiGeometry><LineString><coordinates>-97.5526984852312,26.0536932987285,0 -97.5527485363589,26.0537221275578,0</coordinates></LineString></MultiGeometry>
  </Placemark>
  <Placemark id="lago_sec1sec2_map_vitto_20250623_RevA_non_hatch.631">
	<Style><LineStyle><color>ff0000ff</color></LineStyle><PolyStyle><fill>0</fill></PolyStyle></Style>
	<ExtendedData><SchemaData schemaUrl="#lago_sec1sec2_map_vitto_20250623_RevA_non_hatch">
		<SimpleData name="Layer">PLAT-EASEMENT-S2</SimpleData>
		<SimpleData name="SubClasses">AcDbEntity:AcDbLine</SimpleData>
		<SimpleData name="Linetype">HIDDEN2</SimpleData>
		<SimpleData name="EntityHandle">5B5</SimpleData>
	</SchemaData></ExtendedData>
      <MultiGeometry><LineString><coordinates>-97.5528068419027,26.0537159914025,0 -97.5528055128916,26.0537106217638,0</coordinates></LineString></MultiGeometry>
  </Placemark>
  <Placemark id="lago_sec1sec2_map_vitto_20250623_RevA_non_hatch.632">
	<Style><LineStyle><color>ff0000ff</color></LineStyle><PolyStyle><fill>0</fill></PolyStyle></Style>
	<ExtendedData><SchemaData schemaUrl="#lago_sec1sec2_map_vitto_20250623_RevA_non_hatch">
		<SimpleData name="Layer">PLAT-EASEMENT-S2</SimpleData>
		<SimpleData name="SubClasses">AcDbEntity:AcDbLine</SimpleData>
		<SimpleData name="Linetype">HIDDEN2</SimpleData>
		<SimpleData name="EntityHandle">5B6</SimpleData>
	</SchemaData></ExtendedData>
      <MultiGeometry><LineString><coordinates>-97.5526822397231,26.0536424472323,0 -97.5526882595423,26.0536416061922,0</coordinates></LineString></MultiGeometry>
  </Placemark>
  <Placemark id="lago_sec1sec2_map_vitto_20250623_RevA_non_hatch.633">
	<Style><LineStyle><color>ff0000ff</color></LineStyle><PolyStyle><fill>0</fill></PolyStyle></Style>
	<ExtendedData><SchemaData schemaUrl="#lago_sec1sec2_map_vitto_20250623_RevA_non_hatch">
		<SimpleData name="Layer">PLAT-DIM-EASEMENT-S2</SimpleData>
		<SimpleData name="SubClasses">AcDbEntity:AcDbLine</SimpleData>
		<SimpleData name="EntityHandle">5B7</SimpleData>
	</SchemaData></ExtendedData>
      <MultiGeometry><LineString><coordinates>-97.5526560301319,26.0536529823184,0 -97.5526588082551,26.0536686065016,0</coordinates></LineString></MultiGeometry>
  </Placemark>
  <Placemark id="lago_sec1sec2_map_vitto_20250623_RevA_non_hatch.634">
	<Style><LineStyle><color>ff0000ff</color></LineStyle><PolyStyle><fill>0</fill></PolyStyle></Style>
	<ExtendedData><SchemaData schemaUrl="#lago_sec1sec2_map_vitto_20250623_RevA_non_hatch">
		<SimpleData name="Layer">PLAT-DIM-EASEMENT-S2</SimpleData>
		<SimpleData name="SubClasses">AcDbEntity:AcDbLine</SimpleData>
		<SimpleData name="EntityHandle">5B8</SimpleData>
	</SchemaData></ExtendedData>
      <MultiGeometry><LineString><coordinates>-97.5527056390373,26.0536457852987,0 -97.5527218777111,26.0536434294665,0</coordinates></LineString></MultiGeometry>
  </Placemark>
  <Placemark id="lago_sec1sec2_map_vitto_20250623_RevA_non_hatch.635">
	<Style><LineStyle><color>ff0000ff</color></LineStyle><PolyStyle><fill>0</fill></PolyStyle></Style>
	<ExtendedData><SchemaData schemaUrl="#lago_sec1sec2_map_vitto_20250623_RevA_non_hatch">
		<SimpleData name="Layer">PLAT-DIM-EASEMENT-S2</SimpleData>
		<SimpleData name="SubClasses">AcDbEntity:AcDbLine</SimpleData>
		<SimpleData name="EntityHandle">5B9</SimpleData>
	</SchemaData></ExtendedData>
      <MultiGeometry><LineString><coordinates>-97.5526671473633,26.0536513694859,0 -97.5526560301319,26.0536529823184,0</coordinates></LineString></MultiGeometry>
  </Placemark>
  <Placemark id="lago_sec1sec2_map_vitto_20250623_RevA_non_hatch.636">
	<Style><LineStyle><color>ff0000ff</color></LineStyle><PolyStyle><fill>0</fill></PolyStyle></Style>
	<ExtendedData><SchemaData schemaUrl="#lago_sec1sec2_map_vitto_20250623_RevA_non_hatch">
		<SimpleData name="Layer">PLAT-DIM-EASEMENT-S2</SimpleData>
		<SimpleData name="SubClasses">AcDbEntity:AcDbTrace</SimpleData>
		<SimpleData name="EntityHandle">5BA</SimpleData>
	</SchemaData></ExtendedData>
      <MultiGeometry><Polygon><outerBoundaryIs><LinearRing><coordinates>-97.5527060737207,26.0536482299551 -97.5527052043539,26.0536433406422 -97.5526894003628,26.053648141129 -97.5527060737207,26.0536482299551</coordinates></LinearRing></outerBoundaryIs></Polygon></MultiGeometry>
  </Placemark>
  <Placemark id="lago_sec1sec2_map_vitto_20250623_RevA_non_hatch.637">
	<Style><LineStyle><color>ff0000ff</color></LineStyle><PolyStyle><fill>0</fill></PolyStyle></Style>
	<ExtendedData><SchemaData schemaUrl="#lago_sec1sec2_map_vitto_20250623_RevA_non_hatch">
		<SimpleData name="Layer">PLAT-DIM-EASEMENT-S2</SimpleData>
		<SimpleData name="SubClasses">AcDbEntity:AcDbTrace</SimpleData>
		<SimpleData name="EntityHandle">5BB</SimpleData>
	</SchemaData></ExtendedData>
      <MultiGeometry><Polygon><outerBoundaryIs><LinearRing><coordinates>-97.5526675820459,26.0536538141425 -97.5526667126808,26.0536489248294 -97.5526833860387,26.0536490136582 -97.5526675820459,26.0536538141425</coordinates></LinearRing></outerBoundaryIs></Polygon></MultiGeometry>
  </Placemark>
  <Placemark id="lago_sec1sec2_map_vitto_20250623_RevA_non_hatch.638">
	<ExtendedData><SchemaData schemaUrl="#lago_sec1sec2_map_vitto_20250623_RevA_non_hatch">
		<SimpleData name="Layer">PLAT-DIM-EASEMENT-S2</SimpleData>
		<SimpleData name="SubClasses">AcDbEntity:AcDbMText</SimpleData>
		<SimpleData name="EntityHandle">5BC</SimpleData>
		<SimpleData name="Text">2 FT. NON-ACCESS EASEMENT</SimpleData>
	</SchemaData></ExtendedData>
      <MultiGeometry><Point><coordinates>-97.552646763183,26.0536915281907,0</coordinates></Point></MultiGeometry>
  </Placemark>
  <Placemark id="lago_sec1sec2_map_vitto_20250623_RevA_non_hatch.639">
	<ExtendedData><SchemaData schemaUrl="#lago_sec1sec2_map_vitto_20250623_RevA_non_hatch">
		<SimpleData name="Layer">PLAT-DIM-S2</SimpleData>
		<SimpleData name="SubClasses">AcDbEntity:AcDbMText</SimpleData>
		<SimpleData name="EntityHandle">5BD</SimpleData>
		<SimpleData name="Text">S58°21'05&quot;E
21.17'</SimpleData>
	</SchemaData></ExtendedData>
      <MultiGeometry><Point><coordinates>-97.5527745413017,26.0536063026222,0</coordinates></Point></MultiGeometry>
  </Placemark>
  <Placemark id="lago_sec1sec2_map_vitto_20250623_RevA_non_hatch.640">
	<Style><LineStyle><color>ff0000ff</color></LineStyle><PolyStyle><fill>0</fill></PolyStyle></Style>
	<ExtendedData><SchemaData schemaUrl="#lago_sec1sec2_map_vitto_20250623_RevA_non_hatch">
		<SimpleData name="Layer">PLAT-DIM-S2</SimpleData>
		<SimpleData name="SubClasses">AcDbEntity:AcDbPolyline</SimpleData>
		<SimpleData name="EntityHandle">ACE</SimpleData>
	</SchemaData></ExtendedData>
      <MultiGeometry><LineString><coordinates>-97.5530288931482,26.0520237694641 -97.553024128853,26.052037988398 -97.553024128853,26.052037988398 -97.5530237379929,26.0520390285351 -97.5530232712874,26.0520400428405 -97.5530227308102,26.0520410268075 -97.5530221189627,26.0520419760642 -97.5530214384635,26.0520428863928 -97.5530206923361,26.0520437537485 -97.5530198838959,26.0520445742775 -97.5530190167348,26.0520453443339 -97.5530180947058,26.0520460604962 -97.5530171219058,26.0520467195825 -97.553016102657,26.0520473186642 -97.5530150414882,26.0520478550794 -97.5530139431144,26.0520483264448 -97.553012812416,26.052048730666 -97.5530116544168,26.0520490659469 -97.5530104742622,26.0520493307978 -97.5530104742622,26.0520493307978 -97.5530100760575,26.0520494204286 -97.5530096855229,26.0520495343136 -97.5530093044667,26.0520496719254 -97.5530089346533,26.0520498326269 -97.5530085777952,26.052050015674 -97.5530082355447,26.052050220219 -97.5530079094865,26.0520504453149 -97.5530076011304,26.0520506899194 -97.5530073119042,26.0520509528998 -97.5530070431471,26.0520512330386 -97.5530067961036,26.0520515290386 -97.5530065719175,26.0520518395291 -97.553006371627,26.0520521630724 -97.5530061961594,26.0520524981706 -97.5530060463272,26.0520528432719 -97.5530059228242,26.0520531967784 -97.5530058262222,26.0520535570533 -97.5530057569686,26.0520539224282 -97.553005715384,26.0520542912115 -97.553005701661,26.0520546616956 -97.5530057158632,26.0520550321649 -97.5530057579247,26.052055400904</coordinates></LineString></MultiGeometry>
  </Placemark>
  <Placemark id="lago_sec1sec2_map_vitto_20250623_RevA_non_hatch.641">
	<Style><LineStyle><color>ff0000ff</color></LineStyle><PolyStyle><fill>0</fill></PolyStyle></Style>
	<ExtendedData><SchemaData schemaUrl="#lago_sec1sec2_map_vitto_20250623_RevA_non_hatch">
		<SimpleData name="Layer">PLAT-DIM-S2</SimpleData>
		<SimpleData name="SubClasses">AcDbEntity:AcDbPolyline</SimpleData>
		<SimpleData name="EntityHandle">ACF</SimpleData>
	</SchemaData></ExtendedData>
      <MultiGeometry><LineString><coordinates>-97.5530121270962,26.0520284296662 -97.5530078490723,26.0520427742021 -97.5530078490723,26.0520427742021 -97.5530077160247,26.0520432856058 -97.5530076198388,26.0520438037064 -97.5530075609167,26.0520443263384 -97.5530075395047,26.0520448513172 -97.5530075556923,26.0520453764487 -97.5530076094118,26.0520458995379 -97.5530077004387,26.0520464183984 -97.5530078283925,26.0520469308614 -97.5530079927384,26.0520474347851 -97.5530081927895,26.0520479280631 -97.5530081927895,26.0520479280631 -97.5530082588093,26.0520480914838 -97.5530083125388,26.0520482585382 -97.5530083537358,26.0520484284731 -97.5530083822144,26.0520486005222 -97.5530083978463,26.0520487739098 -97.553008400561,26.0520489478541 -97.5530083903463,26.0520491215708 -97.5530083672483,26.0520492942767 -97.5530083313709,26.052049465193 -97.5530082828762,26.0520496335492 -97.5530082219826,26.0520497985861 -97.5530081489648,26.0520499595595 -97.5530080641519,26.0520501157438 -97.5530079679264,26.0520502664347 -97.5530078607222,26.0520504109527 -97.5530077430226,26.0520505486462 -97.5530076153583,26.0520506788945</coordinates></LineString></MultiGeometry>
  </Placemark>
  <Placemark id="lago_sec1sec2_map_vitto_20250623_RevA_non_hatch.642">
	<Style><LineStyle><color>ff0000ff</color></LineStyle><PolyStyle><fill>0</fill></PolyStyle></Style>
	<ExtendedData><SchemaData schemaUrl="#lago_sec1sec2_map_vitto_20250623_RevA_non_hatch">
		<SimpleData name="Layer">PLAT-DIM-EASEMENT-S2</SimpleData>
		<SimpleData name="SubClasses">AcDbEntity:AcDbPolyline</SimpleData>
		<SimpleData name="EntityHandle">AD0</SimpleData>
	</SchemaData></ExtendedData>
      <MultiGeometry><LineString><coordinates>-97.5530477367097,26.0530220786983 -97.5530402760752,26.0530353181865 -97.5530402760752,26.0530353181865 -97.5530398648529,26.0530359909459 -97.5530394044818,26.0530366372072 -97.5530388970458,26.0530372540451 -97.5530383448415,26.053037838668 -97.5530377503684,26.0530383884295 -97.553037116317,26.0530389008415 -97.5530364455574,26.0530393735846 -97.5530357411253,26.0530398045191 -97.5530350062092,26.0530401916946 -97.5530342441355,26.0530405333586 -97.5530334583534,26.0530408279646 -97.5530326524196,26.0530410741794 -97.5530318299817,26.0530412708883 -97.5530309947624,26.0530414172012 -97.5530301505419,26.0530415124557 -97.5530293011413,26.0530415562208 -97.5530293011413,26.0530415562208 -97.5530286988062,26.0530415877342 -97.553028100313,26.0530416567066 -97.5530275085133,26.0530417628095 -97.5530269262271,26.0530419055373 -97.5530263562288,26.0530420842099 -97.5530258012345,26.0530422979759 -97.5530252638886,26.0530425458167 -97.5530247467516,26.0530428265515 -97.5530242522875,26.0530431388425 -97.5530237828524,26.0530434812018 -97.5530233406832,26.0530438519979 -97.5530229278866,26.0530442494642 -97.5530225464297,26.0530446717067 -97.55302219813,26.0530451167134 -97.5530218846472,26.0530455823641 -97.5530216074749,26.0530460664399 -97.5530213679339,26.0530465666341 -97.5530211671656,26.0530470805636 -97.5530210061265,26.0530476057793 -97.5530208855841,26.0530481397789 -97.5530208061127,26.0530486800177 -97.5530207680909,26.0530492239215 -97.5530207717,26.0530497688989</coordinates></LineString></MultiGeometry>
  </Placemark>
  <Placemark id="lago_sec1sec2_map_vitto_20250623_RevA_non_hatch.643">
	<Style><LineStyle><color>ff0000ff</color></LineStyle><PolyStyle><fill>0</fill></PolyStyle></Style>
	<ExtendedData><SchemaData schemaUrl="#lago_sec1sec2_map_vitto_20250623_RevA_non_hatch">
		<SimpleData name="Layer">PLAT-DIM-EASEMENT-S2</SimpleData>
		<SimpleData name="SubClasses">AcDbEntity:AcDbPolyline</SimpleData>
		<SimpleData name="EntityHandle">AD1</SimpleData>
	</SchemaData></ExtendedData>
      <MultiGeometry><LineString><coordinates>-97.5530303776953,26.0530251276177 -97.5530225458187,26.0530381909999 -97.5530225458187,26.0530381909999 -97.5530223401808,26.0530385637707 -97.5530221630994,26.0530389483162 -97.553022015395,26.0530393428539 -97.5530218977523,26.0530397455551 -97.5530218107166,26.0530401545535 -97.5530217546913,26.0530405679532 -97.5530217299361,26.0530409838381 -97.5530217365656,26.0530414002807 -97.5530217745493,26.0530418153507 -97.553021843711,26.0530422271243 -97.5530219437301,26.0530426336929 -97.5530220741431,26.0530430331721 -97.5530220741431,26.0530430331721 -97.5530221505667,26.0530432678995 -97.5530222087479,26.0530435068565 -97.5530222484054,26.0530437488878 -97.5530222693475,26.0530439928232 -97.553022271473,26.0530442374835 -97.5530222547715,26.0530444816858 -97.5530222193238,26.0530447242494 -97.5530221653013,26.0530449640018 -97.5530220929652,26.0530451997837 -97.5530220026652,26.0530454304552 -97.5530218948378,26.0530456549012 -97.5530217700043,26.0530458720365</coordinates></LineString></MultiGeometry>
  </Placemark>
  <Placemark id="lago_sec1sec2_map_vitto_20250623_RevA_non_hatch.644">
	<Style><LineStyle><color>ff0000ff</color></LineStyle><PolyStyle><fill>0</fill></PolyStyle></Style>
	<ExtendedData><SchemaData schemaUrl="#lago_sec1sec2_map_vitto_20250623_RevA_non_hatch">
		<SimpleData name="Layer">PLAT-DIM-S2</SimpleData>
		<SimpleData name="SubClasses">AcDbEntity:AcDbLine</SimpleData>
		<SimpleData name="EntityHandle">AD2</SimpleData>
	</SchemaData></ExtendedData>
      <MultiGeometry><LineString><coordinates>-97.551316602856,26.0525740554163,0 -97.5512091076258,26.0525611675502,0</coordinates></LineString></MultiGeometry>
  </Placemark>
  <Placemark id="lago_sec1sec2_map_vitto_20250623_RevA_non_hatch.645">
	<Style><LineStyle><color>ff0000ff</color></LineStyle><PolyStyle><fill>0</fill></PolyStyle></Style>
	<ExtendedData><SchemaData schemaUrl="#lago_sec1sec2_map_vitto_20250623_RevA_non_hatch">
		<SimpleData name="Layer">PLAT-DIM-S2</SimpleData>
		<SimpleData name="SubClasses">AcDbEntity:AcDbTrace</SimpleData>
		<SimpleData name="EntityHandle">AD3</SimpleData>
	</SchemaData></ExtendedData>
      <MultiGeometry><Polygon><outerBoundaryIs><LinearRing><coordinates>-97.5513000440779,26.0525695724483 -97.5512993227491,26.052574481369 -97.5512833797705,26.0525700722285 -97.5513000440779,26.0525695724483</coordinates></LinearRing></outerBoundaryIs></Polygon></MultiGeometry>
  </Placemark>
  <Placemark id="lago_sec1sec2_map_vitto_20250623_RevA_non_hatch.646">
	<Style><LineStyle><color>ff0000ff</color></LineStyle><PolyStyle><fill>0</fill></PolyStyle></Style>
	<ExtendedData><SchemaData schemaUrl="#lago_sec1sec2_map_vitto_20250623_RevA_non_hatch">
		<SimpleData name="Layer">PLAT-DIM-S2</SimpleData>
		<SimpleData name="SubClasses">AcDbEntity:AcDbTrace</SimpleData>
		<SimpleData name="EntityHandle">AD4</SimpleData>
	</SchemaData></ExtendedData>
      <MultiGeometry><Polygon><outerBoundaryIs><LinearRing><coordinates>-97.5512087469594,26.0525636220103 -97.5512094682921,26.0525587130901 -97.5511928039858,26.0525592128594 -97.5512087469594,26.0525636220103</coordinates></LinearRing></outerBoundaryIs></Polygon></MultiGeometry>
  </Placemark>
  <Placemark id="lago_sec1sec2_map_vitto_20250623_RevA_non_hatch.647">
	<ExtendedData><SchemaData schemaUrl="#lago_sec1sec2_map_vitto_20250623_RevA_non_hatch">
		<SimpleData name="Layer">PLAT-DIM-S2</SimpleData>
		<SimpleData name="SubClasses">AcDbEntity:AcDbMText</SimpleData>
		<SimpleData name="EntityHandle">AD5</SimpleData>
		<SimpleData name="Text">30 FT. COMMON AREA</SimpleData>
	</SchemaData></ExtendedData>
      <MultiGeometry><Point><coordinates>-97.5513004597872,26.0526770250887,0</coordinates></Point></MultiGeometry>
  </Placemark>
  <Placemark id="lago_sec1sec2_map_vitto_20250623_RevA_non_hatch.648">
	<Style><LineStyle><color>ff0000ff</color></LineStyle><PolyStyle><fill>0</fill></PolyStyle></Style>
	<ExtendedData><SchemaData schemaUrl="#lago_sec1sec2_map_vitto_20250623_RevA_non_hatch">
		<SimpleData name="Layer">PLAT-DIM-S2</SimpleData>
		<SimpleData name="SubClasses">AcDbEntity:AcDbLine</SimpleData>
		<SimpleData name="EntityHandle">AD6</SimpleData>
	</SchemaData></ExtendedData>
      <MultiGeometry><LineString><coordinates>-97.551316602856,26.0525740554164,0 -97.5513138329424,26.0525924311172,0</coordinates></LineString></MultiGeometry>
  </Placemark>
  <Placemark id="lago_sec1sec2_map_vitto_20250623_RevA_non_hatch.649">
	<Style><LineStyle><color>ff0000ff</color></LineStyle><PolyStyle><fill>0</fill></PolyStyle></Style>
	<ExtendedData><SchemaData schemaUrl="#lago_sec1sec2_map_vitto_20250623_RevA_non_hatch">
		<SimpleData name="Layer">PLAT-DIM-EASEMENT-S2</SimpleData>
		<SimpleData name="SubClasses">AcDbEntity:AcDbLine</SimpleData>
		<SimpleData name="EntityHandle">AD7</SimpleData>
	</SchemaData></ExtendedData>
      <MultiGeometry><LineString><coordinates>-97.5529985476069,26.0526754089078,0 -97.5529985139872,26.0526654721078,0</coordinates></LineString></MultiGeometry>
  </Placemark>
  <Placemark id="lago_sec1sec2_map_vitto_20250623_RevA_non_hatch.650">
	<Style><LineStyle><color>ff0000ff</color></LineStyle><PolyStyle><fill>0</fill></PolyStyle></Style>
	<ExtendedData><SchemaData schemaUrl="#lago_sec1sec2_map_vitto_20250623_RevA_non_hatch">
		<SimpleData name="Layer">PLAT-DIM-EASEMENT-S2</SimpleData>
		<SimpleData name="SubClasses">AcDbEntity:AcDbLine</SimpleData>
		<SimpleData name="EntityHandle">AD8</SimpleData>
	</SchemaData></ExtendedData>
      <MultiGeometry><LineString><coordinates>-97.5530283905528,26.0526653896164,0 -97.5529985139872,26.0526654721078,0</coordinates></LineString></MultiGeometry>
  </Placemark>
  <Placemark id="lago_sec1sec2_map_vitto_20250623_RevA_non_hatch.651">
	<Style><LineStyle><color>ff0000ff</color></LineStyle><PolyStyle><fill>0</fill></PolyStyle></Style>
	<ExtendedData><SchemaData schemaUrl="#lago_sec1sec2_map_vitto_20250623_RevA_non_hatch">
		<SimpleData name="Layer">PLAT-DIM-EASEMENT-S2</SimpleData>
		<SimpleData name="SubClasses">AcDbEntity:AcDbLine</SimpleData>
		<SimpleData name="EntityHandle">AD9</SimpleData>
	</SchemaData></ExtendedData>
      <MultiGeometry><LineString><coordinates>-97.5530765119873,26.0526652567361,0 -97.553085389822,26.0526652322195,0</coordinates></LineString></MultiGeometry>
  </Placemark>
  <Placemark id="lago_sec1sec2_map_vitto_20250623_RevA_non_hatch.652">
	<Style><LineStyle><color>ff0000ff</color></LineStyle><PolyStyle><fill>0</fill></PolyStyle></Style>
	<ExtendedData><SchemaData schemaUrl="#lago_sec1sec2_map_vitto_20250623_RevA_non_hatch">
		<SimpleData name="Layer">PLAT-DIM-EASEMENT-S2</SimpleData>
		<SimpleData name="SubClasses">AcDbEntity:AcDbTrace</SimpleData>
		<SimpleData name="EntityHandle">ADA</SimpleData>
	</SchemaData></ExtendedData>
      <MultiGeometry><Polygon><outerBoundaryIs><LinearRing><coordinates>-97.5530283989305,26.0526678655912 -97.553028382175,26.0526629136416 -97.553044837119,26.0526653442035 -97.5530283989305,26.0526678655912</coordinates></LinearRing></outerBoundaryIs></Polygon></MultiGeometry>
  </Placemark>
  <Placemark id="lago_sec1sec2_map_vitto_20250623_RevA_non_hatch.653">
	<Style><LineStyle><color>ff0000ff</color></LineStyle><PolyStyle><fill>0</fill></PolyStyle></Style>
	<ExtendedData><SchemaData schemaUrl="#lago_sec1sec2_map_vitto_20250623_RevA_non_hatch">
		<SimpleData name="Layer">PLAT-DIM-EASEMENT-S2</SimpleData>
		<SimpleData name="SubClasses">AcDbEntity:AcDbTrace</SimpleData>
		<SimpleData name="EntityHandle">ADB</SimpleData>
	</SchemaData></ExtendedData>
      <MultiGeometry><Polygon><outerBoundaryIs><LinearRing><coordinates>-97.553076520366,26.0526677327109 -97.5530765036085,26.0526627807613 -97.5530600654211,26.0526653021528 -97.553076520366,26.0526677327109</coordinates></LinearRing></outerBoundaryIs></Polygon></MultiGeometry>
  </Placemark>
  <Placemark id="lago_sec1sec2_map_vitto_20250623_RevA_non_hatch.654">
	<ExtendedData><SchemaData schemaUrl="#lago_sec1sec2_map_vitto_20250623_RevA_non_hatch">
		<SimpleData name="Layer">PLAT-DIM-EASEMENT-S2</SimpleData>
		<SimpleData name="SubClasses">AcDbEntity:AcDbMText</SimpleData>
		<SimpleData name="EntityHandle">ADC</SimpleData>
		<SimpleData name="Text">5 FT. IRRIGATION EASEMENT</SimpleData>
	</SchemaData></ExtendedData>
      <MultiGeometry><Point><coordinates>-97.5529788888083,26.0526964907518,0</coordinates></Point></MultiGeometry>
  </Placemark>
  <Placemark id="lago_sec1sec2_map_vitto_20250623_RevA_non_hatch.655">
	<ExtendedData><SchemaData schemaUrl="#lago_sec1sec2_map_vitto_20250623_RevA_non_hatch">
		<SimpleData name="Layer">PLAT-TEXT-S2</SimpleData>
		<SimpleData name="SubClasses">AcDbEntity:AcDbMText</SimpleData>
		<SimpleData name="EntityHandle">ADD</SimpleData>
		<SimpleData name="Text">(7,135 SQ. FT.)</SimpleData>
	</SchemaData></ExtendedData>
      <MultiGeometry><Point><coordinates>-97.552866799834,26.0517436637369,0</coordinates></Point></MultiGeometry>
  </Placemark>
  <Placemark id="lago_sec1sec2_map_vitto_20250623_RevA_non_hatch.656">
	<ExtendedData><SchemaData schemaUrl="#lago_sec1sec2_map_vitto_20250623_RevA_non_hatch">
		<SimpleData name="Layer">PLAT-TEXT-S2</SimpleData>
		<SimpleData name="SubClasses">AcDbEntity:AcDbMText</SimpleData>
		<SimpleData name="EntityHandle">ADE</SimpleData>
		<SimpleData name="Text">(6,979 SQ. FT.)</SimpleData>
	</SchemaData></ExtendedData>
      <MultiGeometry><Point><coordinates>-97.5528645923393,26.0519060520837,0</coordinates></Point></MultiGeometry>
  </Placemark>
  <Placemark id="lago_sec1sec2_map_vitto_20250623_RevA_non_hatch.657">
	<ExtendedData><SchemaData schemaUrl="#lago_sec1sec2_map_vitto_20250623_RevA_non_hatch">
		<SimpleData name="Layer">PLAT-TEXT-S2</SimpleData>
		<SimpleData name="SubClasses">AcDbEntity:AcDbMText</SimpleData>
		<SimpleData name="EntityHandle">ADF</SimpleData>
		<SimpleData name="Text">(7,610 SQ. FT.)</SimpleData>
	</SchemaData></ExtendedData>
      <MultiGeometry><Point><coordinates>-97.5528699773121,26.0520836565748,0</coordinates></Point></MultiGeometry>
  </Placemark>
  <Placemark id="lago_sec1sec2_map_vitto_20250623_RevA_non_hatch.658">
	<ExtendedData><SchemaData schemaUrl="#lago_sec1sec2_map_vitto_20250623_RevA_non_hatch">
		<SimpleData name="Layer">PLAT-TEXT-S2</SimpleData>
		<SimpleData name="SubClasses">AcDbEntity:AcDbMText</SimpleData>
		<SimpleData name="EntityHandle">AE0</SimpleData>
		<SimpleData name="Text">(7,590 SQ. FT.)</SimpleData>
	</SchemaData></ExtendedData>
      <MultiGeometry><Point><coordinates>-97.5528785302731,26.0522847516735,0</coordinates></Point></MultiGeometry>
  </Placemark>
  <Placemark id="lago_sec1sec2_map_vitto_20250623_RevA_non_hatch.659">
	<ExtendedData><SchemaData schemaUrl="#lago_sec1sec2_map_vitto_20250623_RevA_non_hatch">
		<SimpleData name="Layer">PLAT-TEXT-S2</SimpleData>
		<SimpleData name="SubClasses">AcDbEntity:AcDbMText</SimpleData>
		<SimpleData name="EntityHandle">AE1</SimpleData>
		<SimpleData name="Text">(8,147 SQ. FT.)</SimpleData>
	</SchemaData></ExtendedData>
      <MultiGeometry><Point><coordinates>-97.5528917590375,26.0524743348336,0</coordinates></Point></MultiGeometry>
  </Placemark>
  <Placemark id="lago_sec1sec2_map_vitto_20250623_RevA_non_hatch.660">
	<ExtendedData><SchemaData schemaUrl="#lago_sec1sec2_map_vitto_20250623_RevA_non_hatch">
		<SimpleData name="Layer">PLAT-TEXT-S2</SimpleData>
		<SimpleData name="SubClasses">AcDbEntity:AcDbMText</SimpleData>
		<SimpleData name="EntityHandle">AE2</SimpleData>
		<SimpleData name="Text">(7,941 SQ. FT.)</SimpleData>
	</SchemaData></ExtendedData>
      <MultiGeometry><Point><coordinates>-97.5529037532025,26.0526766901421,0</coordinates></Point></MultiGeometry>
  </Placemark>
  <Placemark id="lago_sec1sec2_map_vitto_20250623_RevA_non_hatch.661">
	<ExtendedData><SchemaData schemaUrl="#lago_sec1sec2_map_vitto_20250623_RevA_non_hatch">
		<SimpleData name="Layer">PLAT-TEXT-S2</SimpleData>
		<SimpleData name="SubClasses">AcDbEntity:AcDbMText</SimpleData>
		<SimpleData name="EntityHandle">AE3</SimpleData>
		<SimpleData name="Text">(7,941 SQ. FT.)</SimpleData>
	</SchemaData></ExtendedData>
      <MultiGeometry><Point><coordinates>-97.5528911875599,26.0528851655996,0</coordinates></Point></MultiGeometry>
  </Placemark>
  <Placemark id="lago_sec1sec2_map_vitto_20250623_RevA_non_hatch.662">
	<ExtendedData><SchemaData schemaUrl="#lago_sec1sec2_map_vitto_20250623_RevA_non_hatch">
		<SimpleData name="Layer">PLAT-TEXT-S2</SimpleData>
		<SimpleData name="SubClasses">AcDbEntity:AcDbMText</SimpleData>
		<SimpleData name="EntityHandle">AE4</SimpleData>
		<SimpleData name="Text">(7,941 SQ. FT.)</SimpleData>
	</SchemaData></ExtendedData>
      <MultiGeometry><Point><coordinates>-97.5528819732566,26.0530813373826,0</coordinates></Point></MultiGeometry>
  </Placemark>
  <Placemark id="lago_sec1sec2_map_vitto_20250623_RevA_non_hatch.663">
	<ExtendedData><SchemaData schemaUrl="#lago_sec1sec2_map_vitto_20250623_RevA_non_hatch">
		<SimpleData name="Layer">PLAT-TEXT-S2</SimpleData>
		<SimpleData name="SubClasses">AcDbEntity:AcDbMText</SimpleData>
		<SimpleData name="EntityHandle">AE5</SimpleData>
		<SimpleData name="Text">(7,854 SQ. FT.)</SimpleData>
	</SchemaData></ExtendedData>
      <MultiGeometry><Point><coordinates>-97.552855487087,26.0532622074074,0</coordinates></Point></MultiGeometry>
  </Placemark>
  <Placemark id="lago_sec1sec2_map_vitto_20250623_RevA_non_hatch.664">
	<ExtendedData><SchemaData schemaUrl="#lago_sec1sec2_map_vitto_20250623_RevA_non_hatch">
		<SimpleData name="Layer">PLAT-TEXT-S2</SimpleData>
		<SimpleData name="SubClasses">AcDbEntity:AcDbMText</SimpleData>
		<SimpleData name="EntityHandle">AE6</SimpleData>
		<SimpleData name="Text">(11,151 SQ. FT.)</SimpleData>
	</SchemaData></ExtendedData>
      <MultiGeometry><Point><coordinates>-97.5528201624278,26.0535084304739,0</coordinates></Point></MultiGeometry>
  </Placemark>
  <Placemark id="lago_sec1sec2_map_vitto_20250623_RevA_non_hatch.665">
	<ExtendedData><SchemaData schemaUrl="#lago_sec1sec2_map_vitto_20250623_RevA_non_hatch">
		<SimpleData name="Layer">PLAT-TEXT-S2</SimpleData>
		<SimpleData name="SubClasses">AcDbEntity:AcDbMText</SimpleData>
		<SimpleData name="EntityHandle">AE7</SimpleData>
		<SimpleData name="Text">(12,888
 SQ. FT.)</SimpleData>
	</SchemaData></ExtendedData>
      <MultiGeometry><Point><coordinates>-97.552341492008,26.0537013557107,0</coordinates></Point></MultiGeometry>
  </Placemark>
  <Placemark id="lago_sec1sec2_map_vitto_20250623_RevA_non_hatch.666">
	<ExtendedData><SchemaData schemaUrl="#lago_sec1sec2_map_vitto_20250623_RevA_non_hatch">
		<SimpleData name="Layer">PLAT-TEXT-S2</SimpleData>
		<SimpleData name="SubClasses">AcDbEntity:AcDbMText</SimpleData>
		<SimpleData name="EntityHandle">AE8</SimpleData>
		<SimpleData name="Text">(12,498 SQ. FT.)</SimpleData>
	</SchemaData></ExtendedData>
      <MultiGeometry><Point><coordinates>-97.5523236414024,26.0534409463199,0</coordinates></Point></MultiGeometry>
  </Placemark>
  <Placemark id="lago_sec1sec2_map_vitto_20250623_RevA_non_hatch.667">
	<ExtendedData><SchemaData schemaUrl="#lago_sec1sec2_map_vitto_20250623_RevA_non_hatch">
		<SimpleData name="Layer">PLAT-TEXT-S2</SimpleData>
		<SimpleData name="SubClasses">AcDbEntity:AcDbMText</SimpleData>
		<SimpleData name="EntityHandle">AE9</SimpleData>
		<SimpleData name="Text">(12,747 SQ. FT.)</SimpleData>
	</SchemaData></ExtendedData>
      <MultiGeometry><Point><coordinates>-97.5523253335679,26.0531541317032,0</coordinates></Point></MultiGeometry>
  </Placemark>
  <Placemark id="lago_sec1sec2_map_vitto_20250623_RevA_non_hatch.668">
	<ExtendedData><SchemaData schemaUrl="#lago_sec1sec2_map_vitto_20250623_RevA_non_hatch">
		<SimpleData name="Layer">PLAT-TEXT-S2</SimpleData>
		<SimpleData name="SubClasses">AcDbEntity:AcDbMText</SimpleData>
		<SimpleData name="EntityHandle">AEA</SimpleData>
		<SimpleData name="Text">(13,719 SQ. FT.)</SimpleData>
	</SchemaData></ExtendedData>
      <MultiGeometry><Point><coordinates>-97.5523283123025,26.0528734024634,0</coordinates></Point></MultiGeometry>
  </Placemark>
  <Placemark id="lago_sec1sec2_map_vitto_20250623_RevA_non_hatch.669">
	<ExtendedData><SchemaData schemaUrl="#lago_sec1sec2_map_vitto_20250623_RevA_non_hatch">
		<SimpleData name="Layer">PLAT-TEXT-S2</SimpleData>
		<SimpleData name="SubClasses">AcDbEntity:AcDbMText</SimpleData>
		<SimpleData name="EntityHandle">AEB</SimpleData>
		<SimpleData name="Text">(13,862 SQ. FT.)</SimpleData>
	</SchemaData></ExtendedData>
      <MultiGeometry><Point><coordinates>-97.5523257267443,26.0525969405345,0</coordinates></Point></MultiGeometry>
  </Placemark>
  <Placemark id="lago_sec1sec2_map_vitto_20250623_RevA_non_hatch.670">
	<ExtendedData><SchemaData schemaUrl="#lago_sec1sec2_map_vitto_20250623_RevA_non_hatch">
		<SimpleData name="Layer">PLAT-TEXT-S2</SimpleData>
		<SimpleData name="SubClasses">AcDbEntity:AcDbMText</SimpleData>
		<SimpleData name="EntityHandle">AEC</SimpleData>
		<SimpleData name="Text">(13,855 SQ. FT.)</SimpleData>
	</SchemaData></ExtendedData>
      <MultiGeometry><Point><coordinates>-97.5523339484025,26.0523381744933,0</coordinates></Point></MultiGeometry>
  </Placemark>
  <Placemark id="lago_sec1sec2_map_vitto_20250623_RevA_non_hatch.671">
	<ExtendedData><SchemaData schemaUrl="#lago_sec1sec2_map_vitto_20250623_RevA_non_hatch">
		<SimpleData name="Layer">PLAT-TEXT-S2</SimpleData>
		<SimpleData name="SubClasses">AcDbEntity:AcDbMText</SimpleData>
		<SimpleData name="EntityHandle">AED</SimpleData>
		<SimpleData name="Text">(14,103 SQ. FT.)</SimpleData>
	</SchemaData></ExtendedData>
      <MultiGeometry><Point><coordinates>-97.5523080346992,26.0520572615704,0</coordinates></Point></MultiGeometry>
  </Placemark>
  <Placemark id="lago_sec1sec2_map_vitto_20250623_RevA_non_hatch.672">
	<ExtendedData><SchemaData schemaUrl="#lago_sec1sec2_map_vitto_20250623_RevA_non_hatch">
		<SimpleData name="Layer">PLAT-TEXT-S2</SimpleData>
		<SimpleData name="SubClasses">AcDbEntity:AcDbMText</SimpleData>
		<SimpleData name="EntityHandle">AEE</SimpleData>
		<SimpleData name="Text">(16,142 SQ. FT.)</SimpleData>
	</SchemaData></ExtendedData>
      <MultiGeometry><Point><coordinates>-97.5522993206238,26.0517794989571,0</coordinates></Point></MultiGeometry>
  </Placemark>
  <Placemark id="lago_sec1sec2_map_vitto_20250623_RevA_non_hatch.673">
	<ExtendedData><SchemaData schemaUrl="#lago_sec1sec2_map_vitto_20250623_RevA_non_hatch">
		<SimpleData name="Layer">PLAT-TEXT-S2</SimpleData>
		<SimpleData name="SubClasses">AcDbEntity:AcDbMText</SimpleData>
		<SimpleData name="EntityHandle">AEF</SimpleData>
		<SimpleData name="Text">(295,481 SQ. FT.)</SimpleData>
	</SchemaData></ExtendedData>
      <MultiGeometry><Point><coordinates>-97.5516652092983,26.0527381371503,0</coordinates></Point></MultiGeometry>
  </Placemark>
  <Placemark id="lago_sec1sec2_map_vitto_20250623_RevA_non_hatch.674">
	<Style><LineStyle><color>ff0000ff</color></LineStyle><PolyStyle><fill>0</fill></PolyStyle></Style>
	<ExtendedData><SchemaData schemaUrl="#lago_sec1sec2_map_vitto_20250623_RevA_non_hatch">
		<SimpleData name="Layer">PLAT-DIM-EASEMENT-S2</SimpleData>
		<SimpleData name="SubClasses">AcDbEntity:AcDbLine</SimpleData>
		<SimpleData name="EntityHandle">AF1</SimpleData>
	</SchemaData></ExtendedData>
      <MultiGeometry><LineString><coordinates>-97.5528257420668,26.052454184182,0 -97.5528265842921,26.0524706361473,0</coordinates></LineString></MultiGeometry>
  </Placemark>
  <Placemark id="lago_sec1sec2_map_vitto_20250623_RevA_non_hatch.675">
	<Style><LineStyle><color>ff0000ff</color></LineStyle><PolyStyle><fill>0</fill></PolyStyle></Style>
	<ExtendedData><SchemaData schemaUrl="#lago_sec1sec2_map_vitto_20250623_RevA_non_hatch">
		<SimpleData name="Layer">PLAT-DIM-EASEMENT-S2</SimpleData>
		<SimpleData name="SubClasses">AcDbEntity:AcDbLine</SimpleData>
		<SimpleData name="EntityHandle">AF2</SimpleData>
	</SchemaData></ExtendedData>
      <MultiGeometry><LineString><coordinates>-97.5527826188908,26.0524559854165,0 -97.5528257420668,26.052454184182,0</coordinates></LineString></MultiGeometry>
  </Placemark>
  <Placemark id="lago_sec1sec2_map_vitto_20250623_RevA_non_hatch.676">
	<Style><LineStyle><color>ff0000ff</color></LineStyle><PolyStyle><fill>0</fill></PolyStyle></Style>
	<ExtendedData><SchemaData schemaUrl="#lago_sec1sec2_map_vitto_20250623_RevA_non_hatch">
		<SimpleData name="Layer">PLAT-DIM-EASEMENT-S2</SimpleData>
		<SimpleData name="SubClasses">AcDbEntity:AcDbLine</SimpleData>
		<SimpleData name="EntityHandle">AF3</SimpleData>
	</SchemaData></ExtendedData>
      <MultiGeometry><LineString><coordinates>-97.5527029214551,26.0524595867879,0 -97.5526903996526,26.052460109808,0</coordinates></LineString></MultiGeometry>
  </Placemark>
  <Placemark id="lago_sec1sec2_map_vitto_20250623_RevA_non_hatch.677">
	<Style><LineStyle><color>ff0000ff</color></LineStyle><PolyStyle><fill>0</fill></PolyStyle></Style>
	<ExtendedData><SchemaData schemaUrl="#lago_sec1sec2_map_vitto_20250623_RevA_non_hatch">
		<SimpleData name="Layer">PLAT-DIM-EASEMENT-S2</SimpleData>
		<SimpleData name="SubClasses">AcDbEntity:AcDbTrace</SimpleData>
		<SimpleData name="EntityHandle">AF4</SimpleData>
	</SchemaData></ExtendedData>
      <MultiGeometry><Polygon><outerBoundaryIs><LinearRing><coordinates>-97.5527827455077,26.0524584587597 -97.5527824922739,26.0524535120732 -97.5527661898333,26.0524566716468 -97.5527827455077,26.0524584587597</coordinates></LinearRing></outerBoundaryIs></Polygon></MultiGeometry>
  </Placemark>
  <Placemark id="lago_sec1sec2_map_vitto_20250623_RevA_non_hatch.678">
	<Style><LineStyle><color>ff0000ff</color></LineStyle><PolyStyle><fill>0</fill></PolyStyle></Style>
	<ExtendedData><SchemaData schemaUrl="#lago_sec1sec2_map_vitto_20250623_RevA_non_hatch">
		<SimpleData name="Layer">PLAT-DIM-EASEMENT-S2</SimpleData>
		<SimpleData name="SubClasses">AcDbEntity:AcDbTrace</SimpleData>
		<SimpleData name="EntityHandle">AF5</SimpleData>
	</SchemaData></ExtendedData>
      <MultiGeometry><Polygon><outerBoundaryIs><LinearRing><coordinates>-97.5527030480702,26.0524620601313 -97.5527027948399,26.0524571134445 -97.5527193505133,26.052458900565 -97.5527030480702,26.0524620601313</coordinates></LinearRing></outerBoundaryIs></Polygon></MultiGeometry>
  </Placemark>
  <Placemark id="lago_sec1sec2_map_vitto_20250623_RevA_non_hatch.679">
	<Style><LineStyle><color>ff0000ff</color></LineStyle><PolyStyle><fill>0</fill></PolyStyle></Style>
	<ExtendedData><SchemaData schemaUrl="#lago_sec1sec2_map_vitto_20250623_RevA_non_hatch">
		<SimpleData name="Layer">PLAT-EASEMENT-S2</SimpleData>
		<SimpleData name="SubClasses">AcDbEntity:AcDbLine</SimpleData>
		<SimpleData name="Linetype">HIDDEN2</SimpleData>
		<SimpleData name="EntityHandle">AF6</SimpleData>
	</SchemaData></ExtendedData>
      <MultiGeometry><LineString><coordinates>-97.5522052403337,26.0536811102045,0 -97.552267778531,26.0539337900943,0</coordinates></LineString></MultiGeometry>
  </Placemark>
  <Placemark id="lago_sec1sec2_map_vitto_20250623_RevA_non_hatch.680">
	<Style><LineStyle><color>ff0000ff</color></LineStyle><PolyStyle><fill>0</fill></PolyStyle></Style>
	<ExtendedData><SchemaData schemaUrl="#lago_sec1sec2_map_vitto_20250623_RevA_non_hatch">
		<SimpleData name="Layer">PLAT-EASEMENT-S2</SimpleData>
		<SimpleData name="SubClasses">AcDbEntity:AcDbLine</SimpleData>
		<SimpleData name="Linetype">HIDDEN2</SimpleData>
		<SimpleData name="EntityHandle">AF7</SimpleData>
	</SchemaData></ExtendedData>
      <MultiGeometry><LineString><coordinates>-97.5521584675712,26.0520048739245,0 -97.5521618871993,26.0516304289111,0</coordinates></LineString></MultiGeometry>
  </Placemark>
  <Placemark id="lago_sec1sec2_map_vitto_20250623_RevA_non_hatch.681">
	<Style><LineStyle><color>ff0000ff</color></LineStyle><PolyStyle><fill>0</fill></PolyStyle></Style>
	<ExtendedData><SchemaData schemaUrl="#lago_sec1sec2_map_vitto_20250623_RevA_non_hatch">
		<SimpleData name="Layer">PLAT-EASEMENT-S2</SimpleData>
		<SimpleData name="SubClasses">AcDbEntity:AcDbLine</SimpleData>
		<SimpleData name="Linetype">HIDDEN2</SimpleData>
		<SimpleData name="EntityHandle">AF8</SimpleData>
	</SchemaData></ExtendedData>
      <MultiGeometry><LineString><coordinates>-97.5522052403337,26.0536811102045,0 -97.5521850145383,26.0524466744985,0</coordinates></LineString></MultiGeometry>
  </Placemark>
  <Placemark id="lago_sec1sec2_map_vitto_20250623_RevA_non_hatch.682">
	<Style><LineStyle><color>ff0000ff</color></LineStyle><PolyStyle><fill>0</fill></PolyStyle></Style>
	<ExtendedData><SchemaData schemaUrl="#lago_sec1sec2_map_vitto_20250623_RevA_non_hatch">
		<SimpleData name="Layer">PLAT-EASEMENT-S2</SimpleData>
		<SimpleData name="SubClasses">AcDbEntity:AcDbLine</SimpleData>
		<SimpleData name="Linetype">HIDDEN2</SimpleData>
		<SimpleData name="EntityHandle">AF9</SimpleData>
	</SchemaData></ExtendedData>
      <MultiGeometry><LineString><coordinates>-97.5521584675712,26.0520048739245,0 -97.5521850145383,26.0524466744985,0</coordinates></LineString></MultiGeometry>
  </Placemark>
  <Placemark id="lago_sec1sec2_map_vitto_20250623_RevA_non_hatch.683">
	<ExtendedData><SchemaData schemaUrl="#lago_sec1sec2_map_vitto_20250623_RevA_non_hatch">
		<SimpleData name="Layer">PLAT-DIM-EASEMENT-S2</SimpleData>
		<SimpleData name="SubClasses">AcDbEntity:AcDbMText</SimpleData>
		<SimpleData name="EntityHandle">AFA</SimpleData>
		<SimpleData name="Text">15 FT. ACCESS FOR RETENTION WALL MAINTENACE</SimpleData>
	</SchemaData></ExtendedData>
      <MultiGeometry><Point><coordinates>-97.5522095344189,26.0523772027376,0</coordinates></Point></MultiGeometry>
  </Placemark>
  <Placemark id="lago_sec1sec2_map_vitto_20250623_RevA_non_hatch.684">
	<Style><LineStyle><color>ff0000ff</color></LineStyle><PolyStyle><fill>0</fill></PolyStyle></Style>
	<ExtendedData><SchemaData schemaUrl="#lago_sec1sec2_map_vitto_20250623_RevA_non_hatch">
		<SimpleData name="Layer">PLAT-DIM-EASEMENT-S2</SimpleData>
		<SimpleData name="SubClasses">AcDbEntity:AcDbLine</SimpleData>
		<SimpleData name="EntityHandle">AFB</SimpleData>
	</SchemaData></ExtendedData>
      <MultiGeometry><LineString><coordinates>-97.5522219226795,26.0523003015023,0 -97.5522209581868,26.0522849606226,0</coordinates></LineString></MultiGeometry>
  </Placemark>
  <Placemark id="lago_sec1sec2_map_vitto_20250623_RevA_non_hatch.685">
	<Style><LineStyle><color>ff0000ff</color></LineStyle><PolyStyle><fill>0</fill></PolyStyle></Style>
	<ExtendedData><SchemaData schemaUrl="#lago_sec1sec2_map_vitto_20250623_RevA_non_hatch">
		<SimpleData name="Layer">PLAT-DIM-EASEMENT-S2</SimpleData>
		<SimpleData name="SubClasses">AcDbEntity:AcDbLine</SimpleData>
		<SimpleData name="EntityHandle">AFC</SimpleData>
	</SchemaData></ExtendedData>
      <MultiGeometry><LineString><coordinates>-97.5521298137279,26.0522894292139,0 -97.5522209581868,26.0522849606226,0</coordinates></LineString></MultiGeometry>
  </Placemark>
  <Placemark id="lago_sec1sec2_map_vitto_20250623_RevA_non_hatch.686">
	<Style><LineStyle><color>ff0000ff</color></LineStyle><PolyStyle><fill>0</fill></PolyStyle></Style>
	<ExtendedData><SchemaData schemaUrl="#lago_sec1sec2_map_vitto_20250623_RevA_non_hatch">
		<SimpleData name="Layer">PLAT-DIM-EASEMENT-S2</SimpleData>
		<SimpleData name="SubClasses">AcDbEntity:AcDbTrace</SimpleData>
		<SimpleData name="EntityHandle">AFD</SimpleData>
	</SchemaData></ExtendedData>
      <MultiGeometry><Polygon><outerBoundaryIs><LinearRing><coordinates>-97.5521408610447,26.052290540681 -97.5521406629672,26.0522872442182 -97.5521298137279,26.0522894292139 -97.5521408610447,26.052290540681</coordinates></LinearRing></outerBoundaryIs></Polygon></MultiGeometry>
  </Placemark>
  <Placemark id="lago_sec1sec2_map_vitto_20250623_RevA_non_hatch.687">
	<Style><LineStyle><color>ff0000ff</color></LineStyle><PolyStyle><fill>0</fill></PolyStyle></Style>
	<ExtendedData><SchemaData schemaUrl="#lago_sec1sec2_map_vitto_20250623_RevA_non_hatch">
		<SimpleData name="Layer">PLAT-DIM-EASEMENT-S2</SimpleData>
		<SimpleData name="SubClasses">AcDbEntity:AcDbTrace</SimpleData>
		<SimpleData name="EntityHandle">AFE</SimpleData>
	</SchemaData></ExtendedData>
      <MultiGeometry><Polygon><outerBoundaryIs><LinearRing><coordinates>-97.5521862807904,26.0522850076911 -97.5521864788691,26.0522883041539 -97.5521754315522,26.0522871926903 -97.5521862807904,26.0522850076911</coordinates></LinearRing></outerBoundaryIs></Polygon></MultiGeometry>
  </Placemark>
  <Placemark id="lago_sec1sec2_map_vitto_20250623_RevA_non_hatch.688">
	<ExtendedData><SchemaData schemaUrl="#lago_sec1sec2_map_vitto_20250623_RevA_non_hatch">
		<SimpleData name="Layer">PLAT-TEXT-S2</SimpleData>
		<SimpleData name="SubClasses">AcDbEntity:AcDbMText</SimpleData>
		<SimpleData name="EntityHandle">AFF</SimpleData>
		<SimpleData name="Text">(50 FT. PRIVATE ROAD &amp; UTILITY EASEMENT)</SimpleData>
	</SchemaData></ExtendedData>
      <MultiGeometry><Point><coordinates>-97.5526737049478,26.0525554675044,0</coordinates></Point></MultiGeometry>
  </Placemark>
  <Placemark id="lago_sec1sec2_map_vitto_20250623_RevA_non_hatch.689">
	<ExtendedData><SchemaData schemaUrl="#lago_sec1sec2_map_vitto_20250623_RevA_non_hatch">
		<SimpleData name="Layer">PLAT-TEXT-S2</SimpleData>
		<SimpleData name="SubClasses">AcDbEntity:AcDbMText</SimpleData>
		<SimpleData name="EntityHandle">B00</SimpleData>
		<SimpleData name="Text">(50 FT. PRIVATE ROAD
&amp; UTILITY EASEMENT)</SimpleData>
	</SchemaData></ExtendedData>
      <MultiGeometry><Point><coordinates>-97.5528651798995,26.0538111623176,0</coordinates></Point></MultiGeometry>
  </Placemark>
  <Placemark id="lago_sec1sec2_map_vitto_20250623_RevA_non_hatch.690">
	<Style><LineStyle><color>ff0000ff</color></LineStyle><PolyStyle><fill>0</fill></PolyStyle></Style>
	<ExtendedData><SchemaData schemaUrl="#lago_sec1sec2_map_vitto_20250623_RevA_non_hatch">
		<SimpleData name="Layer">PLAT-DIM-S2</SimpleData>
		<SimpleData name="SubClasses">AcDbEntity:AcDbPolyline</SimpleData>
		<SimpleData name="EntityHandle">B01</SimpleData>
	</SchemaData></ExtendedData>
      <MultiGeometry><LineString><coordinates>-97.5530307138119,26.0516731266183 -97.5530471531344,26.0516726877702 -97.5530471531344,26.0516726877702 -97.5532167012476,26.0516692470399 -97.5532167012476,26.0516692470399 -97.5532201774926,26.0516690919619 -97.5532236340654,26.0516687240918 -97.5532270550205,26.0516681451266 -97.5532304245763,26.0516673577373 -97.5532337271887,26.0516663655562 -97.5532369476221,26.0516651731603 -97.5532400710201,26.0516637860504 -97.5532430829741,26.0516622106254 -97.5532459695894,26.0516604541531 -97.5532487175496,26.0516585247362 -97.553251314178,26.0516564312756 -97.5532537474959,26.0516541834287 -97.5532560062779,26.0516517915651 -97.5532580801041,26.0516492667189 -97.5532599594075,26.0516466205376 -97.5532616355187,26.0516438652284 -97.5532631007055,26.0516410135021 -97.5532643482087,26.0516380785141 -97.5532653722735,26.0516350738039 -97.5532661681757,26.0516320132327 -97.5532667322436,26.0516289109195 -97.5532670618753,26.0516257811757 -97.5532671555501,26.0516226384392 -97.5532670128358,26.051619497208 -97.5532666343908,26.0516163719731 -97.5532666343908,26.0516163719731 -97.5532662484895,26.0516132957036 -97.5532660680752,26.0516102040399 -97.5532660938008,26.0516071081712 -97.5532663255732,26.051604019302 -97.5532667625536,26.0516009486114</coordinates></LineString></MultiGeometry>
  </Placemark>
  <Placemark id="lago_sec1sec2_map_vitto_20250623_RevA_non_hatch.691">
	<Style><LineStyle><color>ff0000ff</color></LineStyle><PolyStyle><fill>0</fill></PolyStyle></Style>
	<ExtendedData><SchemaData schemaUrl="#lago_sec1sec2_map_vitto_20250623_RevA_non_hatch">
		<SimpleData name="Layer">PLAT-DIM-EASEMENT-S2</SimpleData>
		<SimpleData name="SubClasses">AcDbEntity:AcDbLine</SimpleData>
		<SimpleData name="EntityHandle">B02</SimpleData>
	</SchemaData></ExtendedData>
      <MultiGeometry><LineString><coordinates>-97.5524468666275,26.0522889604152,0 -97.5524459391053,26.0522735250105,0</coordinates></LineString></MultiGeometry>
  </Placemark>
  <Placemark id="lago_sec1sec2_map_vitto_20250623_RevA_non_hatch.692">
	<Style><LineStyle><color>ff0000ff</color></LineStyle><PolyStyle><fill>0</fill></PolyStyle></Style>
	<ExtendedData><SchemaData schemaUrl="#lago_sec1sec2_map_vitto_20250623_RevA_non_hatch">
		<SimpleData name="Layer">PLAT-DIM-EASEMENT-S2</SimpleData>
		<SimpleData name="SubClasses">AcDbEntity:AcDbLine</SimpleData>
		<SimpleData name="EntityHandle">B03</SimpleData>
	</SchemaData></ExtendedData>
      <MultiGeometry><LineString><coordinates>-97.5525719781585,26.0522673453194,0 -97.5525884005691,26.0522665401207,0</coordinates></LineString></MultiGeometry>
  </Placemark>
  <Placemark id="lago_sec1sec2_map_vitto_20250623_RevA_non_hatch.693">
	<Style><LineStyle><color>ff0000ff</color></LineStyle><PolyStyle><fill>0</fill></PolyStyle></Style>
	<ExtendedData><SchemaData schemaUrl="#lago_sec1sec2_map_vitto_20250623_RevA_non_hatch">
		<SimpleData name="Layer">PLAT-DIM-EASEMENT-S2</SimpleData>
		<SimpleData name="SubClasses">AcDbEntity:AcDbLine</SimpleData>
		<SimpleData name="EntityHandle">B04</SimpleData>
	</SchemaData></ExtendedData>
      <MultiGeometry><LineString><coordinates>-97.5524783095896,26.0522719378975,0 -97.5524459391053,26.0522735250105,0</coordinates></LineString></MultiGeometry>
  </Placemark>
  <Placemark id="lago_sec1sec2_map_vitto_20250623_RevA_non_hatch.694">
	<Style><LineStyle><color>ff0000ff</color></LineStyle><PolyStyle><fill>0</fill></PolyStyle></Style>
	<ExtendedData><SchemaData schemaUrl="#lago_sec1sec2_map_vitto_20250623_RevA_non_hatch">
		<SimpleData name="Layer">PLAT-DIM-EASEMENT-S2</SimpleData>
		<SimpleData name="SubClasses">AcDbEntity:AcDbTrace</SimpleData>
		<SimpleData name="EntityHandle">B05</SimpleData>
	</SchemaData></ExtendedData>
      <MultiGeometry><Polygon><outerBoundaryIs><LinearRing><coordinates>-97.5525721267259,26.0522698176661 -97.552571829591,26.0522648729727 -97.5525555557476,26.0522681505162 -97.5525721267259,26.0522698176661</coordinates></LinearRing></outerBoundaryIs></Polygon></MultiGeometry>
  </Placemark>
  <Placemark id="lago_sec1sec2_map_vitto_20250623_RevA_non_hatch.695">
	<Style><LineStyle><color>ff0000ff</color></LineStyle><PolyStyle><fill>0</fill></PolyStyle></Style>
	<ExtendedData><SchemaData schemaUrl="#lago_sec1sec2_map_vitto_20250623_RevA_non_hatch">
		<SimpleData name="Layer">PLAT-DIM-EASEMENT-S2</SimpleData>
		<SimpleData name="SubClasses">AcDbEntity:AcDbTrace</SimpleData>
		<SimpleData name="EntityHandle">B06</SimpleData>
	</SchemaData></ExtendedData>
      <MultiGeometry><Polygon><outerBoundaryIs><LinearRing><coordinates>-97.552478458155,26.0522744102443 -97.5524781610242,26.0522694655507 -97.5524947320016,26.0522711327098 -97.552478458155,26.0522744102443</coordinates></LinearRing></outerBoundaryIs></Polygon></MultiGeometry>
  </Placemark>
  <Placemark id="lago_sec1sec2_map_vitto_20250623_RevA_non_hatch.696">
	<ExtendedData><SchemaData schemaUrl="#lago_sec1sec2_map_vitto_20250623_RevA_non_hatch">
		<SimpleData name="Layer">PLAT-DIM-EASEMENT-S2</SimpleData>
		<SimpleData name="SubClasses">AcDbEntity:AcDbMText</SimpleData>
		<SimpleData name="EntityHandle">B07</SimpleData>
		<SimpleData name="Text">20 FT. ERHWSC EASEMENT</SimpleData>
	</SchemaData></ExtendedData>
      <MultiGeometry><Point><coordinates>-97.5524534391804,26.0522824017472,0</coordinates></Point></MultiGeometry>
  </Placemark>
  <Placemark id="lago_sec1sec2_map_vitto_20250623_RevA_non_hatch.697">
	<ExtendedData><SchemaData schemaUrl="#lago_sec1sec2_map_vitto_20250623_RevA_non_hatch">
		<SimpleData name="Layer">PLAT-DIM-EASEMENT-S2</SimpleData>
		<SimpleData name="SubClasses">AcDbEntity:AcDbMText</SimpleData>
		<SimpleData name="EntityHandle">B09</SimpleData>
		<SimpleData name="Text">15 FT. ERHWSC EASEMENT</SimpleData>
	</SchemaData></ExtendedData>
      <MultiGeometry><Point><coordinates>-97.5528332390518,26.0524608101463,0</coordinates></Point></MultiGeometry>
  </Placemark>
  <Placemark id="lago_sec1sec2_map_vitto_20250623_RevA_non_hatch.698">
	<Style><LineStyle><color>ff0000ff</color></LineStyle><PolyStyle><fill>0</fill></PolyStyle></Style>
	<ExtendedData><SchemaData schemaUrl="#lago_sec1sec2_map_vitto_20250623_RevA_non_hatch">
		<SimpleData name="Layer">PLAT-DIM-EASEMENT-S2</SimpleData>
		<SimpleData name="SubClasses">AcDbEntity:AcDbPolyline</SimpleData>
		<SimpleData name="EntityHandle">B0B</SimpleData>
	</SchemaData></ExtendedData>
      <MultiGeometry><LineString><coordinates>-97.5527178347269,26.053710969462 -97.5527303116548,26.0537012903936 -97.5527303116548,26.0537012903936 -97.5527495697756,26.0536868962718 -97.5527693990152,26.053673149385 -97.5527693990152,26.053673149385 -97.5527701451256,26.053672615158 -97.5527708493383,26.0536720363863 -97.5527715084004,26.0536714157434 -97.5527721192674,26.0536707560964 -97.5527726791174,26.0536700604924 -97.5527731853644,26.0536693321447 -97.5527736356696,26.0536685744177 -97.5527740279531,26.0536677908118 -97.5527743604027,26.0536669849467 -97.5527746314827,26.053666160545 -97.5527748399408,26.053665321415 -97.5527749848142,26.0536644714329 -97.5527750654336,26.0536636145251 -97.5527750814265,26.05366275465 -97.5527750327191,26.0536618957797 -97.5527749195365,26.0536610418817 -97.5527749195365,26.0536610418817 -97.5527743308955,26.053656684029 -97.5527740494876,26.0536523012242</coordinates></LineString></MultiGeometry>
  </Placemark>
  <Placemark id="lago_sec1sec2_map_vitto_20250623_RevA_non_hatch.699">
	<Style><LineStyle><color>ff0000ff</color></LineStyle><PolyStyle><fill>0</fill></PolyStyle></Style>
	<ExtendedData><SchemaData schemaUrl="#lago_sec1sec2_map_vitto_20250623_RevA_non_hatch">
		<SimpleData name="Layer">PLAT-DIM-EASEMENT-S2</SimpleData>
		<SimpleData name="SubClasses">AcDbEntity:AcDbLine</SimpleData>
		<SimpleData name="EntityHandle">B0C</SimpleData>
	</SchemaData></ExtendedData>
      <MultiGeometry><LineString><coordinates>-97.5528489736483,26.0526515152239,0 -97.5528491780566,26.0526748945225,0</coordinates></LineString></MultiGeometry>
  </Placemark>
  <Placemark id="lago_sec1sec2_map_vitto_20250623_RevA_non_hatch.700">
	<Style><LineStyle><color>ff0000ff</color></LineStyle><PolyStyle><fill>0</fill></PolyStyle></Style>
	<ExtendedData><SchemaData schemaUrl="#lago_sec1sec2_map_vitto_20250623_RevA_non_hatch">
		<SimpleData name="Layer">PLAT-DIM-EASEMENT-S2</SimpleData>
		<SimpleData name="SubClasses">AcDbEntity:AcDbLine</SimpleData>
		<SimpleData name="EntityHandle">B0D</SimpleData>
	</SchemaData></ExtendedData>
      <MultiGeometry><LineString><coordinates>-97.5527542069562,26.0526523393021,0 -97.5527377610769,26.0526524823067,0</coordinates></LineString></MultiGeometry>
  </Placemark>
  <Placemark id="lago_sec1sec2_map_vitto_20250623_RevA_non_hatch.701">
	<Style><LineStyle><color>ff0000ff</color></LineStyle><PolyStyle><fill>0</fill></PolyStyle></Style>
	<ExtendedData><SchemaData schemaUrl="#lago_sec1sec2_map_vitto_20250623_RevA_non_hatch">
		<SimpleData name="Layer">PLAT-DIM-EASEMENT-S2</SimpleData>
		<SimpleData name="SubClasses">AcDbEntity:AcDbLine</SimpleData>
		<SimpleData name="EntityHandle">B0E</SimpleData>
	</SchemaData></ExtendedData>
      <MultiGeometry><LineString><coordinates>-97.5528175540463,26.0526517884516,0 -97.5528489736483,26.0526515152239,0</coordinates></LineString></MultiGeometry>
  </Placemark>
  <Placemark id="lago_sec1sec2_map_vitto_20250623_RevA_non_hatch.702">
	<Style><LineStyle><color>ff0000ff</color></LineStyle><PolyStyle><fill>0</fill></PolyStyle></Style>
	<ExtendedData><SchemaData schemaUrl="#lago_sec1sec2_map_vitto_20250623_RevA_non_hatch">
		<SimpleData name="Layer">PLAT-DIM-EASEMENT-S2</SimpleData>
		<SimpleData name="SubClasses">AcDbEntity:AcDbTrace</SimpleData>
		<SimpleData name="EntityHandle">B0F</SimpleData>
	</SchemaData></ExtendedData>
      <MultiGeometry><Polygon><outerBoundaryIs><LinearRing><coordinates>-97.5527542333412,26.0526548151737 -97.5527541805712,26.0526498634305 -97.5527706528354,26.0526521962956 -97.5527542333412,26.0526548151737</coordinates></LinearRing></outerBoundaryIs></Polygon></MultiGeometry>
  </Placemark>
  <Placemark id="lago_sec1sec2_map_vitto_20250623_RevA_non_hatch.703">
	<Style><LineStyle><color>ff0000ff</color></LineStyle><PolyStyle><fill>0</fill></PolyStyle></Style>
	<ExtendedData><SchemaData schemaUrl="#lago_sec1sec2_map_vitto_20250623_RevA_non_hatch">
		<SimpleData name="Layer">PLAT-DIM-EASEMENT-S2</SimpleData>
		<SimpleData name="SubClasses">AcDbEntity:AcDbTrace</SimpleData>
		<SimpleData name="EntityHandle">B10</SimpleData>
	</SchemaData></ExtendedData>
      <MultiGeometry><Polygon><outerBoundaryIs><LinearRing><coordinates>-97.5528175804327,26.0526542643232 -97.5528175276599,26.05264931258 -97.5528011081672,26.0526519314636 -97.5528175804327,26.0526542643232</coordinates></LinearRing></outerBoundaryIs></Polygon></MultiGeometry>
  </Placemark>
  <Placemark id="lago_sec1sec2_map_vitto_20250623_RevA_non_hatch.704">
	<ExtendedData><SchemaData schemaUrl="#lago_sec1sec2_map_vitto_20250623_RevA_non_hatch">
		<SimpleData name="Layer">PLAT-DIM-EASEMENT-S2</SimpleData>
		<SimpleData name="SubClasses">AcDbEntity:AcDbMText</SimpleData>
		<SimpleData name="EntityHandle">B11</SimpleData>
		<SimpleData name="Text">10 FT. BPUB UTILITY EASEMENT</SimpleData>
	</SchemaData></ExtendedData>
      <MultiGeometry><Point><coordinates>-97.5528540604834,26.0526537048128,0</coordinates></Point></MultiGeometry>
  </Placemark>
  <Placemark id="lago_sec1sec2_map_vitto_20250623_RevA_non_hatch.705">
	<Style><LineStyle><color>ff0000ff</color></LineStyle><PolyStyle><fill>0</fill></PolyStyle></Style>
	<ExtendedData><SchemaData schemaUrl="#lago_sec1sec2_map_vitto_20250623_RevA_non_hatch">
		<SimpleData name="Layer">PLAT-EASEMENT-S2</SimpleData>
		<SimpleData name="SubClasses">AcDbEntity:AcDbLine</SimpleData>
		<SimpleData name="EntityHandle">B13</SimpleData>
	</SchemaData></ExtendedData>
      <MultiGeometry><LineString><coordinates>-97.5525096549966,26.0525457105037,0 -97.5525090354598,26.052525151745,0</coordinates></LineString></MultiGeometry>
  </Placemark>
  <Placemark id="lago_sec1sec2_map_vitto_20250623_RevA_non_hatch.706">
	<Style><LineStyle><color>ff0000ff</color></LineStyle><PolyStyle><fill>0</fill></PolyStyle></Style>
	<ExtendedData><SchemaData schemaUrl="#lago_sec1sec2_map_vitto_20250623_RevA_non_hatch">
		<SimpleData name="Layer">PLAT-DIM-EASEMENT-S2</SimpleData>
		<SimpleData name="SubClasses">AcDbEntity:AcDbLine</SimpleData>
		<SimpleData name="EntityHandle">B14</SimpleData>
	</SchemaData></ExtendedData>
      <MultiGeometry><LineString><coordinates>-97.5524484607339,26.0525754428472,0 -97.5524478862295,26.0525563781106,0</coordinates></LineString></MultiGeometry>
  </Placemark>
  <Placemark id="lago_sec1sec2_map_vitto_20250623_RevA_non_hatch.707">
	<Style><LineStyle><color>ff0000ff</color></LineStyle><PolyStyle><fill>0</fill></PolyStyle></Style>
	<ExtendedData><SchemaData schemaUrl="#lago_sec1sec2_map_vitto_20250623_RevA_non_hatch">
		<SimpleData name="Layer">PLAT-DIM-EASEMENT-S2</SimpleData>
		<SimpleData name="SubClasses">AcDbEntity:AcDbLine</SimpleData>
		<SimpleData name="EntityHandle">B15</SimpleData>
	</SchemaData></ExtendedData>
      <MultiGeometry><LineString><coordinates>-97.5525263710299,26.0525544483377,0 -97.5525428115672,26.0525540440946,0</coordinates></LineString></MultiGeometry>
  </Placemark>
  <Placemark id="lago_sec1sec2_map_vitto_20250623_RevA_non_hatch.708">
	<Style><LineStyle><color>ff0000ff</color></LineStyle><PolyStyle><fill>0</fill></PolyStyle></Style>
	<ExtendedData><SchemaData schemaUrl="#lago_sec1sec2_map_vitto_20250623_RevA_non_hatch">
		<SimpleData name="Layer">PLAT-DIM-EASEMENT-S2</SimpleData>
		<SimpleData name="SubClasses">AcDbEntity:AcDbLine</SimpleData>
		<SimpleData name="EntityHandle">B16</SimpleData>
	</SchemaData></ExtendedData>
      <MultiGeometry><LineString><coordinates>-97.5524630445148,26.0525560054044,0 -97.5524478862295,26.0525563781106,0</coordinates></LineString></MultiGeometry>
  </Placemark>
  <Placemark id="lago_sec1sec2_map_vitto_20250623_RevA_non_hatch.709">
	<Style><LineStyle><color>ff0000ff</color></LineStyle><PolyStyle><fill>0</fill></PolyStyle></Style>
	<ExtendedData><SchemaData schemaUrl="#lago_sec1sec2_map_vitto_20250623_RevA_non_hatch">
		<SimpleData name="Layer">PLAT-DIM-EASEMENT-S2</SimpleData>
		<SimpleData name="SubClasses">AcDbEntity:AcDbTrace</SimpleData>
		<SimpleData name="EntityHandle">B17</SimpleData>
	</SchemaData></ExtendedData>
      <MultiGeometry><Polygon><outerBoundaryIs><LinearRing><coordinates>-97.5525264456163,26.0525569234072 -97.5525262964434,26.0525519732682 -97.5525099304925,26.0525548525789 -97.5525264456163,26.0525569234072</coordinates></LinearRing></outerBoundaryIs></Polygon></MultiGeometry>
  </Placemark>
  <Placemark id="lago_sec1sec2_map_vitto_20250623_RevA_non_hatch.710">
	<Style><LineStyle><color>ff0000ff</color></LineStyle><PolyStyle><fill>0</fill></PolyStyle></Style>
	<ExtendedData><SchemaData schemaUrl="#lago_sec1sec2_map_vitto_20250623_RevA_non_hatch">
		<SimpleData name="Layer">PLAT-DIM-EASEMENT-S2</SimpleData>
		<SimpleData name="SubClasses">AcDbEntity:AcDbTrace</SimpleData>
		<SimpleData name="EntityHandle">B18</SimpleData>
	</SchemaData></ExtendedData>
      <MultiGeometry><Polygon><outerBoundaryIs><LinearRing><coordinates>-97.5524631190998,26.0525584804739 -97.5524629699297,26.0525535303348 -97.5524794850525,26.0525556011687 -97.5524631190998,26.0525584804739</coordinates></LinearRing></outerBoundaryIs></Polygon></MultiGeometry>
  </Placemark>
  <Placemark id="lago_sec1sec2_map_vitto_20250623_RevA_non_hatch.711">
	<ExtendedData><SchemaData schemaUrl="#lago_sec1sec2_map_vitto_20250623_RevA_non_hatch">
		<SimpleData name="Layer">PLAT-DIM-EASEMENT-S2</SimpleData>
		<SimpleData name="SubClasses">AcDbEntity:AcDbMText</SimpleData>
		<SimpleData name="EntityHandle">B19</SimpleData>
		<SimpleData name="Text">10 FT. BPUB UTILITY EASEMENT</SimpleData>
	</SchemaData></ExtendedData>
      <MultiGeometry><Point><coordinates>-97.5524558057809,26.0525568872253,0</coordinates></Point></MultiGeometry>
  </Placemark>
  <Placemark id="lago_sec1sec2_map_vitto_20250623_RevA_non_hatch.712">
	<Style><LineStyle><color>ff0000ff</color></LineStyle><PolyStyle><fill>0</fill></PolyStyle></Style>
	<ExtendedData><SchemaData schemaUrl="#lago_sec1sec2_map_vitto_20250623_RevA_non_hatch">
		<SimpleData name="Layer">PLAT-DIM-EASEMENT-S2</SimpleData>
		<SimpleData name="SubClasses">AcDbEntity:AcDbLine</SimpleData>
		<SimpleData name="EntityHandle">B1B</SimpleData>
	</SchemaData></ExtendedData>
      <MultiGeometry><LineString><coordinates>-97.5522284130499,26.0517035995607,0 -97.55220850908,26.0517012134728,0</coordinates></LineString></MultiGeometry>
  </Placemark>
  <Placemark id="lago_sec1sec2_map_vitto_20250623_RevA_non_hatch.713">
	<Style><LineStyle><color>ff0000ff</color></LineStyle><PolyStyle><fill>0</fill></PolyStyle></Style>
	<ExtendedData><SchemaData schemaUrl="#lago_sec1sec2_map_vitto_20250623_RevA_non_hatch">
		<SimpleData name="Layer">PLAT-DIM-EASEMENT-S2</SimpleData>
		<SimpleData name="SubClasses">AcDbEntity:AcDbLine</SimpleData>
		<SimpleData name="EntityHandle">B1C</SimpleData>
	</SchemaData></ExtendedData>
      <MultiGeometry><LineString><coordinates>-97.5522200858927,26.0516224196094,0 -97.5522222496288,26.0516076928215,0</coordinates></LineString></MultiGeometry>
  </Placemark>
  <Placemark id="lago_sec1sec2_map_vitto_20250623_RevA_non_hatch.714">
	<Style><LineStyle><color>ff0000ff</color></LineStyle><PolyStyle><fill>0</fill></PolyStyle></Style>
	<ExtendedData><SchemaData schemaUrl="#lago_sec1sec2_map_vitto_20250623_RevA_non_hatch">
		<SimpleData name="Layer">PLAT-DIM-EASEMENT-S2</SimpleData>
		<SimpleData name="SubClasses">AcDbEntity:AcDbLine</SimpleData>
		<SimpleData name="EntityHandle">B1D</SimpleData>
	</SchemaData></ExtendedData>
      <MultiGeometry><LineString><coordinates>-97.5522107497657,26.0516859629724,0 -97.55220850908,26.0517012134728,0</coordinates></LineString></MultiGeometry>
  </Placemark>
  <Placemark id="lago_sec1sec2_map_vitto_20250623_RevA_non_hatch.715">
	<Style><LineStyle><color>ff0000ff</color></LineStyle><PolyStyle><fill>0</fill></PolyStyle></Style>
	<ExtendedData><SchemaData schemaUrl="#lago_sec1sec2_map_vitto_20250623_RevA_non_hatch">
		<SimpleData name="Layer">PLAT-DIM-EASEMENT-S2</SimpleData>
		<SimpleData name="SubClasses">AcDbEntity:AcDbTrace</SimpleData>
		<SimpleData name="EntityHandle">B1E</SimpleData>
	</SchemaData></ExtendedData>
      <MultiGeometry><Polygon><outerBoundaryIs><LinearRing><coordinates>-97.5522228031491,26.0516227453543 -97.5522173686363,26.0516220938645 -97.552217922156,26.0516371463974 -97.5522228031491,26.0516227453543</coordinates></LinearRing></outerBoundaryIs></Polygon></MultiGeometry>
  </Placemark>
  <Placemark id="lago_sec1sec2_map_vitto_20250623_RevA_non_hatch.716">
	<Style><LineStyle><color>ff0000ff</color></LineStyle><PolyStyle><fill>0</fill></PolyStyle></Style>
	<ExtendedData><SchemaData schemaUrl="#lago_sec1sec2_map_vitto_20250623_RevA_non_hatch">
		<SimpleData name="Layer">PLAT-DIM-EASEMENT-S2</SimpleData>
		<SimpleData name="SubClasses">AcDbEntity:AcDbTrace</SimpleData>
		<SimpleData name="EntityHandle">B1F</SimpleData>
	</SchemaData></ExtendedData>
      <MultiGeometry><Polygon><outerBoundaryIs><LinearRing><coordinates>-97.5522134670236,26.0516862887174 -97.5522080325079,26.0516856372272 -97.5522129135042,26.0516712361844 -97.5522134670236,26.0516862887174</coordinates></LinearRing></outerBoundaryIs></Polygon></MultiGeometry>
  </Placemark>
  <Placemark id="lago_sec1sec2_map_vitto_20250623_RevA_non_hatch.717">
	<ExtendedData><SchemaData schemaUrl="#lago_sec1sec2_map_vitto_20250623_RevA_non_hatch">
		<SimpleData name="Layer">PLAT-DIM-EASEMENT-S2</SimpleData>
		<SimpleData name="SubClasses">AcDbEntity:AcDbMText</SimpleData>
		<SimpleData name="EntityHandle">B20</SimpleData>
		<SimpleData name="Text">12.5 FT. DRAINAGE EASEMENT</SimpleData>
	</SchemaData></ExtendedData>
      <MultiGeometry><Point><coordinates>-97.552265311328,26.0517229718222,0</coordinates></Point></MultiGeometry>
  </Placemark>
  <Placemark id="lago_sec1sec2_map_vitto_20250623_RevA_non_hatch.718">
	<Style><LineStyle><color>ff0000ff</color></LineStyle><PolyStyle><fill>0</fill></PolyStyle></Style>
	<ExtendedData><SchemaData schemaUrl="#lago_sec1sec2_map_vitto_20250623_RevA_non_hatch">
		<SimpleData name="Layer">PLAT-DIM-EASEMENT-S2</SimpleData>
		<SimpleData name="SubClasses">AcDbEntity:AcDbLine</SimpleData>
		<SimpleData name="EntityHandle">B21</SimpleData>
	</SchemaData></ExtendedData>
      <MultiGeometry><LineString><coordinates>-97.5522337145719,26.0529961198161,0 -97.5522533197614,26.0529958577108,0</coordinates></LineString></MultiGeometry>
  </Placemark>
  <Placemark id="lago_sec1sec2_map_vitto_20250623_RevA_non_hatch.719">
	<Style><LineStyle><color>ff0000ff</color></LineStyle><PolyStyle><fill>0</fill></PolyStyle></Style>
	<ExtendedData><SchemaData schemaUrl="#lago_sec1sec2_map_vitto_20250623_RevA_non_hatch">
		<SimpleData name="Layer">PLAT-DIM-EASEMENT-S2</SimpleData>
		<SimpleData name="SubClasses">AcDbEntity:AcDbLine</SimpleData>
		<SimpleData name="EntityHandle">B22</SimpleData>
	</SchemaData></ExtendedData>
      <MultiGeometry><LineString><coordinates>-97.5522349471093,26.0530713433886,0 -97.5522351904968,26.0530861976807,0</coordinates></LineString></MultiGeometry>
  </Placemark>
  <Placemark id="lago_sec1sec2_map_vitto_20250623_RevA_non_hatch.720">
	<Style><LineStyle><color>ff0000ff</color></LineStyle><PolyStyle><fill>0</fill></PolyStyle></Style>
	<ExtendedData><SchemaData schemaUrl="#lago_sec1sec2_map_vitto_20250623_RevA_non_hatch">
		<SimpleData name="Layer">PLAT-DIM-EASEMENT-S2</SimpleData>
		<SimpleData name="SubClasses">AcDbEntity:AcDbLine</SimpleData>
		<SimpleData name="EntityHandle">B23</SimpleData>
	</SchemaData></ExtendedData>
      <MultiGeometry><LineString><coordinates>-97.5522341222962,26.0530210038433,0 -97.5522337145719,26.0529961198161,0</coordinates></LineString></MultiGeometry>
  </Placemark>
  <Placemark id="lago_sec1sec2_map_vitto_20250623_RevA_non_hatch.721">
	<Style><LineStyle><color>ff0000ff</color></LineStyle><PolyStyle><fill>0</fill></PolyStyle></Style>
	<ExtendedData><SchemaData schemaUrl="#lago_sec1sec2_map_vitto_20250623_RevA_non_hatch">
		<SimpleData name="Layer">PLAT-DIM-EASEMENT-S2</SimpleData>
		<SimpleData name="SubClasses">AcDbEntity:AcDbTrace</SimpleData>
		<SimpleData name="EntityHandle">B24</SimpleData>
	</SchemaData></ExtendedData>
      <MultiGeometry><Polygon><outerBoundaryIs><LinearRing><coordinates>-97.5522322062925,26.0530713800308 -97.552237687926,26.0530713067463 -97.5522347037217,26.0530564890965 -97.5522322062925,26.0530713800308</coordinates></LinearRing></outerBoundaryIs></Polygon></MultiGeometry>
  </Placemark>
  <Placemark id="lago_sec1sec2_map_vitto_20250623_RevA_non_hatch.722">
	<Style><LineStyle><color>ff0000ff</color></LineStyle><PolyStyle><fill>0</fill></PolyStyle></Style>
	<ExtendedData><SchemaData schemaUrl="#lago_sec1sec2_map_vitto_20250623_RevA_non_hatch">
		<SimpleData name="Layer">PLAT-DIM-EASEMENT-S2</SimpleData>
		<SimpleData name="SubClasses">AcDbEntity:AcDbTrace</SimpleData>
		<SimpleData name="EntityHandle">B25</SimpleData>
	</SchemaData></ExtendedData>
      <MultiGeometry><Polygon><outerBoundaryIs><LinearRing><coordinates>-97.5522313814806,26.0530210404856 -97.5522368631118,26.0530209672011 -97.5522343656836,26.0530358581354 -97.5522313814806,26.0530210404856</coordinates></LinearRing></outerBoundaryIs></Polygon></MultiGeometry>
  </Placemark>
  <Placemark id="lago_sec1sec2_map_vitto_20250623_RevA_non_hatch.723">
	<ExtendedData><SchemaData schemaUrl="#lago_sec1sec2_map_vitto_20250623_RevA_non_hatch">
		<SimpleData name="Layer">PLAT-DIM-EASEMENT-S2</SimpleData>
		<SimpleData name="SubClasses">AcDbEntity:AcDbMText</SimpleData>
		<SimpleData name="EntityHandle">B26</SimpleData>
		<SimpleData name="Text">7.5'</SimpleData>
	</SchemaData></ExtendedData>
      <MultiGeometry><Point><coordinates>-97.5522104639942,26.0529793416691,0</coordinates></Point></MultiGeometry>
  </Placemark>
  <Placemark id="lago_sec1sec2_map_vitto_20250623_RevA_non_hatch.724">
	<Style><LineStyle><color>ff0000ff</color></LineStyle><PolyStyle><fill>0</fill></PolyStyle></Style>
	<ExtendedData><SchemaData schemaUrl="#lago_sec1sec2_map_vitto_20250623_RevA_non_hatch">
		<SimpleData name="Layer">PLAT-DIM-EASEMENT-S2</SimpleData>
		<SimpleData name="SubClasses">AcDbEntity:AcDbLine</SimpleData>
		<SimpleData name="EntityHandle">B27</SimpleData>
	</SchemaData></ExtendedData>
      <MultiGeometry><LineString><coordinates>-97.5524179224236,26.0531163250171,0 -97.552438845515,26.0531160452651,0</coordinates></LineString></MultiGeometry>
  </Placemark>
  <Placemark id="lago_sec1sec2_map_vitto_20250623_RevA_non_hatch.725">
	<Style><LineStyle><color>ff0000ff</color></LineStyle><PolyStyle><fill>0</fill></PolyStyle></Style>
	<ExtendedData><SchemaData schemaUrl="#lago_sec1sec2_map_vitto_20250623_RevA_non_hatch">
		<SimpleData name="Layer">PLAT-DIM-EASEMENT-S2</SimpleData>
		<SimpleData name="SubClasses">AcDbEntity:AcDbLine</SimpleData>
		<SimpleData name="EntityHandle">B28</SimpleData>
	</SchemaData></ExtendedData>
      <MultiGeometry><LineString><coordinates>-97.5524386319518,26.0531030126235,0 -97.552438845515,26.0531160452651,0</coordinates></LineString></MultiGeometry>
  </Placemark>
  <Placemark id="lago_sec1sec2_map_vitto_20250623_RevA_non_hatch.726">
	<Style><LineStyle><color>ff0000ff</color></LineStyle><PolyStyle><fill>0</fill></PolyStyle></Style>
	<ExtendedData><SchemaData schemaUrl="#lago_sec1sec2_map_vitto_20250623_RevA_non_hatch">
		<SimpleData name="Layer">PLAT-DIM-EASEMENT-S2</SimpleData>
		<SimpleData name="SubClasses">AcDbEntity:AcDbLine</SimpleData>
		<SimpleData name="EntityHandle">B29</SimpleData>
	</SchemaData></ExtendedData>
      <MultiGeometry><LineString><coordinates>-97.5524375816651,26.0530389191055,0 -97.5524374281867,26.0530295531097,0</coordinates></LineString></MultiGeometry>
  </Placemark>
  <Placemark id="lago_sec1sec2_map_vitto_20250623_RevA_non_hatch.727">
	<Style><LineStyle><color>ff0000ff</color></LineStyle><PolyStyle><fill>0</fill></PolyStyle></Style>
	<ExtendedData><SchemaData schemaUrl="#lago_sec1sec2_map_vitto_20250623_RevA_non_hatch">
		<SimpleData name="Layer">PLAT-DIM-EASEMENT-S2</SimpleData>
		<SimpleData name="SubClasses">AcDbEntity:AcDbTrace</SimpleData>
		<SimpleData name="EntityHandle">B2A</SimpleData>
	</SchemaData></ExtendedData>
      <MultiGeometry><Polygon><outerBoundaryIs><LinearRing><coordinates>-97.5524358911343,26.0531030492697 -97.5524413727692,26.0531029759772 -97.5524383885376,26.0530881583317 -97.5524358911343,26.0531030492697</coordinates></LinearRing></outerBoundaryIs></Polygon></MultiGeometry>
  </Placemark>
  <Placemark id="lago_sec1sec2_map_vitto_20250623_RevA_non_hatch.728">
	<Style><LineStyle><color>ff0000ff</color></LineStyle><PolyStyle><fill>0</fill></PolyStyle></Style>
	<ExtendedData><SchemaData schemaUrl="#lago_sec1sec2_map_vitto_20250623_RevA_non_hatch">
		<SimpleData name="Layer">PLAT-DIM-EASEMENT-S2</SimpleData>
		<SimpleData name="SubClasses">AcDbEntity:AcDbTrace</SimpleData>
		<SimpleData name="EntityHandle">B2B</SimpleData>
	</SchemaData></ExtendedData>
      <MultiGeometry><Polygon><outerBoundaryIs><LinearRing><coordinates>-97.5524348408492,26.0530389557517 -97.5524403224811,26.0530388824592 -97.5524378250791,26.0530537733972 -97.5524348408492,26.0530389557517</coordinates></LinearRing></outerBoundaryIs></Polygon></MultiGeometry>
  </Placemark>
  <Placemark id="lago_sec1sec2_map_vitto_20250623_RevA_non_hatch.729">
	<ExtendedData><SchemaData schemaUrl="#lago_sec1sec2_map_vitto_20250623_RevA_non_hatch">
		<SimpleData name="Layer">PLAT-DIM-EASEMENT-S2</SimpleData>
		<SimpleData name="SubClasses">AcDbEntity:AcDbMText</SimpleData>
		<SimpleData name="EntityHandle">B2C</SimpleData>
		<SimpleData name="Text">12.5 FT. DRAINAGE 
EASEMENT</SimpleData>
	</SchemaData></ExtendedData>
      <MultiGeometry><Point><coordinates>-97.5522532655507,26.0531117312904,0</coordinates></Point></MultiGeometry>
  </Placemark>
  <Placemark id="lago_sec1sec2_map_vitto_20250623_RevA_non_hatch.730">
	<Style><LineStyle><color>ff0000ff</color></LineStyle><PolyStyle><fill>0</fill></PolyStyle></Style>
	<ExtendedData><SchemaData schemaUrl="#lago_sec1sec2_map_vitto_20250623_RevA_non_hatch">
		<SimpleData name="Layer">PLAT-DIM-EASEMENT-S2</SimpleData>
		<SimpleData name="SubClasses">AcDbEntity:AcDbLine</SimpleData>
		<SimpleData name="EntityHandle">B2D</SimpleData>
	</SchemaData></ExtendedData>
      <MultiGeometry><LineString><coordinates>-97.552336602925,26.0538617614526,0 -97.5523174775486,26.0538656235457,0</coordinates></LineString></MultiGeometry>
  </Placemark>
  <Placemark id="lago_sec1sec2_map_vitto_20250623_RevA_non_hatch.731">
	<Style><LineStyle><color>ff0000ff</color></LineStyle><PolyStyle><fill>0</fill></PolyStyle></Style>
	<ExtendedData><SchemaData schemaUrl="#lago_sec1sec2_map_vitto_20250623_RevA_non_hatch">
		<SimpleData name="Layer">PLAT-DIM-EASEMENT-S2</SimpleData>
		<SimpleData name="SubClasses">AcDbEntity:AcDbLine</SimpleData>
		<SimpleData name="EntityHandle">B2E</SimpleData>
	</SchemaData></ExtendedData>
      <MultiGeometry><LineString><coordinates>-97.5523226080746,26.0538863528919,0 -97.5523174775486,26.0538656235457,0</coordinates></LineString></MultiGeometry>
  </Placemark>
  <Placemark id="lago_sec1sec2_map_vitto_20250623_RevA_non_hatch.732">
	<Style><LineStyle><color>ff0000ff</color></LineStyle><PolyStyle><fill>0</fill></PolyStyle></Style>
	<ExtendedData><SchemaData schemaUrl="#lago_sec1sec2_map_vitto_20250623_RevA_non_hatch">
		<SimpleData name="Layer">PLAT-DIM-EASEMENT-S2</SimpleData>
		<SimpleData name="SubClasses">AcDbEntity:AcDbLine</SimpleData>
		<SimpleData name="EntityHandle">B2F</SimpleData>
	</SchemaData></ExtendedData>
      <MultiGeometry><LineString><coordinates>-97.5523347683411,26.0539354851289,0 -97.5523371895661,26.0539452678202,0</coordinates></LineString></MultiGeometry>
  </Placemark>
  <Placemark id="lago_sec1sec2_map_vitto_20250623_RevA_non_hatch.733">
	<Style><LineStyle><color>ff0000ff</color></LineStyle><PolyStyle><fill>0</fill></PolyStyle></Style>
	<ExtendedData><SchemaData schemaUrl="#lago_sec1sec2_map_vitto_20250623_RevA_non_hatch">
		<SimpleData name="Layer">PLAT-DIM-EASEMENT-S2</SimpleData>
		<SimpleData name="SubClasses">AcDbEntity:AcDbTrace</SimpleData>
		<SimpleData name="EntityHandle">B30</SimpleData>
	</SchemaData></ExtendedData>
      <MultiGeometry><Polygon><outerBoundaryIs><LinearRing><coordinates>-97.5523199329725,26.0538868930899 -97.5523252831766,26.0538858126939 -97.5523261963489,26.0539008509291 -97.5523199329725,26.0538868930899</coordinates></LinearRing></outerBoundaryIs></Polygon></MultiGeometry>
  </Placemark>
  <Placemark id="lago_sec1sec2_map_vitto_20250623_RevA_non_hatch.734">
	<Style><LineStyle><color>ff0000ff</color></LineStyle><PolyStyle><fill>0</fill></PolyStyle></Style>
	<ExtendedData><SchemaData schemaUrl="#lago_sec1sec2_map_vitto_20250623_RevA_non_hatch">
		<SimpleData name="Layer">PLAT-DIM-EASEMENT-S2</SimpleData>
		<SimpleData name="SubClasses">AcDbEntity:AcDbTrace</SimpleData>
		<SimpleData name="EntityHandle">B31</SimpleData>
	</SchemaData></ExtendedData>
      <MultiGeometry><Polygon><outerBoundaryIs><LinearRing><coordinates>-97.552332093238,26.053936025327 -97.5523374434443,26.0539349449306 -97.5523311800647,26.0539209870918 -97.552332093238,26.053936025327</coordinates></LinearRing></outerBoundaryIs></Polygon></MultiGeometry>
  </Placemark>
  <Placemark id="lago_sec1sec2_map_vitto_20250623_RevA_non_hatch.735">
	<ExtendedData><SchemaData schemaUrl="#lago_sec1sec2_map_vitto_20250623_RevA_non_hatch">
		<SimpleData name="Layer">PLAT-DIM-EASEMENT-S2</SimpleData>
		<SimpleData name="SubClasses">AcDbEntity:AcDbMText</SimpleData>
		<SimpleData name="EntityHandle">B32</SimpleData>
		<SimpleData name="Text">7.5 FT. DRAINAGE 
EASEMENT</SimpleData>
	</SchemaData></ExtendedData>
      <MultiGeometry><Point><coordinates>-97.5523965669821,26.0538550852126,0</coordinates></Point></MultiGeometry>
  </Placemark>
  <Placemark id="lago_sec1sec2_map_vitto_20250623_RevA_non_hatch.736">
	<Style><LineStyle><color>ff0000ff</color></LineStyle><PolyStyle><fill>0</fill></PolyStyle></Style>
	<ExtendedData><SchemaData schemaUrl="#lago_sec1sec2_map_vitto_20250623_RevA_non_hatch">
		<SimpleData name="Layer">PLAT-DIM-EASEMENT-S2</SimpleData>
		<SimpleData name="SubClasses">AcDbEntity:AcDbLine</SimpleData>
		<SimpleData name="EntityHandle">B33</SimpleData>
	</SchemaData></ExtendedData>
      <MultiGeometry><LineString><coordinates>-97.5524374551509,26.0539847713027,0 -97.552456951326,26.0539808343185,0</coordinates></LineString></MultiGeometry>
  </Placemark>
  <Placemark id="lago_sec1sec2_map_vitto_20250623_RevA_non_hatch.737">
	<Style><LineStyle><color>ff0000ff</color></LineStyle><PolyStyle><fill>0</fill></PolyStyle></Style>
	<ExtendedData><SchemaData schemaUrl="#lago_sec1sec2_map_vitto_20250623_RevA_non_hatch">
		<SimpleData name="Layer">PLAT-DIM-EASEMENT-S2</SimpleData>
		<SimpleData name="SubClasses">AcDbEntity:AcDbLine</SimpleData>
		<SimpleData name="EntityHandle">B34</SimpleData>
	</SchemaData></ExtendedData>
      <MultiGeometry><LineString><coordinates>-97.5524520743343,26.0539611294655,0 -97.552456951326,26.0539808343185,0</coordinates></LineString></MultiGeometry>
  </Placemark>
  <Placemark id="lago_sec1sec2_map_vitto_20250623_RevA_non_hatch.738">
	<Style><LineStyle><color>ff0000ff</color></LineStyle><PolyStyle><fill>0</fill></PolyStyle></Style>
	<ExtendedData><SchemaData schemaUrl="#lago_sec1sec2_map_vitto_20250623_RevA_non_hatch">
		<SimpleData name="Layer">PLAT-DIM-EASEMENT-S2</SimpleData>
		<SimpleData name="SubClasses">AcDbEntity:AcDbLine</SimpleData>
		<SimpleData name="EntityHandle">B35</SimpleData>
	</SchemaData></ExtendedData>
      <MultiGeometry><LineString><coordinates>-97.5524332690352,26.0538851490269,0 -97.5524302858512,26.0538730958386,0</coordinates></LineString></MultiGeometry>
  </Placemark>
  <Placemark id="lago_sec1sec2_map_vitto_20250623_RevA_non_hatch.739">
	<Style><LineStyle><color>ff0000ff</color></LineStyle><PolyStyle><fill>0</fill></PolyStyle></Style>
	<ExtendedData><SchemaData schemaUrl="#lago_sec1sec2_map_vitto_20250623_RevA_non_hatch">
		<SimpleData name="Layer">PLAT-DIM-EASEMENT-S2</SimpleData>
		<SimpleData name="SubClasses">AcDbEntity:AcDbTrace</SimpleData>
		<SimpleData name="EntityHandle">B36</SimpleData>
	</SchemaData></ExtendedData>
      <MultiGeometry><Polygon><outerBoundaryIs><LinearRing><coordinates>-97.5524493992311,26.0539616696659 -97.5524547494375,26.053960589265 -97.5524484860421,26.0539466314314 -97.5524493992311,26.0539616696659</coordinates></LinearRing></outerBoundaryIs></Polygon></MultiGeometry>
  </Placemark>
  <Placemark id="lago_sec1sec2_map_vitto_20250623_RevA_non_hatch.740">
	<Style><LineStyle><color>ff0000ff</color></LineStyle><PolyStyle><fill>0</fill></PolyStyle></Style>
	<ExtendedData><SchemaData schemaUrl="#lago_sec1sec2_map_vitto_20250623_RevA_non_hatch">
		<SimpleData name="Layer">PLAT-DIM-EASEMENT-S2</SimpleData>
		<SimpleData name="SubClasses">AcDbEntity:AcDbTrace</SimpleData>
		<SimpleData name="EntityHandle">B37</SimpleData>
	</SchemaData></ExtendedData>
      <MultiGeometry><Polygon><outerBoundaryIs><LinearRing><coordinates>-97.5524305939337,26.053885689227 -97.5524359441367,26.0538846088268 -97.5524368573236,26.0538996470612 -97.5524305939337,26.053885689227</coordinates></LinearRing></outerBoundaryIs></Polygon></MultiGeometry>
  </Placemark>
  <Placemark id="lago_sec1sec2_map_vitto_20250623_RevA_non_hatch.741">
	<Style><LineStyle><color>ff0000ff</color></LineStyle><PolyStyle><fill>0</fill></PolyStyle></Style>
	<ExtendedData><SchemaData schemaUrl="#lago_sec1sec2_map_vitto_20250623_RevA_non_hatch">
		<SimpleData name="Layer">PLAT-DIM-EASEMENT-S2</SimpleData>
		<SimpleData name="SubClasses">AcDbEntity:AcDbLine</SimpleData>
		<SimpleData name="EntityHandle">B38</SimpleData>
	</SchemaData></ExtendedData>
      <MultiGeometry><LineString><coordinates>-97.5529529013491,26.0517253093325,0 -97.5529299590588,26.0517241155067,0</coordinates></LineString></MultiGeometry>
  </Placemark>
  <Placemark id="lago_sec1sec2_map_vitto_20250623_RevA_non_hatch.742">
	<Style><LineStyle><color>ff0000ff</color></LineStyle><PolyStyle><fill>0</fill></PolyStyle></Style>
	<ExtendedData><SchemaData schemaUrl="#lago_sec1sec2_map_vitto_20250623_RevA_non_hatch">
		<SimpleData name="Layer">PLAT-DIM-EASEMENT-S2</SimpleData>
		<SimpleData name="SubClasses">AcDbEntity:AcDbLine</SimpleData>
		<SimpleData name="EntityHandle">B39</SimpleData>
	</SchemaData></ExtendedData>
      <MultiGeometry><LineString><coordinates>-97.5529538472282,26.0517104780058,0 -97.5529529013491,26.0517253093325,0</coordinates></LineString></MultiGeometry>
  </Placemark>
  <Placemark id="lago_sec1sec2_map_vitto_20250623_RevA_non_hatch.743">
	<Style><LineStyle><color>ff0000ff</color></LineStyle><PolyStyle><fill>0</fill></PolyStyle></Style>
	<ExtendedData><SchemaData schemaUrl="#lago_sec1sec2_map_vitto_20250623_RevA_non_hatch">
		<SimpleData name="Layer">PLAT-DIM-EASEMENT-S2</SimpleData>
		<SimpleData name="SubClasses">AcDbEntity:AcDbLine</SimpleData>
		<SimpleData name="EntityHandle">B3A</SimpleData>
	</SchemaData></ExtendedData>
      <MultiGeometry><LineString><coordinates>-97.552957490612,26.0516533499326,0 -97.5529580982448,26.0516438222768,0</coordinates></LineString></MultiGeometry>
  </Placemark>
  <Placemark id="lago_sec1sec2_map_vitto_20250623_RevA_non_hatch.744">
	<Style><LineStyle><color>ff0000ff</color></LineStyle><PolyStyle><fill>0</fill></PolyStyle></Style>
	<ExtendedData><SchemaData schemaUrl="#lago_sec1sec2_map_vitto_20250623_RevA_non_hatch">
		<SimpleData name="Layer">PLAT-DIM-EASEMENT-S2</SimpleData>
		<SimpleData name="SubClasses">AcDbEntity:AcDbTrace</SimpleData>
		<SimpleData name="EntityHandle">B3B</SimpleData>
	</SchemaData></ExtendedData>
      <MultiGeometry><Polygon><outerBoundaryIs><LinearRing><coordinates>-97.5529565837753,26.0517106204046 -97.5529511106811,26.0517103356069 -97.552954793107,26.0516956466791 -97.5529565837753,26.0517106204046</coordinates></LinearRing></outerBoundaryIs></Polygon></MultiGeometry>
  </Placemark>
  <Placemark id="lago_sec1sec2_map_vitto_20250623_RevA_non_hatch.745">
	<Style><LineStyle><color>ff0000ff</color></LineStyle><PolyStyle><fill>0</fill></PolyStyle></Style>
	<ExtendedData><SchemaData schemaUrl="#lago_sec1sec2_map_vitto_20250623_RevA_non_hatch">
		<SimpleData name="Layer">PLAT-DIM-EASEMENT-S2</SimpleData>
		<SimpleData name="SubClasses">AcDbEntity:AcDbTrace</SimpleData>
		<SimpleData name="EntityHandle">B3C</SimpleData>
	</SchemaData></ExtendedData>
      <MultiGeometry><Polygon><outerBoundaryIs><LinearRing><coordinates>-97.5529602271578,26.0516534923314 -97.5529547540663,26.0516532075338 -97.5529565447339,26.0516681812593 -97.5529602271578,26.0516534923314</coordinates></LinearRing></outerBoundaryIs></Polygon></MultiGeometry>
  </Placemark>
  <Placemark id="lago_sec1sec2_map_vitto_20250623_RevA_non_hatch.746">
	<ExtendedData><SchemaData schemaUrl="#lago_sec1sec2_map_vitto_20250623_RevA_non_hatch">
		<SimpleData name="Layer">PLAT-DIM-EASEMENT-S2</SimpleData>
		<SimpleData name="SubClasses">AcDbEntity:AcDbMText</SimpleData>
		<SimpleData name="EntityHandle">B3D</SimpleData>
		<SimpleData name="Text">10 FT. BPUB UTILITY EASEMENT</SimpleData>
	</SchemaData></ExtendedData>
      <MultiGeometry><Point><coordinates>-97.5528647779352,26.0517294829372,0</coordinates></Point></MultiGeometry>
  </Placemark>
  <Placemark id="lago_sec1sec2_map_vitto_20250623_RevA_non_hatch.747">
	<Style><LineStyle><color>ff0000ff</color></LineStyle><PolyStyle><fill>0</fill></PolyStyle></Style>
	<ExtendedData><SchemaData schemaUrl="#lago_sec1sec2_map_vitto_20250623_RevA_non_hatch">
		<SimpleData name="Layer">PLAT-DIM-EASEMENT-S2</SimpleData>
		<SimpleData name="SubClasses">AcDbEntity:AcDbLine</SimpleData>
		<SimpleData name="EntityHandle">B3E</SimpleData>
	</SchemaData></ExtendedData>
      <MultiGeometry><LineString><coordinates>-97.5524907973071,26.051712596759,0 -97.5524886336037,26.0517273235513,0</coordinates></LineString></MultiGeometry>
  </Placemark>
  <Placemark id="lago_sec1sec2_map_vitto_20250623_RevA_non_hatch.748">
	<Style><LineStyle><color>ff0000ff</color></LineStyle><PolyStyle><fill>0</fill></PolyStyle></Style>
	<ExtendedData><SchemaData schemaUrl="#lago_sec1sec2_map_vitto_20250623_RevA_non_hatch">
		<SimpleData name="Layer">PLAT-DIM-EASEMENT-S2</SimpleData>
		<SimpleData name="SubClasses">AcDbEntity:AcDbLine</SimpleData>
		<SimpleData name="EntityHandle">B3F</SimpleData>
	</SchemaData></ExtendedData>
      <MultiGeometry><LineString><coordinates>-97.5524991315667,26.0516558713365,0 -97.5525007262858,26.0516450172024,0</coordinates></LineString></MultiGeometry>
  </Placemark>
  <Placemark id="lago_sec1sec2_map_vitto_20250623_RevA_non_hatch.749">
	<Style><LineStyle><color>ff0000ff</color></LineStyle><PolyStyle><fill>0</fill></PolyStyle></Style>
	<ExtendedData><SchemaData schemaUrl="#lago_sec1sec2_map_vitto_20250623_RevA_non_hatch">
		<SimpleData name="Layer">PLAT-DIM-EASEMENT-S2</SimpleData>
		<SimpleData name="SubClasses">AcDbEntity:AcDbTrace</SimpleData>
		<SimpleData name="EntityHandle">B40</SimpleData>
	</SchemaData></ExtendedData>
      <MultiGeometry><Polygon><outerBoundaryIs><LinearRing><coordinates>-97.5524935145664,26.0517129224985 -97.5524880800478,26.0517122710193 -97.5524929610099,26.0516978699666 -97.5524935145664,26.0517129224985</coordinates></LinearRing></outerBoundaryIs></Polygon></MultiGeometry>
  </Placemark>
  <Placemark id="lago_sec1sec2_map_vitto_20250623_RevA_non_hatch.750">
	<Style><LineStyle><color>ff0000ff</color></LineStyle><PolyStyle><fill>0</fill></PolyStyle></Style>
	<ExtendedData><SchemaData schemaUrl="#lago_sec1sec2_map_vitto_20250623_RevA_non_hatch">
		<SimpleData name="Layer">PLAT-DIM-EASEMENT-S2</SimpleData>
		<SimpleData name="SubClasses">AcDbEntity:AcDbTrace</SimpleData>
		<SimpleData name="EntityHandle">B41</SimpleData>
	</SchemaData></ExtendedData>
      <MultiGeometry><Polygon><outerBoundaryIs><LinearRing><coordinates>-97.5525018488247,26.0516561970759 -97.5524964143087,26.051655545597 -97.5524969678655,26.0516705981289 -97.5525018488247,26.0516561970759</coordinates></LinearRing></outerBoundaryIs></Polygon></MultiGeometry>
  </Placemark>
  <Placemark id="lago_sec1sec2_map_vitto_20250623_RevA_non_hatch.751">
	<Style><LineStyle><color>ff0000ff</color></LineStyle><PolyStyle><fill>0</fill></PolyStyle></Style>
	<ExtendedData><SchemaData schemaUrl="#lago_sec1sec2_map_vitto_20250623_RevA_non_hatch">
		<SimpleData name="Layer">PLAT-DIM-EASEMENT-S2</SimpleData>
		<SimpleData name="SubClasses">AcDbEntity:AcDbLine</SimpleData>
		<SimpleData name="EntityHandle">B42</SimpleData>
	</SchemaData></ExtendedData>
      <MultiGeometry><LineString><coordinates>-97.5524886336037,26.0517273235513,0 -97.5524607848163,26.0517237552191,0</coordinates></LineString></MultiGeometry>
  </Placemark>
  <Placemark id="lago_sec1sec2_map_vitto_20250623_RevA_non_hatch.752">
	<ExtendedData><SchemaData schemaUrl="#lago_sec1sec2_map_vitto_20250623_RevA_non_hatch">
		<SimpleData name="Layer">PLAT-DIM-EASEMENT-S2</SimpleData>
		<SimpleData name="SubClasses">AcDbEntity:AcDbMText</SimpleData>
		<SimpleData name="EntityHandle">B43</SimpleData>
		<SimpleData name="Text">10 FT. BPUB UTILITY EASEMENT</SimpleData>
	</SchemaData></ExtendedData>
      <MultiGeometry><Point><coordinates>-97.5523979705198,26.0517263882975,0</coordinates></Point></MultiGeometry>
  </Placemark>
  <Placemark id="lago_sec1sec2_map_vitto_20250623_RevA_non_hatch.753">
	<Style><LineStyle><color>ff0000ff</color></LineStyle><PolyStyle><fill>0</fill></PolyStyle></Style>
	<ExtendedData><SchemaData schemaUrl="#lago_sec1sec2_map_vitto_20250623_RevA_non_hatch">
		<SimpleData name="Layer">PLAT-LOTLINE-S1</SimpleData>
		<SimpleData name="SubClasses">AcDbEntity:AcDbLine</SimpleData>
		<SimpleData name="EntityHandle">BEC</SimpleData>
	</SchemaData></ExtendedData>
      <MultiGeometry><LineString><coordinates>-97.551434269712,26.0515431998074,0 -97.55162471734,26.0502470934882,0</coordinates></LineString></MultiGeometry>
  </Placemark>
  <Placemark id="lago_sec1sec2_map_vitto_20250623_RevA_non_hatch.754">
	<Style><LineStyle><color>ff0000ff</color></LineStyle><PolyStyle><fill>0</fill></PolyStyle></Style>
	<ExtendedData><SchemaData schemaUrl="#lago_sec1sec2_map_vitto_20250623_RevA_non_hatch">
		<SimpleData name="Layer">PLAT-BORDER-S1</SimpleData>
		<SimpleData name="SubClasses">AcDbEntity:AcDbLine</SimpleData>
		<SimpleData name="EntityHandle">BF4</SimpleData>
	</SchemaData></ExtendedData>
      <MultiGeometry><LineString><coordinates>-97.5516673388029,26.0493297500028,0 -97.552316988236,26.049910091768,0</coordinates></LineString></MultiGeometry>
  </Placemark>
  <Placemark id="lago_sec1sec2_map_vitto_20250623_RevA_non_hatch.755">
	<Style><LineStyle><color>ff0000ff</color></LineStyle><PolyStyle><fill>0</fill></PolyStyle></Style>
	<ExtendedData><SchemaData schemaUrl="#lago_sec1sec2_map_vitto_20250623_RevA_non_hatch">
		<SimpleData name="Layer">PLAT-LOTLINE-S1</SimpleData>
		<SimpleData name="SubClasses">AcDbEntity:AcDbLine</SimpleData>
		<SimpleData name="EntityHandle">CA9</SimpleData>
	</SchemaData></ExtendedData>
      <MultiGeometry><LineString><coordinates>-97.5519826520799,26.0498242305393,0 -97.5521004376894,26.0497166448432,0</coordinates></LineString></MultiGeometry>
  </Placemark>
  <Placemark id="lago_sec1sec2_map_vitto_20250623_RevA_non_hatch.756">
	<Style><LineStyle><color>ff0000ff</color></LineStyle><PolyStyle><fill>0</fill></PolyStyle></Style>
	<ExtendedData><SchemaData schemaUrl="#lago_sec1sec2_map_vitto_20250623_RevA_non_hatch">
		<SimpleData name="Layer">PLAT-LOTLINE-S1-PROPOSED</SimpleData>
		<SimpleData name="SubClasses">AcDbEntity:AcDbLine</SimpleData>
		<SimpleData name="Linetype">HIDDEN2</SimpleData>
		<SimpleData name="EntityHandle">CC0</SimpleData>
	</SchemaData></ExtendedData>
      <MultiGeometry><LineString><coordinates>-97.55162471734,26.0502470934882,0 -97.5517211728322,26.049590646789,0</coordinates></LineString></MultiGeometry>
  </Placemark>
  <Placemark id="lago_sec1sec2_map_vitto_20250623_RevA_non_hatch.757">
	<Style><LineStyle><color>ff0000ff</color></LineStyle><PolyStyle><fill>0</fill></PolyStyle></Style>
	<ExtendedData><SchemaData schemaUrl="#lago_sec1sec2_map_vitto_20250623_RevA_non_hatch">
		<SimpleData name="Layer">PLAT-LOTLINE-S2</SimpleData>
		<SimpleData name="SubClasses">AcDbEntity:AcDbLine</SimpleData>
		<SimpleData name="EntityHandle">E0A</SimpleData>
	</SchemaData></ExtendedData>
      <MultiGeometry><LineString><coordinates>-97.5527198921549,26.0516855828165,0 -97.5527216122744,26.0516559561266,0</coordinates></LineString></MultiGeometry>
  </Placemark>
  <Placemark id="lago_sec1sec2_map_vitto_20250623_RevA_non_hatch.758">
	<Style><LineStyle><color>ff0000ff</color></LineStyle><PolyStyle><fill>0</fill></PolyStyle></Style>
	<ExtendedData><SchemaData schemaUrl="#lago_sec1sec2_map_vitto_20250623_RevA_non_hatch">
		<SimpleData name="Layer">PLAT-LOTLINE-S1</SimpleData>
		<SimpleData name="SubClasses">AcDbEntity:AcDbLine</SimpleData>
		<SimpleData name="EntityHandle">FC0</SimpleData>
	</SchemaData></ExtendedData>
      <MultiGeometry><LineString><coordinates>-97.5525136367442,26.05029856352,0 -97.5527704029521,26.0505279327622,0</coordinates></LineString></MultiGeometry>
  </Placemark>
  <Placemark id="lago_sec1sec2_map_vitto_20250623_RevA_non_hatch.759">
	<Style><LineStyle><color>ff0000ff</color></LineStyle><PolyStyle><fill>0</fill></PolyStyle></Style>
	<ExtendedData><SchemaData schemaUrl="#lago_sec1sec2_map_vitto_20250623_RevA_non_hatch">
		<SimpleData name="Layer">PLAT-LOTLINE-S1</SimpleData>
		<SimpleData name="SubClasses">AcDbEntity:AcDbLine</SimpleData>
		<SimpleData name="EntityHandle">1036</SimpleData>
	</SchemaData></ExtendedData>
      <MultiGeometry><LineString><coordinates>-97.5521599609755,26.0500599912445,0 -97.5522097454238,26.0501036792562,0</coordinates></LineString></MultiGeometry>
  </Placemark>
</Folder>
</Document></kml>
